{"type": "FeatureCollection", "features": [{"id": "0", "type": "Feature", "properties": {"county": "Pocahontas"}, "geometry": {"type": "Polygon", "coordinates": [[[-80.10701303761545, 38.055801483131695], [-80.16904889790435, 38.036109683197864], [-80.17849591532891, 38.04005172991105], [-80.18419091659295, 38.04077175436937], [-80.18863690517988, 38.0391127688724], [-80.19299392090106, 38.042305792910476], [-80.19775892217758, 38.042946813316675], [-80.20592688815286, 38.03756283571057], [-80.21034788327978, 38.03707385268655], [-80.2169849114609, 38.04269188996259], [-80.22216691489218, 38.04375391267987], [-80.22431290439191, 38.042060918236395], [-80.26465095945305, 38.046616057037134], [-80.36329356200329, 38.114331334837495], [-80.3600470838896, 38.225845474291205], [-80.35217055468114, 38.345337521696315], [-80.33026649679476, 38.33575848999428], [-80.24551764264024, 38.38845739080968], [-80.11691993288431, 38.47395318446679], [-80.02840383567623, 38.459166007985466], [-79.86324904067875, 38.550819912410844], [-79.86333204914622, 38.55379391189804], [-79.85928203824798, 38.56001390777082], [-79.85758205904648, 38.57181390410113], [-79.85568205535947, 38.57501390199112], [-79.85648208428053, 38.583613900799726], [-79.84928207000645, 38.59481289260046], [-79.84848208220542, 38.60081189057107], [-79.8422820654977, 38.608112883641894], [-79.84378209780903, 38.61601288300158], [-79.8466821315923, 38.62171288417966], [-79.84668215446287, 38.6296128823274], [-79.84419314727948, 38.6320558794946], [-79.84237512905091, 38.62941287849258], [-79.8383821036165, 38.62861287509836], [-79.83478208833863, 38.63041287138451], [-79.83044008147724, 38.636199865863546], [-79.82983308350387, 38.63794186482267], [-79.83228210654136, 38.6409128662774], [-79.83378213558237, 38.647611865882176], [-79.82788212401387, 38.65421185842684], [-79.82178209721104, 38.65611185197707], [-79.82038211522207, 38.66391184826782], [-79.81408211502085, 38.67371183892267], [-79.81458212765948, 38.67671183848075], [-79.80798211552728, 38.68291182967028], [-79.80898215009928, 38.691511827864524], [-79.8048821374834, 38.69361182280353], [-79.79823914059871, 38.70342081221642], [-79.80189916920826, 38.70664481508181], [-79.80248218381243, 38.71001081455336], [-79.79348216437475, 38.71601080237043], [-79.7933821837124, 38.72141080025785], [-79.78428217142414, 38.72881078700764], [-79.7813821803584, 38.73441078141274], [-79.78178219163863, 38.736910780880315], [-79.77748218364587, 38.73951077475708], [-79.77518217482678, 38.739710771954805], [-79.76688111914041, 38.734510764415525], [-79.75968109478102, 38.73601075531141], [-79.75838107969547, 38.73371075484363], [-79.75468106520178, 38.734010750383746], [-79.75528104077999, 38.727610754077475], [-79.75048001219498, 38.725810749411615], [-79.75087999726307, 38.72191175173757], [-79.74767998464297, 38.71951175126338], [-79.73947998423533, 38.718111749708065], [-79.73547896083868, 38.712011751484575], [-79.73077896577512, 38.712411749999056], [-79.7371789399651, 38.70741175411969], [-79.73727889148401, 38.69611175946736], [-79.73927787851662, 38.69340976132224], [-79.73767887149756, 38.691511761750135], [-79.74387884530822, 38.686411765995786], [-79.73897881917351, 38.6795127677965], [-79.73337881711785, 38.678112766754985], [-79.7253768270223, 38.67911076386201], [-79.71887785596799, 38.68481275929247], [-79.71017786590603, 38.685712756291025], [-79.70187684697945, 38.67991275638207], [-79.70227683603453, 38.67741275760884], [-79.69957682898254, 38.67531275771065], [-79.69777679103298, 38.666112761194775], [-79.6839757936064, 38.66441275759085], [-79.67857579914576, 38.664811755720166], [-79.67967483281137, 38.67291075263289], [-79.6775748500291, 38.67661075042339], [-79.67927585903725, 38.67901074992601], [-79.6785748718634, 38.68191074848663], [-79.66507490130054, 38.68661174248702], [-79.6613749187413, 38.6901117399561], [-79.64367489129695, 38.68071273845678], [-79.63387490368183, 38.68201273499542], [-79.6270748953587, 38.67891273413114], [-79.62617488796552, 38.67701273458086], [-79.62797487064002, 38.6732127365808], [-79.6347748383482, 38.66671374119295], [-79.63607481585255, 38.66161374358134], [-79.63067381251813, 38.65991374251974], [-79.62677283347027, 38.66421373963818], [-79.62577382573265, 38.66221374008332], [-79.61790481509833, 38.658364739027476], [-79.62517376068857, 38.646713745776744], [-79.63027374728948, 38.64441374834009], [-79.63434071007217, 38.636307752825395], [-79.62997370524053, 38.634413752075574], [-79.62737368812358, 38.62991475290851], [-79.62807367324564, 38.626514754447385], [-79.61947266434596, 38.622914752821345], [-79.61927265394071, 38.62041475368853], [-79.62272962475394, 38.614104757284416], [-79.62767261142686, 38.611814759918445], [-79.62707259539326, 38.60791476119009], [-79.63302358714286, 38.60700776368919], [-79.643374560338, 38.60249176921582], [-79.64227354982589, 38.599814769866754], [-79.64977351795777, 38.59361477510203], [-79.64917350739164, 38.591014775916065], [-79.65517346939264, 38.583115781356334], [-79.65611143933484, 38.57619478451525], [-79.65817342428527, 38.57301578660511], [-79.66287340967475, 38.57041578950243], [-79.65917337982917, 38.56271579118919], [-79.66257336788685, 38.56051579344399], [-79.66507336766637, 38.56091579427835], [-79.66727333073148, 38.55261579859168], [-79.6695733213104, 38.550815800273945], [-79.66917329825742, 38.545315802395486], [-79.67087327867003, 38.541015804887984], [-79.66687127032232, 38.53831680434108], [-79.67297222477022, 38.528716810906865], [-79.66677221095054, 38.52431681008762], [-79.66217217595104, 38.51521681184179], [-79.66847215864553, 38.512316815794755], [-79.67048413726043, 38.50765881861752], [-79.6740721461271, 38.510416819049205], [-79.68037214197312, 38.510616821738935], [-79.68297210033586, 38.50131682685094], [-79.68834311248618, 38.49618280208785], [-79.69227110832026, 38.496473805519024], [-79.69757016246466, 38.48722273732129], [-79.69546019814996, 38.48145369399959], [-79.6933952056311, 38.48018268486486], [-79.69947124215074, 38.47452664058152], [-79.69911826866385, 38.47028760843791], [-79.69558627403555, 38.4690576010113], [-79.69108430241995, 38.46374256439135], [-79.68836433962615, 38.456869516403586], [-79.68810337635064, 38.450443470005155], [-79.69147740624774, 38.44628243547234], [-79.68924542648737, 38.44213340806739], [-79.691741461456, 38.43706336713442], [-79.68966548962803, 38.431461329470196], [-79.69682953628661, 38.42675628137792], [-79.6952715508726, 38.42368426134937], [-79.69973257493479, 38.42186923851946], [-79.70663263581402, 38.41572917599728], [-79.70913866863442, 38.41206314121598], [-79.70896368500834, 38.40955212171815], [-79.71736377153657, 38.40156103544758], [-79.7226518812268, 38.389515920188146], [-79.7263489162147, 38.38706888789768], [-79.72951097607081, 38.38119282730578], [-79.7316970479107, 38.37337475217531], [-79.72678904167026, 38.37083074837174], [-79.72559608815882, 38.36382669349804], [-79.72666410454076, 38.36246667772535], [-79.7320581535095, 38.360166636271515], [-79.73530821194504, 38.355238579805295], [-79.74217627025516, 38.35324653289808], [-79.75555928750967, 38.357370566560014], [-79.76443130221234, 38.35651260530242], [-79.76726232919268, 38.353393593038014], [-79.76597934502557, 38.351289567802944], [-79.77034837464267, 38.34779856146482], [-79.767593400997, 38.34430051586728], [-79.77308946921373, 38.33552747228403], [-79.77927149695827, 38.33160747638911], [-79.78580549835046, 38.33109351179783], [-79.78698351640534, 38.32843549755417], [-79.79004451625815, 38.32823751483188], [-79.79654954395518, 38.32347851810948], [-79.79961658197223, 38.31714748913427], [-79.80232458471302, 38.31626250012567], [-79.81015363234553, 38.30670548172511], [-79.80993364456542, 38.3046794654197], [-79.80402569133815, 38.29862037905142], [-79.80277773434989, 38.29207132080332], [-79.79769474602915, 38.292002282947166], [-79.79165480888707, 38.28465118052487], [-79.7897908374379, 38.28116513864363], [-79.79000486284268, 38.27734910994803], [-79.78646689198267, 38.2746470604755], [-79.78894492525421, 38.26870103259279], [-79.79592092269372, 38.26555006467954], [-79.79829791185612, 38.265955087298124], [-79.80127292974751, 38.26147107766511], [-79.80633592498657, 38.259191102972075], [-79.8119888967397, 38.26039615925482], [-79.81570891275695, 38.25506515248189], [-79.81486393581056, 38.25156712027623], [-79.81962490685241, 38.24823015087357], [-79.82528289835798, 38.250486203174454], [-79.83088587427956, 38.24968724866235], [-79.83511278116417, 38.241895284483064], [-79.84521173301923, 38.24107237059019], [-79.85032564064224, 38.233322410932715], [-79.85697159488609, 38.2310654653851], [-79.86088952768877, 38.22524149434685], [-79.87393339515789, 38.21538359278659], [-79.87459337202951, 38.21297459589749], [-79.87924933915681, 38.210918630997035], [-79.88295429346118, 38.20693765613898], [-79.8864122911644, 38.207951684479454], [-79.89032126148449, 38.2058577127319], [-79.89291520415286, 38.199866725453504], [-79.89739415831401, 38.19584575456793], [-79.89733413846635, 38.19337975075978], [-79.90738606790222, 38.1879688186504], [-79.91440905273598, 38.18841687197853], [-79.91618101594433, 38.18422187799422], [-79.92007399320485, 38.18252790378128], [-79.92102497143725, 38.179952906091565], [-79.91645295867164, 38.1768158671465], [-79.91882190226791, 38.170115872404146], [-79.91792389118528, 38.1683978629659], [-79.91486289261476, 38.167722840088885], [-79.91620485433907, 38.163092841576855], [-79.91951384426416, 38.16264786391546], [-79.91866078638043, 38.154788843964404], [-79.92614173405781, 38.14955588495288], [-79.92868169582167, 38.14492689287231], [-79.92902965750079, 38.139769884939156], [-79.93274762601108, 38.136157901781594], [-79.94274559972892, 38.13433196223929], [-79.94525658195691, 38.13223797353645], [-79.94117253815644, 38.12526893195825], [-79.94324452103737, 38.12313394005429], [-79.94066550777816, 38.12087191904756], [-79.94146248242852, 38.117367916133105], [-79.93894444402643, 38.111626888277186], [-79.92968543308832, 38.109192828102564], [-79.9262914178264, 38.10681680340209], [-79.93510433869623, 38.09654583357493], [-79.94265429926676, 38.09129186456946], [-79.94728725529308, 38.085044875715184], [-79.954368223686, 38.080399902732054], [-79.95775616866099, 38.07204889954125], [-79.96164513946792, 38.067413907526834], [-79.95984211444059, 38.06369588868285], [-80.10701303761545, 38.055801483131695]]]}}, {"id": "1", "type": "Feature", "properties": {"county": "Putnam"}, "geometry": {"type": "Polygon", "coordinates": [[[-81.85079728786152, 38.421932875416644], [-81.90022227076864, 38.39857284879835], [-81.91519723843889, 38.32559780636827], [-81.98209421677731, 38.2767017626724], [-81.98449321711291, 38.277759762564415], [-81.98627121643776, 38.275965761161494], [-81.99115121628316, 38.27577275973898], [-81.99177421391455, 38.269085756144875], [-81.9935822134663, 38.26786975503358], [-81.9974062129854, 38.266605753354], [-82.00056721345672, 38.26810975320074], [-82.00178621460984, 38.27160175450914], [-82.00652421415928, 38.270878752287835], [-82.00938321466384, 38.27272075211214], [-82.01617021405504, 38.27178974898367], [-82.0153982166036, 38.279268753109534], [-82.01894921646179, 38.279349751763505], [-82.01892521726968, 38.281763753007304], [-82.02829121602129, 38.27936274812005], [-82.03168121627328, 38.28062874744311], [-82.03213621733286, 38.2839437489611], [-82.03579321705469, 38.28365374738409], [-82.03652121797678, 38.28661574861504], [-82.04074121741678, 38.28555474642375], [-82.04086621806913, 38.28760674742484], [-82.04451821767884, 38.28698474568005], [-82.04627921851583, 38.289907746487955], [-82.0488522185146, 38.29034274570562], [-82.0430942338321, 38.337278771971015], [-82.05037125410651, 38.40347480301135], [-82.0645623063946, 38.60798586865342], [-81.95579134686172, 38.657355915430884], [-81.74768341889127, 38.68413498159784], [-81.69634841342793, 38.62642798007979], [-81.72877539041416, 38.596219968737174], [-81.7389683883623, 38.59932696750107], [-81.741147386999, 38.597665966807696], [-81.74184338525549, 38.593828965976144], [-81.75054738138958, 38.5910149638463], [-81.75153437910538, 38.585830962595864], [-81.75590037608785, 38.58094496039231], [-81.75131437669046, 38.57951896149692], [-81.75053337412326, 38.57246596042886], [-81.74886537392362, 38.57071896046699], [-81.74985337262416, 38.56818995982535], [-81.74777837258914, 38.566464959875006], [-81.7500233706864, 38.563379958905244], [-81.74795536965009, 38.55912795849021], [-81.75014636757382, 38.55551895741853], [-81.74716436770285, 38.553563957603984], [-81.74909136491527, 38.54795395622785], [-81.75157936369271, 38.54647795532179], [-81.74915236302147, 38.54317695533593], [-81.7492833620151, 38.54071295485824], [-81.75391135991758, 38.53820095309566], [-81.75205135905394, 38.53489995304411], [-81.75537335791124, 38.53390995186515], [-81.75076335606816, 38.52652995188631], [-81.75410335435332, 38.52404595042523], [-81.74232135506473, 38.517900951881614], [-81.73975935368571, 38.51256595135015], [-81.74357635203134, 38.51113695041173], [-81.74241935140014, 38.50870795016807], [-81.73778335118404, 38.504854950276375], [-81.73173135239838, 38.50362295111837], [-81.73450635020798, 38.50009194997628], [-81.73290734923886, 38.497564948904596], [-81.73394734773481, 38.495420947545085], [-81.72924334237598, 38.48369294192021], [-81.72749834119406, 38.48078094061802], [-81.72532234148315, 38.48025294070035], [-81.72716233903515, 38.47682893849994], [-81.72199433920163, 38.47468493819772], [-81.72306633496562, 38.46777293420272], [-81.77711531180238, 38.447052910421775], [-81.8134432998245, 38.43510489333553], [-81.8147002985013, 38.43286089176553], [-81.81927629903102, 38.43530889173879], [-81.82283929569627, 38.429697887696285], [-81.82649229577382, 38.43095688730318], [-81.82874829520733, 38.4304928863969], [-81.8286682945741, 38.429180885719695], [-81.83490929377211, 38.42943688403587], [-81.83738829135004, 38.425196881053694], [-81.84377329076865, 38.42591687957779], [-81.85079728786152, 38.421932875416644]]]}}, {"id": "2", "type": "Feature", "properties": {"county": "Wetzel"}, "geometry": {"type": "Polygon", "coordinates": [[[-80.54664189082033, 39.721561410208864], [-80.42138612026976, 39.721187646602054], [-80.42223812317602, 39.7198556487254], [-80.4199631480821, 39.71589666537141], [-80.42037915826666, 39.71322567240509], [-80.41427918745859, 39.7116186905466], [-80.41162017932761, 39.71543068485261], [-80.40740618289321, 39.717750686923424], [-80.405210203357, 39.71510669974713], [-80.4067402070644, 39.713232702143266], [-80.40309725506148, 39.70620973166962], [-80.40356327007652, 39.70282274103063], [-80.40680626928918, 39.70033774133682], [-80.40578930355771, 39.69415876251965], [-80.3987943596281, 39.689047794399784], [-80.39524642034864, 39.680504829288566], [-80.39576843205752, 39.67779683648602], [-80.39864041934844, 39.677556830364395], [-80.40091242183887, 39.674878833192544], [-80.39859546240703, 39.66922085630464], [-80.40284044911205, 39.66749185125792], [-80.39925950461706, 39.66029888229762], [-80.40149551652752, 39.6554978915184], [-80.3948225671858, 39.653049915985825], [-80.39412158745726, 39.64998492734249], [-80.38964164318213, 39.64458395580664], [-80.39869064675067, 39.633230967582875], [-80.4036746217099, 39.63178995878444], [-80.40718359243071, 39.63312294538297], [-80.40722858090855, 39.63544893817364], [-80.41193152338214, 39.64135790791168], [-80.41994347071407, 39.642106884814645], [-80.4332834004216, 39.63912885874551], [-80.43657039893802, 39.63408186465271], [-80.43942838289776, 39.63344785889807], [-80.44338537116923, 39.62953885948992], [-80.43383946997531, 39.62026691182999], [-80.43756846697482, 39.61416191917254], [-80.443020436006, 39.61190991048847], [-80.44625740773422, 39.61333689747372], [-80.44941538717218, 39.61270589049362], [-80.44668143508396, 39.60442392139804], [-80.45043343409753, 39.59613993395375], [-80.45210742231193, 39.59574893023637], [-80.45378440063332, 39.5984719178639], [-80.45710737681229, 39.597881909994626], [-80.46184033003512, 39.601441886747764], [-80.4787692106364, 39.597331849471516], [-80.48080120074337, 39.594650850663356], [-80.47942321929249, 39.591183863726535], [-80.4824452040935, 39.586999865863916], [-80.48027622961568, 39.583406881615076], [-80.48774018157542, 39.576406877647685], [-80.49286813930469, 39.5756508642535], [-80.49101416509829, 39.57015188385016], [-80.4981561140832, 39.56289788048354], [-80.49371717101054, 39.552982919271905], [-80.49313518480102, 39.548179933302734], [-80.4945531755712, 39.54565393523311], [-80.49084021888694, 39.541456957723945], [-80.49080222453883, 39.538559965250975], [-80.48750025716161, 39.53852997592686], [-80.48634227202425, 39.53679498412475], [-80.48639828616004, 39.5293800030918], [-80.48406931981225, 39.52457902315632], [-80.48593230890846, 39.52037202789834], [-80.48261734527081, 39.51966304074006], [-80.4808653747614, 39.51460805977624], [-80.47752041441598, 39.512963075318076], [-80.47717042512032, 39.50996708439332], [-80.47320347072683, 39.50898810039792], [-80.47320847796564, 39.50601810828081], [-80.46741954922733, 39.503242135448986], [-80.47346646021998, 39.492653117796635], [-80.47178045262122, 39.486343118534315], [-80.47532339700359, 39.481749103445], [-80.47821736303688, 39.480703093303376], [-80.48368131797093, 39.483892077719275], [-80.48988524857313, 39.482513056623596], [-80.49253521377466, 39.48018304668433], [-80.49417118189349, 39.475211038678175], [-80.4928831849132, 39.47200104097138], [-80.49398914102042, 39.46114703153097], [-80.51405392879423, 39.45782253037946], [-80.51515992922916, 39.45226953300456], [-80.51880492930934, 39.44910353633184], [-80.51940092951632, 39.44642453764107], [-80.5177929299097, 39.44303253786231], [-80.51925493018712, 39.439033540166434], [-80.51559893050518, 39.43774053839284], [-80.52667293048835, 39.431121547506315], [-80.53316592992016, 39.43345955064467], [-80.53613192998603, 39.430920553369575], [-80.54452192968768, 39.429120559157305], [-80.54586392935927, 39.431927558964055], [-80.55081292890215, 39.43395856125479], [-80.55815392859127, 39.432929566119036], [-80.55788792820516, 39.43732356435019], [-80.55946092794107, 39.43926456459981], [-80.56861492741379, 39.43948957009836], [-80.57015492762876, 39.436215572246304], [-80.57880392730527, 39.43454057815101], [-80.57687692705014, 39.43847057551385], [-80.57772992642218, 39.444783573688156], [-80.58162292594146, 39.44765257498568], [-80.58112492570154, 39.45055757360075], [-80.58720192528716, 39.45137257697984], [-80.59236392522439, 39.44893758102395], [-80.59647192492689, 39.44967658323769], [-80.59783692558169, 39.44180058704102], [-80.59987092551802, 39.44127158847982], [-80.60167792519721, 39.44364558868085], [-80.60578892497156, 39.443617591192606], [-80.60954092454973, 39.44590659260238], [-80.60945292442229, 39.44732559200777], [-80.61374492387424, 39.45063359334832], [-80.6186299236258, 39.45037559640896], [-80.61975692331299, 39.45304359606644], [-80.63306192221889, 39.45676260267762], [-80.63447988840433, 39.46027778698449], [-80.63871188409463, 39.46130677994041], [-80.64072888997948, 39.46640077683605], [-80.64615188287297, 39.46696576764778], [-80.6495408822888, 39.46964776196626], [-80.65265287827837, 39.470066756658206], [-80.65711686526049, 39.466178748999084], [-80.66221186003109, 39.46766274033575], [-80.67110384152167, 39.46421272532162], [-80.67161184517815, 39.467135724353064], [-80.6696468542335, 39.471162727568924], [-80.67223186000835, 39.4776247228872], [-80.68022784804663, 39.47802070900656], [-80.68202483884914, 39.47356670619842], [-80.68599282843466, 39.47049369962149], [-80.69128282123758, 39.47109669051146], [-80.69294182242425, 39.47383868738889], [-80.71611978873045, 39.475529647201164], [-80.71563279236148, 39.47794764762665], [-80.71879878812139, 39.47857364202394], [-80.72033178803892, 39.48059163898759], [-80.71922479577147, 39.48572763997745], [-80.72270079625697, 39.49112063282567], [-80.73560577478257, 39.49113060992983], [-80.73450177901175, 39.49340161136751], [-80.73566078353085, 39.49959360786131], [-80.73999477863929, 39.502018595675686], [-80.73764678662187, 39.50579159187897], [-80.74181678140478, 39.50737058106149], [-80.74084678893335, 39.512821571240686], [-80.74918477919364, 39.51582155007213], [-80.7504327809583, 39.51840954288446], [-80.75368878109703, 39.51875653995164], [-80.7536157840738, 39.52129353468], [-80.75697578809292, 39.52503852460019], [-80.76179578851684, 39.52587251967442], [-80.76501178666626, 39.52454852029349], [-80.76932579207886, 39.52985250649584], [-80.78413079691661, 39.536284483806284], [-80.7846888020209, 39.54124947338652], [-80.78092580492684, 39.543370471423046], [-80.78283280609404, 39.54481046731421], [-80.78282880914087, 39.547703461440165], [-80.79184581150763, 39.551810447672345], [-80.79431081367301, 39.554493440808955], [-80.80217581248753, 39.55511643488628], [-80.8067058176194, 39.56157341942731], [-80.80976981719778, 39.561959416890886], [-80.81889280833202, 39.55478242560424], [-80.82320080705851, 39.55446042366584], [-80.82408780898164, 39.556858418490265], [-80.82193181377149, 39.56163841047616], [-80.82714181339483, 39.5627384053331], [-80.82995681507879, 39.56554339831027], [-80.82802181704925, 39.56720139621604], [-80.82957982011696, 39.5712553875268], [-80.82656982230894, 39.572741386334], [-80.82722382523463, 39.576316379068665], [-80.83161382423462, 39.57676937580049], [-80.83752682716246, 39.582548361552924], [-80.84372882612303, 39.58388335572474], [-80.84608082845013, 39.58782434703887], [-80.8489368285163, 39.58922634291496], [-80.84939083112373, 39.592765336024414], [-80.84494383625018, 39.597036330212596], [-80.84639083889837, 39.60108932184], [-80.85217983722856, 39.602046317208455], [-80.8860408091811, 39.58030833976364], [-80.93290780229728, 39.59975928167958], [-80.9437798007161, 39.6069242643721], [-80.93328980883888, 39.6148102560413], [-80.92583881358073, 39.61739425504963], [-80.91761781820814, 39.618701256519955], [-80.89220582940268, 39.616754271437564], [-80.88035783768613, 39.62070426967348], [-80.87542884532444, 39.628359257925055], [-80.87101785503191, 39.63896124039465], [-80.8697988612905, 39.6468932263362], [-80.86664386727394, 39.652614217019625], [-80.86522187744536, 39.66550719376473], [-80.866327889333, 39.68316516085079], [-80.86369589751533, 39.69172214583601], [-80.85199791195464, 39.69855813635568], [-80.84154492178257, 39.70022713600635], [-80.83387993080952, 39.70349513178384], [-80.82975594167655, 39.71211811624968], [-80.83154894642261, 39.71947310169164], [-80.83351094580166, 39.72081009869279], [-80.54664189082033, 39.721561410208864]]]}}, {"id": "3", "type": "Feature", "properties": {"county": "Boone"}, "geometry": {"type": "Polygon", "coordinates": [[[-81.57148397552673, 37.927808443527084], [-81.57053397237893, 37.92430743798672], [-81.56763297247466, 37.92420743774793], [-81.56733296937433, 37.92080743238251], [-81.56193296843297, 37.919407430021096], [-81.56433296240388, 37.91300742000328], [-81.56143296074738, 37.91100841676514], [-81.56143295900158, 37.909108413769665], [-81.56423295295319, 37.902708403767996], [-81.55943294818479, 37.897208394943625], [-81.55383194584519, 37.894309390187736], [-81.55812694099326, 37.889304382435775], [-81.56133194044669, 37.88890838191964], [-81.56342593797363, 37.886345377950576], [-81.5634159352658, 37.883396373301906], [-81.55933193449314, 37.882308371444395], [-81.56003193151302, 37.87910836642309], [-81.55813192986994, 37.87720836335925], [-81.56413192688079, 37.87430835900299], [-81.56763192045376, 37.867508348416074], [-81.56273191868898, 37.86530834476512], [-81.56413191476074, 37.86110933819978], [-81.56363191102086, 37.857009331718146], [-81.56103191032375, 37.85610933019759], [-81.56163189752257, 37.84220930830734], [-81.5577308941183, 37.838309301994464], [-81.55783088942358, 37.83320929395517], [-81.5523308818429, 37.82470928030524], [-81.54953088196315, 37.82470928018098], [-81.54693088511739, 37.828009285276124], [-81.54443088439623, 37.8271092837451], [-81.54203088616205, 37.828909286483096], [-81.53942988239777, 37.82471027973427], [-81.53232988372032, 37.82581028115864], [-81.52872988183863, 37.82361027751925], [-81.52762987938485, 37.8209102731985], [-81.5206298800507, 37.821310273516765], [-81.51682887770399, 37.818610269069424], [-81.51992887479135, 37.81561026445995], [-81.51862887085348, 37.811310257590804], [-81.52112886036409, 37.800110239975524], [-81.51422785235515, 37.7912112255424], [-81.51802885017743, 37.7890112222479], [-81.51882884773617, 37.78641121817081], [-81.53042885038839, 37.78971022397659], [-81.53572884391502, 37.78291021349293], [-81.54042984449563, 37.78371121499947], [-81.54363084088045, 37.77991120916106], [-81.54833083961846, 37.77871120750981], [-81.54873083757776, 37.77651120405755], [-81.5589298349475, 37.774010200647005], [-81.56282982903632, 37.767710190921704], [-81.5675298288011, 37.76761019101679], [-81.56992982570182, 37.76431018594779], [-81.5765298245897, 37.76331018473217], [-81.58273082943448, 37.76881019372183], [-81.58523083419998, 37.77411020219082], [-81.58321083637145, 37.776415205710094], [-81.59653184267792, 37.7838102180231], [-81.59693184530653, 37.78671022259865], [-81.60753184675583, 37.78870922627171], [-81.61323185009526, 37.79260923267382], [-81.61403185433124, 37.79730924008274], [-81.62043285762799, 37.80120924650643], [-81.62583285642845, 37.80010924504439], [-81.62833285850476, 37.8025092489228], [-81.63233285916542, 37.803409250523345], [-81.63153286208751, 37.80660925549316], [-81.6354328659968, 37.81110826271606], [-81.64403386916631, 37.815008269212655], [-81.64643387158927, 37.81780827369823], [-81.64683387373327, 37.82020827746649], [-81.64403387655332, 37.8232082820291], [-81.65013387863216, 37.825808286362474], [-81.64803388277276, 37.83030829330011], [-81.64983388341295, 37.83110829462795], [-81.65473388094944, 37.82860829093722], [-81.65873488598062, 37.834408300163496], [-81.66103488390328, 37.832208296829485], [-81.66553488433006, 37.832908298115264], [-81.66753488092638, 37.8292082924326], [-81.67283488024633, 37.82870829188477], [-81.67503488256312, 37.831407296185695], [-81.67993488163117, 37.830607295152106], [-81.68203487716467, 37.82570728761528], [-81.68883587562362, 37.824307285738136], [-81.69093587321798, 37.82170728178778], [-81.69683587287957, 37.82160728189711], [-81.69863587502591, 37.824107285862915], [-81.70083587351017, 37.822507283474955], [-81.70213586901396, 37.81750727576598], [-81.70793586433935, 37.8125072682679], [-81.71433586169059, 37.80980726437595], [-81.71843586276637, 37.81120726673901], [-81.72313586116458, 37.80960726447807], [-81.72463686507993, 37.81410727152218], [-81.73263686713511, 37.81680727607189], [-81.73043687048931, 37.82050728170186], [-81.73063687418531, 37.82470728821557], [-81.73943687451151, 37.82550728984397], [-81.74473787744712, 37.82910729564565], [-81.74693788420153, 37.83690630779941], [-81.75043888576404, 37.83833431003701], [-81.74633788809462, 37.84130631457708], [-81.7459378905735, 37.84410631888984], [-81.7527378940722, 37.84520632014244], [-81.7544378986035, 37.84850632486409], [-81.75873790417717, 37.85010632637726], [-81.76233790677827, 37.8490063238696], [-81.76723891717535, 37.855906333462116], [-81.77443892239674, 37.85380632860501], [-81.77443892654352, 37.85910633682351], [-81.77163892613031, 37.86190634178435], [-81.78223893997287, 37.86720534766661], [-81.78173894147842, 37.869805351812275], [-81.77383893610148, 37.872005356956855], [-81.772038938299, 37.87680536479174], [-81.7690389362459, 37.877505366530286], [-81.7644389366837, 37.88290537589451], [-81.75913893404176, 37.88510538044734], [-81.76053893689028, 37.88710538324014], [-81.75993893874049, 37.88990538770299], [-81.75703893857118, 37.892505392349406], [-81.75953894076575, 37.89270539212222], [-81.75893894382001, 37.89690539875017], [-81.76063894809573, 37.900405403804015], [-81.7596389498365, 37.903405408659744], [-81.76193895102115, 37.90270540708759], [-81.76443895508382, 37.905305410582514], [-81.76063895721099, 37.911305420674786], [-81.77253996724757, 37.912904420645525], [-81.77383997070903, 37.9161044253337], [-81.7722399722488, 37.91950443093999], [-81.7740399762621, 37.923004435990734], [-81.7820399861606, 37.92880444332732], [-81.78244098785609, 37.93070444619371], [-81.77993998779961, 37.93280444996947], [-81.78144099006391, 37.934504452298484], [-81.78564099418354, 37.93640445438439], [-81.7884409953913, 37.935604452566096], [-81.78984099773527, 37.93760445538591], [-81.79234099803915, 37.93580445207485], [-81.80114100402452, 37.936304451043405], [-81.8020410070966, 37.94000445661722], [-81.8063410097193, 37.93990445558103], [-81.81456701945666, 37.947240465333685], [-81.86114404773483, 37.94830345753483], [-81.90184507551503, 37.96110246945919], [-81.90244507810401, 37.969102481958174], [-81.91094608300297, 37.97130148374183], [-81.91234608473323, 37.9755014900981], [-81.93684709694061, 37.977401488273784], [-81.95064710303348, 37.9719014768249], [-81.95284710433346, 37.97420148004133], [-81.95774710677004, 37.97460147970861], [-81.96294810949755, 37.97840148472341], [-81.96774811175698, 37.97760048250467], [-81.97584811561956, 37.98140048696215], [-81.98034811760073, 37.986400494048034], [-81.97970611722337, 37.99136050207721], [-81.9615491126702, 38.00697552589562], [-81.92840210937361, 38.0281525524664], [-81.90891310245983, 38.02785455609343], [-81.90516010205869, 38.02975755866865], [-81.91619710690364, 38.03201755860437], [-81.91768810897635, 38.03544456157189], [-81.92530411065937, 38.03346855814625], [-81.9299961132999, 38.035866559475096], [-81.93297711346172, 38.03392755702938], [-81.93820111652583, 38.036978558862664], [-81.9509481211587, 38.03790855714761], [-81.95456412297168, 38.03943855785331], [-81.95597312471112, 38.04264856059012], [-81.96174212660709, 38.04270055945574], [-81.96328612821895, 38.0455785618443], [-81.96817212987284, 38.04580956105459], [-81.97210213279448, 38.05027956443457], [-81.97048013304317, 38.05230056666632], [-81.97249013448165, 38.05449456830439], [-81.96980213665604, 38.06247957635542], [-81.9731871384117, 38.06452857756072], [-81.97030013872366, 38.06760458105685], [-81.96629813808705, 38.0689435831653], [-81.96862714019397, 38.07277058626023], [-81.96893814214944, 38.077728590845595], [-81.96528514172302, 38.07920059301636], [-81.96209814339818, 38.08573259984758], [-81.9640811454182, 38.08965360309976], [-81.95070714584855, 38.099049614900736], [-81.95020914693316, 38.1020136178092], [-81.94698614718533, 38.10445762083746], [-81.94774914817006, 38.106433622533395], [-81.94611414797039, 38.10684762329157], [-81.94620814932102, 38.110073626319505], [-81.95357515438728, 38.11865663275142], [-81.94981415560902, 38.12358263825965], [-81.94581115571482, 38.125778641254435], [-81.94729615709511, 38.128430643418184], [-81.9448281583768, 38.13267164799852], [-81.94632415908828, 38.13372364864523], [-81.9455691597509, 38.13566465065577], [-81.94386416020673, 38.137504652793794], [-81.93936915920261, 38.13702665339186], [-81.93891015995908, 38.1390076553758], [-81.93400815908198, 38.138975656493656], [-81.93299416026018, 38.1421126597086], [-81.934425162258, 38.14618566323616], [-81.93244416362126, 38.150085667406756], [-81.9275651639069, 38.15249267085446], [-81.92561616286471, 38.15082666973394], [-81.92335216278522, 38.15144767086355], [-81.92297416184377, 38.1494786690787], [-81.9203731609134, 38.14834066861171], [-81.91632616090162, 38.14974267090882], [-81.91181515944834, 38.1481656704732], [-81.91043315795828, 38.14545666821105], [-81.90640615698894, 38.14482266855529], [-81.90379715503293, 38.14164066612276], [-81.8885231526418, 38.14211267016693], [-81.8855001510639, 38.14001766885934], [-81.88469214962129, 38.13745166657589], [-81.87877914843712, 38.13720266771772], [-81.87705215028949, 38.14136667214392], [-81.87934415126833, 38.1424986726982], [-81.88070415394067, 38.14725167696458], [-81.87819215471231, 38.14953667976586], [-81.88806515716331, 38.151275679096024], [-81.88778015934238, 38.155701683425214], [-81.8860801597137, 38.15694268502747], [-81.88857816167972, 38.160125687492645], [-81.88856516454345, 38.16584269299877], [-81.88820516292236, 38.16270869006899], [-81.88597016298355, 38.163446691319464], [-81.88616916534495, 38.16806869572371], [-81.87211816120087, 38.16369969491116], [-81.87121416487676, 38.170896702094986], [-81.87329016759742, 38.17557870611707], [-81.87197416810818, 38.176846707666755], [-81.86388816694755, 38.1764577092759], [-81.86288916564531, 38.17426870739716], [-81.85117616355376, 38.17307470910277], [-81.85167316523419, 38.175974711805004], [-81.84915316798438, 38.18139971770998], [-81.84247416617598, 38.179530717534924], [-81.83876516638844, 38.18062571951961], [-81.83898916797847, 38.18333372211152], [-81.84249716961985, 38.18554172339893], [-81.84625317006031, 38.18562872255118], [-81.84970216854579, 38.18229171844344], [-81.85176617017879, 38.18481372038862], [-81.84663217397977, 38.19248272914136], [-81.84491817748582, 38.198928735860285], [-81.83882917865158, 38.201823740226935], [-81.8413301815827, 38.20658374424342], [-81.83956118327545, 38.20973674777557], [-81.8334701827717, 38.20957074916994], [-81.82853818020584, 38.20580774673996], [-81.82465617655555, 38.200195742217296], [-81.82345517220435, 38.19312973558027], [-81.81907416687376, 38.18503772871908], [-81.81386716584142, 38.18424972923488], [-81.81020316295404, 38.1802357261844], [-81.805663162551, 38.180405727472284], [-81.80183916084084, 38.17838872642147], [-81.8018081622943, 38.180681728696385], [-81.80524916404269, 38.18284672998552], [-81.80501316543251, 38.18509173226158], [-81.80830216837329, 38.18924273554169], [-81.8127741692482, 38.18994573511909], [-81.81446917206314, 38.194248738934256], [-81.81202817338279, 38.196735741998204], [-81.81429617516189, 38.199303743956904], [-81.81096617664103, 38.20212874758309], [-81.81091418040415, 38.20819175357459], [-81.80676717971704, 38.207553754002774], [-81.79973918034202, 38.20930375752604], [-81.79441717876016, 38.20741275701167], [-81.7896051799424, 38.2097367605448], [-81.78934918115615, 38.21161676247623], [-81.78545618264542, 38.214246766087044], [-81.7892851872528, 38.22093377174042], [-81.78441018942286, 38.224573776621334], [-81.78563519112956, 38.227076778789886], [-81.78388619339935, 38.23060478275366], [-81.77300319310747, 38.23072678572579], [-81.76509519081742, 38.227809784880655], [-81.75514518361538, 38.21817677781749], [-81.75601717935689, 38.21208077148036], [-81.75327517264027, 38.20287076294136], [-81.749819170766, 38.20056776147386], [-81.74451217193908, 38.20110176246372], [-81.73700517094991, 38.19817376014502], [-81.7313701767144, 38.20500376754245], [-81.7273331764615, 38.20381476668747], [-81.72443017818732, 38.205596768752265], [-81.72548818000193, 38.20832377143218], [-81.72098418526046, 38.21463277826232], [-81.72722818366125, 38.21374777678733], [-81.72819918625298, 38.217538780547564], [-81.72572818936571, 38.221311784614855], [-81.72195419099579, 38.22274878643924], [-81.70811119340024, 38.22307778810989], [-81.70582619669793, 38.22710279246253], [-81.6962991986307, 38.22768779400431], [-81.69489819612905, 38.223978790314604], [-81.69265819655662, 38.22408279063918], [-81.69006119365127, 38.219580786233514], [-81.68791319406141, 38.219684786544676], [-81.68703119305927, 38.21813878502651], [-81.67568319745631, 38.2217037898071], [-81.66714419719197, 38.219556788379144], [-81.66621219891739, 38.221681790691285], [-81.65977120126946, 38.22348779320405], [-81.65216620043469, 38.220781791088356], [-81.64366820167805, 38.2206757917863], [-81.64538319749144, 38.215455786105444], [-81.64309119425644, 38.210682781267316], [-81.64761919259628, 38.20938877949236], [-81.64854018935064, 38.20524677503837], [-81.65254718713862, 38.20309677242288], [-81.6471501862187, 38.20079377045722], [-81.64659018260745, 38.19587076530443], [-81.64478418220946, 38.19498676451935], [-81.64476717965972, 38.19158876092806], [-81.64853717419709, 38.18503675370897], [-81.64267317387994, 38.18349475253071], [-81.63930317194067, 38.180278749379774], [-81.64266216934884, 38.17746574615075], [-81.6419331686056, 38.17634074501333], [-81.63457217054204, 38.177534746819255], [-81.6333641662439, 38.17161574061614], [-81.62889716761254, 38.17260374198415], [-81.6248411728417, 38.178757748840816], [-81.62083317250992, 38.17757374787222], [-81.61712117373933, 38.17850174913957], [-81.61593717261637, 38.176805747409574], [-81.60702517205044, 38.17442174549651], [-81.60204817410694, 38.17619774777092], [-81.60673616879066, 38.1701017408673], [-81.60134416772524, 38.167734738689816], [-81.59587216839314, 38.167622738944495], [-81.59990416506703, 38.16400673476313], [-81.59932816345335, 38.16179873241671], [-81.59566416264879, 38.16010273082246], [-81.59392016364669, 38.16109473200973], [-81.58966416155103, 38.15762272852084], [-81.59040015879289, 38.154166724725656], [-81.58123115447634, 38.14699871748553], [-81.58134315189074, 38.14367071385432], [-81.57814315187235, 38.14311071342461], [-81.5742551537767, 38.144918715619184], [-81.57327915170893, 38.142087712580185], [-81.56927915190228, 38.14167171234781], [-81.57059114977095, 38.13914370950784], [-81.56947114847318, 38.13728770753617], [-81.55574215354808, 38.14154371295933], [-81.54479815189488, 38.13763970924337], [-81.54316614893631, 38.13360770486205], [-81.53902214691644, 38.13037570148683], [-81.5462221415224, 38.124647694787726], [-81.54599813735781, 38.119303688882994], [-81.53321314045053, 38.12125669162447], [-81.53194913747326, 38.117288687261606], [-81.52679713938606, 38.11892068930714], [-81.52140513575272, 38.11351268349239], [-81.51964513685152, 38.114632684819895], [-81.5158361355025, 38.11236068243064], [-81.52098812575476, 38.10084066932388], [-81.52630012554802, 38.10135266970929], [-81.53060412116011, 38.096424664064266], [-81.53484512027443, 38.09591266335526], [-81.5366201114405, 38.08495265111414], [-81.54054010902227, 38.08242464820271], [-81.5391961058958, 38.078264643618525], [-81.53746810435656, 38.076073641224966], [-81.5290521048003, 38.07549764077311], [-81.52092410117568, 38.069833634614064], [-81.5179471011698, 38.069433634223756], [-81.51650709678262, 38.063721627844366], [-81.51177109770173, 38.06426562853377], [-81.5052750955216, 38.06069762461999], [-81.49908309760022, 38.062345626173524], [-81.49145110388356, 38.067897629314565], [-81.4869701008041, 38.062650621407855], [-81.48769009920595, 38.06085861964394], [-81.4845061002784, 38.06122661871634], [-81.48362609869567, 38.058954615703165], [-81.478122100985, 38.06013861472955], [-81.47370609692337, 38.05359460511665], [-81.47746609337587, 38.05028260288192], [-81.47618609149119, 38.04748259901796], [-81.47146609134965, 38.04578659487746], [-81.47004208818267, 38.04129058888861], [-81.46431308593155, 38.03653858053586], [-81.46040908189964, 38.03007557089208], [-81.45989707967667, 38.02705156699161], [-81.46698507575996, 38.02442756733823], [-81.46530507331293, 38.02073156207997], [-81.46796107093924, 38.01860356087961], [-81.46845706870009, 38.015915557929496], [-81.46471306943002, 38.015563555588884], [-81.46344906849473, 38.01393155298048], [-81.46632906356123, 38.00861954811839], [-81.46562506108687, 38.00521154366959], [-81.46197606216155, 38.005307541839365], [-81.46165605912827, 38.00130753685158], [-81.45923205750502, 37.99850753122047], [-81.45583205913296, 37.99930753082698], [-81.4559320565641, 37.99630752531558], [-81.4537320541545, 37.992707517343035], [-81.45663204873003, 37.98730750905165], [-81.45963204987643, 37.98970751531262], [-81.46283204918555, 37.99000751779612], [-81.47033204451601, 37.98720751737892], [-81.48203204072038, 37.98690752413976], [-81.48913203320019, 37.98100751881194], [-81.49193303470564, 37.98360752491145], [-81.49823303267007, 37.983507528804466], [-81.50763303590678, 37.988207537533114], [-81.51543303046408, 37.98300752943209], [-81.5192330245089, 37.97690751984245], [-81.52623301878789, 37.97130751111675], [-81.53863401758237, 37.97100751089407], [-81.54143401598814, 37.969507508581195], [-81.54563401143287, 37.96490750140344], [-81.54443400801534, 37.96110749537628], [-81.54993400420683, 37.95740748965674], [-81.55103400182506, 37.954907485735866], [-81.55583400093082, 37.95430748489963], [-81.55703399643038, 37.94950747735633], [-81.55493399344874, 37.94610747194228], [-81.56163399133008, 37.944307469268125], [-81.56033398939779, 37.94210746576715], [-81.5630339869166, 37.939607461894106], [-81.55883298407609, 37.93620745642526], [-81.56593398240555, 37.934907454561646], [-81.56603397881928, 37.93100744841862], [-81.57148397552673, 37.927808443527084]]]}}, {"id": "4", "type": "Feature", "properties": {"county": "Cabell"}, "geometry": {"type": "Polygon", "coordinates": [[[-82.22051721357481, 38.31081368918104], [-82.21163821347663, 38.30766369102762], [-82.20998121248498, 38.30265968910281], [-82.20652521250369, 38.30178369000192], [-82.21000921135936, 38.29754068646116], [-82.20964721048105, 38.2934476844991], [-82.21199420985094, 38.2911646824092], [-82.20758520954688, 38.28869768286345], [-82.21210520881168, 38.28643167993338], [-82.21598420736291, 38.28065467544882], [-82.21975320713456, 38.28043967386574], [-82.2252312060327, 38.27645966967929], [-82.23235020532702, 38.27462066595184], [-82.2348872045126, 38.271195663199144], [-82.2406802043448, 38.27159166113876], [-82.24341920382456, 38.269573659030314], [-82.24484420264349, 38.26392765556919], [-82.24777520213433, 38.261912653386844], [-82.24765520141298, 38.25822765153814], [-82.24507020107191, 38.256054651431135], [-82.24518020067887, 38.254092650378915], [-82.24886519961582, 38.249434646335246], [-82.25227619989836, 38.25209964664406], [-82.25998219778388, 38.24623663948394], [-82.25850919717817, 38.243151637316515], [-82.2605681961, 38.239567633446875], [-82.25807719594305, 38.23792663290052], [-82.25742019528889, 38.234993630567665], [-82.26150319470257, 38.234200628427104], [-82.26328819344825, 38.22973662390113], [-82.26554419310597, 38.229200622640015], [-82.26978019332311, 38.23176562337876], [-82.27483619194268, 38.22798661831949], [-82.2779291923765, 38.23104061987462], [-82.28258019182414, 38.23056661782538], [-82.28719119236555, 38.23475861980617], [-82.29026219181145, 38.233644617760746], [-82.29938819238653, 38.23998961994924], [-82.30008119357895, 38.245513624417754], [-82.30330719401549, 38.24886562611279], [-82.30758719385082, 38.25008762557412], [-82.30880119447555, 38.25436262732022], [-82.31140919452147, 38.25617862730322], [-82.30890019615552, 38.26401363221892], [-82.31101619609585, 38.26497063194009], [-82.31028819654694, 38.267105633295834], [-82.31340619638398, 38.26810963267669], [-82.31054219745323, 38.2724546359381], [-82.31134219785584, 38.2752696370863], [-82.30882819837326, 38.27663063869621], [-82.30961619859568, 38.27840463931665], [-82.30675120023712, 38.28591164419796], [-82.30259020101161, 38.28758864657116], [-82.30560820201073, 38.295229649380126], [-82.3028482029981, 38.298964652297435], [-82.29715420383113, 38.29982565481557], [-82.29575320455577, 38.3029266569145], [-82.29263220515043, 38.30413465867251], [-82.28435220563031, 38.30129266023876], [-82.27621220708747, 38.30386866453113], [-82.27573220750888, 38.305815665705325], [-82.27834320763053, 38.30817966596437], [-82.27878820812667, 38.3111466673236], [-82.28209020767561, 38.31091066599576], [-82.28352020810547, 38.31420666716286], [-82.28715320741833, 38.31292066517543], [-82.28895220739435, 38.31401466507829], [-82.28868420819089, 38.31820466732316], [-82.28596620868953, 38.31905966875578], [-82.28664620905793, 38.32154366977998], [-82.2924362081362, 38.320513667133085], [-82.29957020803845, 38.32503166683448], [-82.29783220861782, 38.32702366849066], [-82.29866720876372, 38.328442668911094], [-82.31027920737762, 38.329110664997884], [-82.31170120757312, 38.33129166559163], [-82.31441120723238, 38.33136466463557], [-82.31472120659383, 38.32790966275645], [-82.31731520597754, 38.32627766097235], [-82.3213422056924, 38.32764166019381], [-82.3222602050654, 38.32465965833491], [-82.33031620393008, 38.32404365507052], [-82.32838620267917, 38.31514865123843], [-82.32941620225455, 38.31338664996277], [-82.3439111991215, 38.30520964049771], [-82.50828019015836, 38.41119863424379], [-82.4861971946951, 38.418178645232764], [-82.43127520519751, 38.43088367203254], [-82.40488221075121, 38.439347686131626], [-82.3897462125576, 38.43435568923618], [-82.3817732139463, 38.43478369241974], [-82.3406402217978, 38.44094871086615], [-82.33033522412904, 38.44450071651588], [-82.32399922601402, 38.4492687213107], [-82.31811122850274, 38.457876727903106], [-82.31393523100054, 38.46808473467868], [-82.31063923422002, 38.48317274362405], [-82.30422323771639, 38.4963087527476], [-82.303071239138, 38.50438475607665], [-82.30397124063616, 38.517683758797304], [-82.30287124154165, 38.5231837604726], [-82.295671244907, 38.53848376666497], [-82.29337124774578, 38.55698377175394], [-82.29387124965957, 38.57268377516325], [-82.29177125037133, 38.574783776416616], [-82.2934712499492, 38.574283775676726], [-82.29127125101915, 38.578983777560964], [-82.27427025658965, 38.593683787144315], [-82.26207025984358, 38.59818379262481], [-82.24665926327242, 38.59856979837785], [-82.24566926344008, 38.59818379866318], [-82.24796926279484, 38.59728379759762], [-82.21896726843703, 38.59168380725758], [-82.05512727573473, 38.4745478375394], [-82.04712824528802, 38.37443278941114], [-82.05013124544851, 38.37593778901184], [-82.05162524432724, 38.37287478686239], [-82.05593424429931, 38.37421778587158], [-82.05804524374058, 38.373129784492505], [-82.06473524416086, 38.37676578374849], [-82.06899124314707, 38.37491678114437], [-82.06928124258982, 38.373183780144075], [-82.07445524206574, 38.37322877815201], [-82.07907424026145, 38.368786774078025], [-82.08714123935826, 38.3684927707851], [-82.09013323858534, 38.36687876879275], [-82.0974012380098, 38.367408766233055], [-82.1013392368605, 38.36476176334254], [-82.10037023618446, 38.36205676233388], [-82.10359123578965, 38.36176876093131], [-82.1026062345644, 38.35711775893155], [-82.10890823458931, 38.35932675760803], [-82.11028123423789, 38.35853875666911], [-82.11040223359736, 38.35628675546762], [-82.11490723168428, 38.35089775094943], [-82.11496023031953, 38.345980748408095], [-82.11699022965489, 38.34421274671034], [-82.12551122961672, 38.34679974471495], [-82.12768822920768, 38.34599174345197], [-82.12886522836371, 38.3432297415767], [-82.13280122835461, 38.344467740677125], [-82.14150922682646, 38.341500735760235], [-82.14506122690878, 38.34298573513721], [-82.15305922535896, 38.33958173027226], [-82.15460922544199, 38.34042373009998], [-82.15820422450676, 38.33790072740341], [-82.16374822423106, 38.338640725621424], [-82.16378522379301, 38.336881724704114], [-82.16850422302312, 38.33531772206104], [-82.1776432233486, 38.33978472079079], [-82.18008222263126, 38.33762571873112], [-82.17975622200046, 38.334858717437356], [-82.18311022050936, 38.32968371347173], [-82.1881952197808, 38.32825271075334], [-82.19295121843639, 38.32399470671092], [-82.19679321787328, 38.322775704585816], [-82.19645221714451, 38.3194647030179], [-82.19870521635181, 38.31667570070592], [-82.19750621507727, 38.31069269810007], [-82.20337821416736, 38.30836669461306], [-82.20561121452367, 38.31062369490122], [-82.22051721357481, 38.31081368918104]]]}}, {"id": "5", "type": "Feature", "properties": {"county": "Marshall"}, "geometry": {"type": "Polygon", "coordinates": [[[-80.51918082421592, 39.83705126400708], [-80.51933987343536, 39.72140145018034], [-80.83351094580166, 39.72081009869279], [-80.84744594694482, 39.7380890630632], [-80.84595794884724, 39.73866506224369], [-80.85273594408748, 39.741038056585666], [-80.86533693764092, 39.753249027027344], [-80.86856793318053, 39.76239699566509], [-80.87031993146633, 39.763181992550436], [-80.86632693381114, 39.771735965025755], [-80.86304593598659, 39.77519495469668], [-80.8353089528252, 39.79068791762454], [-80.82607695571137, 39.79858189880571], [-80.8221789517877, 39.811705862349875], [-80.82247794514134, 39.82496882295759], [-80.82696193556016, 39.84165376932491], [-80.82427393380038, 39.84715675558186], [-80.81642793282319, 39.853029746526424], [-80.79989593275526, 39.85890974801119], [-80.7931289305654, 39.863748742566685], [-80.79075892833941, 39.86727773589583], [-80.79015392475593, 39.87224972335927], [-80.79398791699427, 39.88278069016058], [-80.80291891074326, 39.89252165116601], [-80.80917190444633, 39.90393360992109], [-80.80904290009946, 39.91124958937766], [-80.80677389653746, 39.91630557874685], [-80.79968289258115, 39.91957758131334], [-80.78703589000745, 39.91835260554941], [-80.77079889273229, 39.91034765230923], [-80.76339689283014, 39.908616668199286], [-80.75859589106193, 39.90947667365227], [-80.75611088665957, 39.913399668280725], [-80.75635487998743, 39.9201706518653], [-80.76131187185264, 39.93014161957125], [-80.76416485375137, 39.950613564697015], [-80.75791984161626, 39.95970455515064], [-80.74013682457716, 39.97079256861934], [-80.74103182228124, 39.97314956116785], [-80.73888080969665, 39.98558053809986], [-80.74216779658204, 40.008572515422934], [-80.73772979952827, 40.022054554320846], [-80.73765480050243, 40.027085564989974], [-80.73380080269195, 40.033406587108104], [-80.51911782878841, 40.01640806590558], [-80.51918082421592, 39.83705126400708]]]}}, {"id": "6", "type": "Feature", "properties": {"county": "Jackson"}, "geometry": {"type": "Polygon", "coordinates": [[[-81.52734556584235, 38.8722910197056], [-81.5214345544184, 38.82401502602338], [-81.52917352918145, 38.74830503252072], [-81.53870550123962, 38.69836302151036], [-81.54663148581628, 38.672388015258214], [-81.53760847618734, 38.64595101194003], [-81.52216646515079, 38.61274700849661], [-81.57820242999023, 38.57706899190565], [-81.63283640276728, 38.554370978006055], [-81.63348740413804, 38.55790797854677], [-81.63578040428757, 38.55982897849677], [-81.63517140624424, 38.56382697934617], [-81.64366440501803, 38.56699397842805], [-81.74768341889127, 38.68413498159784], [-81.77284340973405, 38.68084397384631], [-81.81350040934787, 38.714761968198026], [-81.7912654233837, 38.73310497813362], [-81.9028514104098, 38.86332494168674], [-81.91060640957986, 38.875970938780576], [-81.90864541075582, 38.87846093916717], [-81.89854141398983, 38.874582942176424], [-81.88923341751916, 38.87427994475077], [-81.85892143211825, 38.89019095199339], [-81.84865343822675, 38.90140795401184], [-81.84531244117997, 38.910088954310474], [-81.84448644503485, 38.92874695322893], [-81.83443945151119, 38.94142795500501], [-81.83314045196607, 38.94105195537614], [-81.82735445525694, 38.945898956559134], [-81.81423546065487, 38.946168960007256], [-81.8061374631385, 38.94211296245335], [-81.7933724658796, 38.93020396675375], [-81.78124846962977, 38.924803970411936], [-81.76975947379297, 38.922731973650485], [-81.75999547836754, 38.92582997601012], [-81.75613148159138, 38.9335469764063], [-81.75697548203266, 38.9371549758846], [-81.76101648058051, 38.93800397474187], [-81.76766747977804, 38.94686597225991], [-81.77884547711476, 38.95589296859119], [-81.78182047778206, 38.964935967096295], [-81.77988348022451, 38.97277396698326], [-81.77573448362844, 38.98073796742972], [-81.77672348414175, 38.98514296682283], [-81.77406248706319, 38.993682966829006], [-81.76515349232315, 39.00257996792425], [-81.7642534934143, 39.01527996477212], [-81.772854490341, 39.026179959701295], [-81.78505448563237, 39.03587995407897], [-81.8003554795249, 39.04497894788414], [-81.80805547664697, 39.05377794369423], [-81.81235447515942, 39.06127994069787], [-81.81385447541129, 39.07967893559079], [-81.81065447698255, 39.08327893543762], [-81.8066544787662, 39.084078936198004], [-81.79815448241106, 39.08287893856501], [-81.78575548758808, 39.078578942693625], [-81.77555549201692, 39.078377945222286], [-81.76075449877986, 39.084077947293196], [-81.74725450543596, 39.09537994722294], [-81.53224860072254, 39.005819003165], [-81.53383159958815, 39.00116000433564], [-81.5358645984983, 38.999850004398915], [-81.53366759872452, 38.997049005032196], [-81.53627959682561, 38.99465000490382], [-81.53715359514473, 38.99016500526143], [-81.53285759634377, 38.987388006209905], [-81.53391059512761, 38.98483200633081], [-81.52942859643501, 38.9821680072988], [-81.52956559502448, 38.977465007794436], [-81.54532458610728, 38.97152900604594], [-81.54991058253616, 38.966280005910924], [-81.54999458079884, 38.960217006548845], [-81.54419858156918, 38.95360800815344], [-81.54123858271943, 38.95294000868303], [-81.54168958191062, 38.95080100884506], [-81.53877458149036, 38.944679009961625], [-81.53376158409324, 38.945901010607734], [-81.5319035840613, 38.942863011229115], [-81.52662258602571, 38.94144501220777], [-81.52552558553248, 38.93802001275649], [-81.51935858773682, 38.93609901393381], [-81.52057058650658, 38.93371901400793], [-81.51618558761437, 38.93079601502128], [-81.52034958454239, 38.92658901483324], [-81.5197765842813, 38.92480801512123], [-81.514380586765, 38.92511701593884], [-81.51230758697284, 38.92267701653904], [-81.51293058556317, 38.9187890168751], [-81.50627458875049, 38.91963001783629], [-81.50262858985894, 38.917923018607226], [-81.5068075866135, 38.91315101848079], [-81.5096375851233, 38.91231401812383], [-81.50823858465142, 38.90860401876365], [-81.51145658197007, 38.90425601873603], [-81.52009857729986, 38.901177017691566], [-81.52157057697707, 38.902283017332465], [-81.52731057429354, 38.901667016478335], [-81.5301625710794, 38.89478901677466], [-81.52734556584235, 38.8722910197056]]]}}, {"id": "7", "type": "Feature", "properties": {"county": "Monongalia"}, "geometry": {"type": "Polygon", "coordinates": [[[-79.84968728839466, 39.54599663198512], [-79.89973760526125, 39.48194356694382], [-79.8946886031532, 39.43558805727461], [-79.96795640177879, 39.46297658590718], [-79.9708124157416, 39.46658658878895], [-79.97634041560426, 39.468188592328126], [-79.97605143166126, 39.47134159293547], [-79.9783704421747, 39.47417459472275], [-79.99065544741333, 39.47912360082111], [-79.99020446386477, 39.482375600837536], [-79.99675047698129, 39.48728760314487], [-80.00448852318557, 39.48555762656769], [-80.00594655283457, 39.487607633837925], [-80.01146862540253, 39.48735166140367], [-80.0118766540703, 39.49177866382427], [-80.01761674718371, 39.49457669324752], [-80.0159197614313, 39.502140692027254], [-80.02808394040198, 39.505961764384985], [-80.03456502653982, 39.5053977951717], [-80.04190113483324, 39.50940384107679], [-80.04708421303617, 39.51427087684965], [-80.04543119633608, 39.51668687440171], [-80.03844610573371, 39.51638884121698], [-80.04323818155711, 39.52300787863957], [-80.1038658691013, 39.56706516854666], [-80.10351786181764, 39.569565168607014], [-80.11100992969374, 39.57174219194288], [-80.11071991678902, 39.5768431923073], [-80.11536995555338, 39.5786082056302], [-80.11802298325668, 39.57713621295941], [-80.12251801557677, 39.58044022524394], [-80.12621505155349, 39.579493235509155], [-80.12839206151205, 39.5826612405585], [-80.13096508237598, 39.58324824716152], [-80.13151907747971, 39.586249247454795], [-80.1349991033047, 39.587457255706276], [-80.13542510018678, 39.589391255794084], [-80.13327706446601, 39.59462324822666], [-80.13830709787024, 39.59664225854203], [-80.14224113079175, 39.596263267577214], [-80.14619711959965, 39.60659326783675], [-80.153241172241, 39.60645728155221], [-80.15353115613189, 39.61042527792824], [-80.31298037650812, 39.611779272231544], [-80.32256431529787, 39.61075424923352], [-80.32453128620438, 39.61265123705013], [-80.32792126795752, 39.6118502304624], [-80.33005722980887, 39.61483721406637], [-80.33430722055154, 39.612019212131344], [-80.3390611920002, 39.611226201662404], [-80.34235515577613, 39.61295018658489], [-80.34746512802599, 39.61166417679205], [-80.35113708683691, 39.61380115936623], [-80.35219105280427, 39.61769214332939], [-80.3555620283037, 39.61781913365328], [-80.35746799956542, 39.620142120663424], [-80.36025597715407, 39.62061711147389], [-80.35998294547471, 39.625759095115335], [-80.36353391314893, 39.62707808117996], [-80.36769884480566, 39.6335620487085], [-80.37530780817039, 39.631486035257005], [-80.38276174491614, 39.63405300721335], [-80.38529273668071, 39.63262300505509], [-80.38994070311557, 39.63325599071499], [-80.3904266898671, 39.635116983569304], [-80.39580864380058, 39.63734596240832], [-80.38964164318213, 39.64458395580664], [-80.39412158745726, 39.64998492734249], [-80.3948225671858, 39.653049915985825], [-80.40149551652752, 39.6554978915184], [-80.39925950461706, 39.66029888229762], [-80.40284044911205, 39.66749185125792], [-80.39859546240703, 39.66922085630464], [-80.40091242183887, 39.674878833192544], [-80.39864041934844, 39.677556830364395], [-80.39576843205752, 39.67779683648602], [-80.39524642034864, 39.680504829288566], [-80.3987943596281, 39.689047794399784], [-80.40578930355771, 39.69415876251965], [-80.40680626928918, 39.70033774133682], [-80.40356327007652, 39.70282274103063], [-80.40309725506148, 39.70620973166962], [-80.4067402070644, 39.713232702143266], [-80.405210203357, 39.71510669974713], [-80.40740618289321, 39.717750686923424], [-80.41162017932761, 39.71543068485261], [-80.4138711888649, 39.71163569138954], [-80.41966616332553, 39.71265367566247], [-80.42223812317602, 39.7198556487254], [-80.42138612026976, 39.721187646602054], [-80.37227428058767, 39.72142675068302], [-79.7637750791998, 39.7207744949425], [-79.76377373943089, 39.69686550301053], [-79.78537000364834, 39.65728557596326], [-79.78927653030988, 39.62377958384338], [-79.84968728839466, 39.54599663198512]]]}}, {"id": "8", "type": "Feature", "properties": {"county": "Mineral"}, "geometry": {"type": "Polygon", "coordinates": [[[-78.91700962347387, 39.4861695317357], [-78.9132415953297, 39.49459256017623], [-78.90895359097327, 39.49662557588633], [-78.90428659042715, 39.50360560099312], [-78.905510608693, 39.511543610066774], [-78.89238862156326, 39.51327764629243], [-78.89115063434497, 39.51836865698777], [-78.89360764347359, 39.522904657522304], [-78.89188364895054, 39.52477666463006], [-78.87874164897445, 39.52127269256013], [-78.87514665441147, 39.5226637035782], [-78.86935467863896, 39.531791730742725], [-78.871376686277, 39.53568273114989], [-78.87068469365143, 39.538765737123946], [-78.86142870369126, 39.54096376267774], [-78.85347872624214, 39.54926579287424], [-78.85028075288686, 39.56074081538331], [-78.8432577605395, 39.5627828344103], [-78.83827577231807, 39.56724785156989], [-78.82945677145744, 39.56499286925901], [-78.82193076580754, 39.5606198816411], [-78.81584377323881, 39.562879898474414], [-78.81321978319518, 39.56720690947074], [-78.81485079076785, 39.57128591032501], [-78.81990279900013, 39.57633190457208], [-78.8262027985659, 39.57733389144866], [-78.82571982335018, 39.5891759065572], [-78.8193298270209, 39.58988792152402], [-78.81786283155292, 39.591858927029065], [-78.81839683587384, 39.59405792838294], [-78.81186884594467, 39.59799294709941], [-78.80902586727315, 39.60818096456679], [-78.80157286645736, 39.606761978900096], [-78.79982086353301, 39.60503398079645], [-78.79645986616856, 39.605900988906726], [-78.79578288099547, 39.61340099821459], [-78.80164190777315, 39.62767600122581], [-78.79748091174812, 39.629311011438574], [-78.79409492255832, 39.63455802377866], [-78.79527992667589, 39.63676502370668], [-78.79076893025578, 39.638274034269166], [-78.78119292890665, 39.6368450519379], [-78.77600094540517, 39.645261070380116], [-78.76899094811478, 39.64630608508896], [-78.76640495228136, 39.64843109209047], [-78.76475094565583, 39.64470609192721], [-78.7684899353161, 39.63931407960313], [-78.77263293023974, 39.63688406907863], [-78.77815590774745, 39.62534304686783], [-78.77797490210263, 39.62231804431202], [-78.76343489877927, 39.61882607117021], [-78.7467649217212, 39.62672111045093], [-78.7367939322735, 39.62218612133342], [-78.73313192568408, 39.61471412087094], [-78.73857690696492, 39.609859108841746], [-78.7425778985199, 39.6092441022903], [-78.74702888392592, 39.60561109253216], [-78.74894188106467, 39.605973089913874], [-78.75054788542558, 39.6096280902102], [-78.75516688554211, 39.610369081053214], [-78.7677608794013, 39.60879105292774], [-78.77680286828453, 39.604131029229976], [-78.77814386286803, 39.6014500237561], [-78.7703078532731, 39.595000034649765], [-78.76705884059496, 39.587510034878655], [-78.75698383222444, 39.58084805144257], [-78.75105083617112, 39.58180406560776], [-78.74632983952026, 39.5797770722039], [-78.74309584743423, 39.58099607843245], [-78.74023886215174, 39.586405087406774], [-78.73353187438826, 39.58652909819981], [-78.73159185643648, 39.57460909203899], [-78.724586849454, 39.56391809546496], [-78.71319886633391, 39.56227611335886], [-78.70745786446213, 39.55583811855082], [-78.69473988239685, 39.55365913879218], [-78.6917048827364, 39.55104814232166], [-78.68955587660743, 39.545823142733056], [-78.68118788710778, 39.54381215606881], [-78.67544888993976, 39.54016416397036], [-78.66790690282751, 39.54020017724537], [-78.66414790300949, 39.53698618211928], [-78.65707091140203, 39.535140193687475], [-78.69043579423531, 39.502790114030674], [-78.70356477765672, 39.49753508380904], [-78.72984088728418, 39.46320397815208], [-78.73680787636357, 39.463932964382984], [-78.73926583764617, 39.45723039369317], [-78.74974086906127, 39.45529439113356], [-78.75761889822022, 39.44360539836429], [-78.76327190897278, 39.44717339953758], [-78.76659391681056, 39.4474684008534], [-78.77345693734934, 39.44286440539717], [-78.77443294303694, 39.438882407210244], [-78.77848795724388, 39.43363241079064], [-78.78247396909181, 39.43100041342722], [-78.78430897650486, 39.42741441547786], [-78.7895929916551, 39.42455941875824], [-78.78894099512142, 39.41843742063686], [-78.79384101829542, 39.404638427629344], [-78.81068308159688, 39.37662244491078], [-78.82084711170555, 39.36943345193484], [-78.82693813484069, 39.358724458450624], [-78.82965014309946, 39.35647746045306], [-78.83249214956723, 39.35685146157253], [-78.8341661572017, 39.35227746395656], [-78.84125017456319, 39.35163146731987], [-78.85090521388524, 39.3308654791119], [-78.85902223409231, 39.329585483191025], [-78.85997523775825, 39.32778148427173], [-78.86381624661429, 39.32806948587864], [-78.86685325549067, 39.32589148802667], [-78.87209026679888, 39.32726748985907], [-78.8811102892311, 39.325826494408744], [-78.88372229345288, 39.328363494641394], [-78.89681433552548, 39.313759505871275], [-78.91900440034634, 39.29699952206002], [-78.92362841604242, 39.29049852657224], [-78.92349242003596, 39.28471552867168], [-78.92661543169018, 39.27886853227206], [-78.93346644973477, 39.27610753641347], [-78.93974146959123, 39.26903054192278], [-78.94605448729193, 39.264946546334386], [-78.9533885046567, 39.26454254982751], [-78.95669851370322, 39.2626935520357], [-78.9762625677248, 39.24326456941163], [-78.97989757578704, 39.23762357400011], [-79.13445574810638, 39.31250062158986], [-79.23815987663225, 39.322100672017505], [-79.27169491546825, 39.32799868694172], [-79.26929891250371, 39.330423685114695], [-79.26867991118553, 39.33616268323217], [-79.26017390171742, 39.33429667959534], [-79.25384989417188, 39.33714367569683], [-79.25735389758975, 39.341906676065406], [-79.25347989239718, 39.34789567244567], [-79.25653389479614, 39.35708367135793], [-79.25060088809819, 39.35547166883796], [-79.2426098768289, 39.359414663472556], [-79.23496286654212, 39.3586766596235], [-79.23291886360384, 39.35962165825907], [-79.23095486001314, 39.36490465565501], [-79.21427983740938, 39.36348164718278], [-79.21258483362875, 39.37024764423277], [-79.20244381753392, 39.378801636177265], [-79.19769080846635, 39.388372630664016], [-79.19330280213651, 39.38863162820101], [-79.18556879204293, 39.38520762507224], [-79.17695877868286, 39.38902761919916], [-79.18112778309734, 39.394393619775265], [-79.17918377968306, 39.39649461805227], [-79.17456877334823, 39.395378615885704], [-79.16655276424434, 39.38769061397434], [-79.16289375900286, 39.38776661196399], [-79.16147775594237, 39.3909016101847], [-79.16544776015454, 39.395471610878104], [-79.16670476021666, 39.400942609811494], [-79.16451175548322, 39.405678607088625], [-79.15941574670674, 39.40954260303809], [-79.15946574425672, 39.41703560064402], [-79.15534973767551, 39.41829859795264], [-79.15124073200349, 39.416967596107774], [-79.14955873065801, 39.41372659623563], [-79.14997873402424, 39.406076598968625], [-79.14673372982408, 39.404539597688476], [-79.14375072520978, 39.405201595831805], [-79.14113772006216, 39.408681593246094], [-79.14184271792757, 39.417097590856564], [-79.13649870925342, 39.41888658730044], [-79.12982569990523, 39.4173025841276], [-79.12744169598686, 39.418176582512686], [-79.12904669376911, 39.42954157959469], [-79.12403568461622, 39.43320357555874], [-79.11273166836767, 39.43085357002481], [-79.11082066500688, 39.431853568613164], [-79.11211966536257, 39.435510568091004], [-79.1168596711849, 39.438857569614775], [-79.11388766454435, 39.44352056635213], [-79.10777765397391, 39.44589556208698], [-79.10281564410188, 39.450481557697195], [-79.10180563938582, 39.457164554813666], [-79.10832964974084, 39.457123558545845], [-79.10787656416954, 39.46121901748043], [-79.10517156095403, 39.463010027479044], [-79.09630956847911, 39.462419045308366], [-79.09453956275719, 39.464847054785515], [-79.0972755507615, 39.468454057224925], [-79.10441753970724, 39.47076304705173], [-79.10548953012474, 39.47394205207228], [-79.10238052516866, 39.476392064518436], [-79.09995752508888, 39.476947071089256], [-79.0911275431143, 39.47251808004123], [-79.0830145512143, 39.47147109525499], [-79.06931255254922, 39.473965130927986], [-79.06803053856218, 39.4790061455768], [-79.0663395367534, 39.47996915153582], [-79.06097456391377, 39.47187514415913], [-79.05690157005682, 39.470670150174016], [-79.05496256647099, 39.47228615821388], [-79.05274553981856, 39.48167618527473], [-79.0470225382057, 39.48334420174698], [-79.04442955044115, 39.479793198980936], [-79.03702056445252, 39.47665120767277], [-79.03541758725427, 39.46949119408396], [-79.0308736031369, 39.46525219382537], [-79.01802860404851, 39.46765422746301], [-79.01092162910355, 39.46111922713518], [-78.97773443007877, 39.44833249069277], [-78.96964441390827, 39.443430489105786], [-78.96494440620178, 39.438272489056224], [-78.95563138139408, 39.44128648392443], [-78.95595237741249, 39.447838481580554], [-78.96054438627486, 39.45103548232835], [-78.95429236837684, 39.45470247827408], [-78.9589613760953, 39.459757478346056], [-78.95900567018431, 39.462675365943745], [-78.94614266978402, 39.46626240906844], [-78.94008465719335, 39.471403437098964], [-78.93851764735962, 39.474570448469585], [-78.94138663495805, 39.47737544711948], [-78.94225662158192, 39.48096045291909], [-78.93429560920822, 39.48628248611291], [-78.92655961174772, 39.48729350889139], [-78.91700962347387, 39.4861695317357]]]}}, {"id": "9", "type": "Feature", "properties": {"county": "Hancock"}, "geometry": {"type": "Polygon", "coordinates": [[[-80.57528103293836, 40.39966135216772], [-80.62968199932808, 40.394976307639574], [-80.6160990065498, 40.40099432306184], [-80.61519300747898, 40.39986532277583], [-80.61232300831256, 40.40276032730633], [-80.61424900518469, 40.408708330897205], [-80.61254500514919, 40.4116713345619], [-80.61219299741289, 40.434836354053054], [-80.59595099039532, 40.463352385497636], [-80.59540298491962, 40.47531439486738], [-80.59919198143895, 40.4825643988809], [-80.60873597858227, 40.489609400838255], [-80.61364797666387, 40.49574640416419], [-80.61572897577511, 40.499008406208226], [-80.61360097571587, 40.498592406561656], [-80.61544097968866, 40.501885408317484], [-80.61800098029921, 40.50204740758124], [-80.62750505647253, 40.53579142523561], [-80.63310506308243, 40.53870342503958], [-80.6524341154296, 40.562542432395226], [-80.66437013119035, 40.57001443233034], [-80.66265813112715, 40.56995043294112], [-80.66691513892029, 40.57366243350178], [-80.66781116007593, 40.583534438931935], [-80.6635381759768, 40.59076644484623], [-80.65171419221068, 40.597742453675366], [-80.63435323463115, 40.61609347181319], [-80.62716924419493, 40.61993447715026], [-80.59876226054577, 40.6252614923818], [-80.59204725522842, 40.62249449343004], [-80.5835902402797, 40.615500492433625], [-80.57670223823841, 40.61422149444432], [-80.56761224759231, 40.6176765004759], [-80.56068826284962, 40.623706507365874], [-80.55112427659067, 40.62884551483911], [-80.53273529596866, 40.63558852726122], [-80.52565829839739, 40.63606653062557], [-80.51898930629842, 40.63879953539341], [-80.51798906941009, 40.39964239459712], [-80.57528103293836, 40.39966135216772]]]}}, {"id": "10", "type": "Feature", "properties": {"county": "Preston"}, "geometry": {"type": "Polygon", "coordinates": [[[-79.48765015185916, 39.27995379786962], [-79.48727414917417, 39.265204799673], [-79.48587414765294, 39.26490479909294], [-79.48717508673757, 39.19490579501757], [-79.50757612987326, 39.21620580736205], [-79.6872833541228, 39.27139792091732], [-79.80972945284933, 39.23052600452776], [-79.80928745889098, 39.23578800509553], [-79.81720247281639, 39.239889012001306], [-79.82557948389059, 39.24133001879785], [-79.83628649524753, 39.24086902709376], [-79.83904850120054, 39.24333002965635], [-79.85028151728805, 39.246532038942874], [-79.85335852466349, 39.2502820418694], [-79.85088352333604, 39.25679603939231], [-79.85162852536621, 39.262619039480086], [-79.85422152846715, 39.26404604137405], [-79.85258552809049, 39.270697039540444], [-79.85358952950234, 39.27228804018469], [-79.85925153591486, 39.273885044440206], [-79.86018453728137, 39.27567304501055], [-79.85838553628567, 39.28022404322717], [-79.86120653950766, 39.28123304532572], [-79.86204354126593, 39.285494045607756], [-79.86501954471508, 39.28687504779145], [-79.86716354767104, 39.29025204915748], [-79.87097055182068, 39.290782052054695], [-79.87216055384631, 39.294671052634875], [-79.87990456207129, 39.29477205860846], [-79.88711757031834, 39.29802806388924], [-79.88866257284242, 39.30285206464926], [-79.89038957396522, 39.29904906632355], [-79.89553657950006, 39.299584070248066], [-79.8946886031532, 39.43558805727461], [-79.89973760526125, 39.48194356694382], [-79.78927653030988, 39.62377958384338], [-79.78537000364834, 39.65728557596326], [-79.76377373943089, 39.69686550301053], [-79.7637750791998, 39.7207744949425], [-79.47665999016677, 39.721076049425626], [-79.47655881366097, 39.64273596944863], [-79.47776181289558, 39.64227996836418], [-79.47886356446249, 39.53168685592728], [-79.48236356597133, 39.53168685588628], [-79.48435315816955, 39.34504378754356], [-79.4860721600317, 39.34429978849461], [-79.48765015185916, 39.27995379786962]]]}}, {"id": "11", "type": "Feature", "properties": {"county": "Hardy"}, "geometry": {"type": "Polygon", "coordinates": [[[-78.99126832757035, 38.84827055014366], [-78.99399633574515, 38.85010155000687], [-79.00015133879094, 38.845611541230774], [-78.99901332696518, 38.84007353635529], [-79.00235132434571, 38.836511532094285], [-79.00655130521768, 38.82371151924839], [-79.01953330687893, 38.8179065137061], [-79.01984129635592, 38.81171050739402], [-79.02405229598982, 38.80921150494349], [-79.02304027663222, 38.7986104940926], [-79.02725226954692, 38.79211248752612], [-79.03025327063446, 38.79100548644234], [-79.04655328875631, 38.79211248784764], [-79.05495328657115, 38.785712481370226], [-79.05565328283654, 38.783012478587665], [-79.05165327047146, 38.77801247337217], [-79.05126726275957, 38.773601468813524], [-79.05565326292263, 38.77091246607341], [-79.0572522490142, 38.76141245625538], [-79.13429540642427, 38.813339511923296], [-79.12444141309494, 38.82425752326528], [-79.12447441595037, 38.826197525325476], [-79.11285541770184, 38.83441153365634], [-79.09375444082356, 38.86031056019459], [-79.08295444623714, 38.869310569128665], [-79.08075445665558, 38.877010577064915], [-79.08495446517625, 38.88041058083173], [-79.08345347016727, 38.88431058483071], [-79.08605348709204, 38.893910595012954], [-79.0789724884254, 38.897955598830656], [-79.07445448628854, 38.89861059924854], [-79.04825351087312, 38.924409624315096], [-79.04605251617242, 38.928409628285], [-79.0826326518975, 39.00206670493887], [-79.08065465228276, 39.00700870297007], [-79.0830546538832, 39.00910870249074], [-79.08265465549005, 39.01610869996476], [-79.07775465457618, 39.02180869729346], [-79.0896546648282, 39.03820769324251], [-79.07285366211134, 39.065207680598284], [-79.07845366655852, 39.06960768013356], [-79.07785366681873, 39.07220767906818], [-79.06835366175136, 39.076106675589855], [-79.0655536608331, 39.08020667341815], [-79.06595366253434, 39.08710667088269], [-79.05735265753724, 39.090906667366696], [-79.05095265483966, 39.10050666194926], [-79.05425265730845, 39.10140666243419], [-79.05295265693316, 39.10450666085772], [-79.03705164754965, 39.11930565039548], [-79.0392516497054, 39.12300564946072], [-79.03885365039596, 39.130384646225735], [-79.03098464507474, 39.1377516406424], [-79.02876964372619, 39.14175963819006], [-79.03458364875237, 39.144179639011625], [-79.03607665071618, 39.15000163700878], [-79.02725164431489, 39.159504629881894], [-79.02405064218456, 39.166204625781894], [-79.02435064274253, 39.169304624508776], [-79.0162506359684, 39.175204618866346], [-79.01035063103755, 39.18250461325986], [-79.01085063163282, 39.18480461237892], [-79.00844962960049, 39.18881860956211], [-79.00154962329978, 39.195203603776676], [-79.0027496246042, 39.19950360220088], [-78.99756361619231, 39.2055055972983], [-78.99621861308765, 39.209747594729826], [-78.99710761534115, 39.21284959353783], [-78.99265460479147, 39.216559590013865], [-78.99247960454342, 39.22032558806349], [-78.988476595356, 39.22715858301757], [-78.97989757578704, 39.23762357400011], [-78.89898037544839, 39.19886856663693], [-78.84219723106064, 39.18427755928696], [-78.73296992390047, 39.14992157212409], [-78.69139777976095, 39.146634589291864], [-78.66971169548837, 39.13694160475388], [-78.66670167716913, 39.129633611834095], [-78.65685763816712, 39.125666617963546], [-78.63992258003113, 39.12696262176326], [-78.63057054337688, 39.124041626650204], [-78.62355351127022, 39.11850863269593], [-78.60233046696675, 39.14036662334166], [-78.56128031068788, 39.13144364168869], [-78.55045126034435, 39.124190648994166], [-78.54818924366161, 39.11918565241822], [-78.54630323731944, 39.11940165280483], [-78.54008520651749, 39.11453965709258], [-78.53831520131529, 39.11518165720511], [-78.5367371839113, 39.10865166107477], [-78.52945515514104, 39.107345663514785], [-78.52574213221989, 39.10226466696565], [-78.52198311554383, 39.100705668593555], [-78.52166910828117, 39.09745867026808], [-78.5160800863139, 39.09673567182489], [-78.51522707986624, 39.095013672832195], [-78.51687608176802, 39.092816673545265], [-78.5081300411374, 39.088629677273545], [-78.5107010440771, 39.085204678373806], [-78.5164770592382, 39.08180167893228], [-78.5167870523246, 39.07756868091865], [-78.52271206258753, 39.07106168314941], [-78.54021411103892, 39.060630686083094], [-78.57189918824723, 39.031994699604304], [-78.56583515439418, 39.02630270338034], [-78.55963812604243, 39.02445570474698], [-78.55737811164573, 39.02139270661625], [-78.5504650775418, 39.01806470872796], [-78.570460133342, 39.00155171828209], [-78.58046317905207, 38.990566706396706], [-78.58892722268378, 38.97695768936815], [-78.59325924355406, 38.97191768383022], [-78.59889226808627, 38.9695456822964], [-78.60165328217033, 38.96460267706525], [-78.61019531403744, 38.97047568633981], [-78.61118231516014, 38.97613369297774], [-78.61867434713191, 38.97408169236554], [-78.62045135033762, 38.98260070174067], [-78.6277963812426, 38.9817897020963], [-78.63084439488608, 38.97958570046351], [-78.63246940375245, 38.97473869612953], [-78.63842143162417, 38.96681869026752], [-78.64658746458022, 38.968137693714965], [-78.6523504909497, 38.96067668938133], [-78.65904852276769, 38.94737468179953], [-78.66588455210842, 38.94157868087475], [-78.67067757360526, 38.93379967821498], [-78.68045461467281, 38.925312678841436], [-78.68826464559108, 38.92477968344574], [-78.69743568378198, 38.91435868475358], [-78.70432171050308, 38.915230689985925], [-78.71662975991198, 38.90447469575463], [-78.71928977010666, 38.905229698052956], [-78.72083077515113, 38.91363270125816], [-78.71934676912196, 38.9157487007188], [-78.72009377113378, 38.923862703215306], [-78.71707475774899, 38.936027704552295], [-78.72244077959823, 38.93140770639721], [-78.73914584602096, 38.92713371561289], [-78.74450286732574, 38.92005871855913], [-78.75051589008093, 38.916027721995306], [-78.75035588970083, 38.911674722059246], [-78.75368889722553, 38.90956372050616], [-78.75451489896703, 38.90572772005189], [-78.75908390882361, 38.90052871766485], [-78.76935693088251, 38.89706371223997], [-78.7727919377893, 38.89374171016208], [-78.77919695122728, 38.89229770660238], [-78.78602396447822, 38.887186702204694], [-78.79160897332443, 38.877592697485014], [-78.7963289820749, 38.87511069421338], [-78.82905501576631, 38.81862465634831], [-78.84981303068527, 38.79301162870045], [-78.86926003253987, 38.7629795959777], [-78.99126832757035, 38.84827055014366]]]}}, {"id": "12", "type": "Feature", "properties": {"county": "Wood"}, "geometry": {"type": "Polygon", "coordinates": [[[-81.48316263177415, 39.096652979876744], [-81.55354659434164, 39.049279987036314], [-81.58144757933087, 39.02617998988964], [-81.74725450543596, 39.09537994722294], [-81.74385450747272, 39.102378945791706], [-81.74235350871493, 39.11127794358884], [-81.74519450892372, 39.13823993594424], [-81.74439550963201, 39.1437409345627], [-81.74311751010967, 39.141325935377104], [-81.742765510359, 39.14266993505913], [-81.75638450611125, 39.17944092281567], [-81.75199950843012, 39.1855149221702], [-81.74148551371681, 39.18920092265057], [-81.73687451618083, 39.19262892227672], [-81.73451051755069, 39.19614592160596], [-81.73267751901037, 39.20548191928976], [-81.725622523117, 39.215905917279805], [-81.70090853562975, 39.22084491878845], [-81.69365953947508, 39.22490791849875], [-81.6910675410979, 39.23013991734316], [-81.6966365393692, 39.24612391228085], [-81.69638053918916, 39.25703590846784], [-81.68948354190587, 39.266043905674024], [-81.67759554717051, 39.27417190374683], [-81.65613855758188, 39.277355904783434], [-81.64317856403653, 39.27719590623564], [-81.62130557519703, 39.273643910015274], [-81.60840858141299, 39.27604391042837], [-81.59516058821592, 39.27338791293412], [-81.58555959337032, 39.26874791586885], [-81.57024760107315, 39.26767591796966], [-81.5652476028567, 39.276175915004714], [-81.56504760149224, 39.29387490772211], [-81.55754760149412, 39.338774889928374], [-81.5344706113013, 39.35823488407396], [-81.51683761944044, 39.36522688281836], [-81.498789627441, 39.37612287974876], [-81.46773564023313, 39.40377986656601], [-81.45614364540688, 39.40927486366164], [-81.44654364998648, 39.41037486272194], [-81.43564265545972, 39.40847486300181], [-81.42870665910473, 39.4054138639769], [-81.41088166889676, 39.39281086854294], [-81.40668967135706, 39.38809087038062], [-81.39379468087436, 39.35170688551664], [-81.38408168638067, 39.34324188876634], [-81.37126069277589, 39.34192488879473], [-81.36701569558433, 39.33379389215389], [-81.36723069595227, 39.32852089445765], [-81.36159169899207, 39.325457895561115], [-81.36642769673307, 39.324208896301656], [-81.36375169837248, 39.32056889777842], [-81.35559870233968, 39.32092289729594], [-81.35465870269704, 39.32207189675662], [-81.35770170093987, 39.32500889559856], [-81.34908870482037, 39.32879689359302], [-81.3410147096707, 39.31896689756494], [-81.33759971131099, 39.3193518972594], [-81.33869671048026, 39.322570895893506], [-81.33535971198073, 39.3240658951033], [-81.33314571307086, 39.32401689503496], [-81.33064171456932, 39.3210508962348], [-81.32803871574617, 39.32214489564964], [-81.32592371699133, 39.31987089656307], [-81.32680771680265, 39.31718989777595], [-81.32401371825942, 39.31625089807708], [-81.32831971653133, 39.3120369000985], [-81.3245987190239, 39.30475390315184], [-81.32596271849255, 39.303237903870496], [-81.32323371997077, 39.30173290442678], [-81.32415971981189, 39.29849690588428], [-81.3133077249682, 39.30041490462626], [-81.30521272920376, 39.2976139055525], [-81.29694773317907, 39.29854690482607], [-81.29086073622334, 39.29797390484793], [-81.28915773721783, 39.29627690553467], [-81.28338873998122, 39.29704990497352], [-81.27687974348184, 39.293817906161735], [-81.26564574885049, 39.29545690500956], [-81.26027575188533, 39.2912519066807], [-81.25919775282159, 39.28693390856524], [-81.26074575214426, 39.286039909020815], [-81.26026175282193, 39.281364911086456], [-81.24757875934597, 39.27656491232806], [-81.24401876138263, 39.27090391408], [-81.23947776354194, 39.26832891423974], [-81.24633676072877, 39.267475916117334], [-81.24803675993596, 39.26827591613086], [-81.2480367597092, 39.270675915058746], [-81.25026875874038, 39.27076391545754], [-81.25932475462193, 39.267131917396775], [-81.25860475526422, 39.264075918734015], [-81.26294075316062, 39.2637239190413], [-81.26799675102, 39.259979920882344], [-81.26860475096167, 39.25740392204913], [-81.26655675216946, 39.25529192291933], [-81.27142074989524, 39.25396392367436], [-81.27089275034068, 39.24850792592358], [-81.27353274893562, 39.24767592629215], [-81.2774507463802, 39.24262392812569], [-81.277277745368, 39.2337409311168], [-81.28742173947606, 39.22625293394784], [-81.28812573885841, 39.22401293472133], [-81.29132573730045, 39.22407693479506], [-81.29643873280251, 39.207518940489415], [-81.30155872971434, 39.2025409422928], [-81.30128372942437, 39.19900494346662], [-81.29925872981153, 39.19404494507159], [-81.29664673081706, 39.19188494572759], [-81.29542873076547, 39.18657094747614], [-81.40314867356213, 39.13727696590002], [-81.40775467121037, 39.135724966477696], [-81.42490666304909, 39.135679966793646], [-81.48316263177415, 39.096652979876744]]]}}, {"id": "13", "type": "Feature", "properties": {"county": "Webster"}, "geometry": {"type": "Polygon", "coordinates": [[[-80.6622233162862, 38.51697887004969], [-80.50865545775088, 38.645553740521294], [-80.45733260157, 38.73916967020235], [-80.45174559492597, 38.73688766369349], [-80.45228258825564, 38.73293566480547], [-80.44754458564114, 38.73271265907918], [-80.44524857431786, 38.72684865696533], [-80.44043057459221, 38.728291650945145], [-80.43608456780038, 38.725554645972785], [-80.43321757334483, 38.729508642044166], [-80.42876356955233, 38.72852263674277], [-80.42687357316008, 38.7311106341602], [-80.42403456653355, 38.7280536310483], [-80.41674556576872, 38.72957762202608], [-80.41230156168125, 38.72841161675237], [-80.41219355686371, 38.72564761691714], [-80.41367755552709, 38.72447361884744], [-80.4085615533302, 38.724575612615475], [-80.40694654945032, 38.72275661084421], [-80.40445155013427, 38.72382560769671], [-80.40498855625803, 38.72724160798976], [-80.40096955921858, 38.730055602811305], [-80.39691955633754, 38.72947959795138], [-80.39469754931315, 38.72598459561191], [-80.38940755349316, 38.72986858878598], [-80.37234254663365, 38.730526567992115], [-80.36838254944878, 38.73328056291584], [-80.36512754382505, 38.730861559196704], [-80.35330253799836, 38.73068854485128], [-80.34915552946471, 38.726768540176145], [-80.3472335291048, 38.72708653781082], [-80.34486851667089, 38.72033653555224], [-80.33492451227292, 38.720447523440654], [-80.33126350661625, 38.71807051919461], [-80.33057650433761, 38.71689451846151], [-80.33361849694329, 38.71163552263192], [-80.33256348333408, 38.70377652204007], [-80.33096447785363, 38.70092452033874], [-80.32060946201567, 38.69418650826573], [-80.31969145863582, 38.69239750729549], [-80.32167445065741, 38.68707351017848], [-80.31835144462669, 38.68431950634245], [-80.30529443932281, 38.6845584903219], [-80.28894144217286, 38.69064646980744], [-80.28437744653733, 38.69453946392148], [-80.28005944515897, 38.69486745861538], [-80.18393110767863, 38.52538632008214], [-80.24551764264024, 38.38845739080968], [-80.33026649679476, 38.33575848999428], [-80.35217055468114, 38.345337521696315], [-80.3600470838896, 38.225845474291205], [-80.60947887744317, 38.35863779649158], [-80.61275490413303, 38.36698380093325], [-80.62551988724141, 38.35439280656683], [-80.63344295121829, 38.37510881754987], [-80.63542195548354, 38.37582781912863], [-80.66166807688049, 38.41251084750171], [-80.64072508494584, 38.424173835700614], [-80.67829130519829, 38.50349288312869], [-80.6622233162862, 38.51697887004969]]]}}, {"id": "14", "type": "Feature", "properties": {"county": "Hampshire"}, "geometry": {"type": "Polygon", "coordinates": [[[-78.52251111576138, 39.52474243213774], [-78.5032771340005, 39.51858146715426], [-78.49000113243414, 39.51764948603822], [-78.48363713386574, 39.51954049411352], [-78.47480412135046, 39.516184505634094], [-78.46826611899297, 39.51655051401291], [-78.43767305721731, 39.500080554696844], [-78.39857703471272, 39.48367660316037], [-78.34708498839622, 39.46601166588873], [-78.34979598991788, 39.461806661692556], [-78.34514094708021, 39.459483586041486], [-78.34733094762494, 39.44765858954788], [-78.34654394544826, 39.44261559235703], [-78.35322495427557, 39.43679158996723], [-78.34671594258695, 39.42761759881469], [-78.35123394842627, 39.42059459866711], [-78.35693595713339, 39.41692859625611], [-78.35991596110222, 39.40902759777196], [-78.35794695713619, 39.40419160135284], [-78.34943394111232, 39.39725161030386], [-78.35092194263679, 39.3909846120859], [-78.34321192810292, 39.38880661819364], [-78.35483494682282, 39.37161561821418], [-78.36686496947887, 39.359289616313724], [-78.3404129141347, 39.35362763516587], [-78.33928191048449, 39.3486046380064], [-78.34130591401276, 39.3455546380973], [-78.34368291934838, 39.346712636168945], [-78.34740692659184, 39.34340163538701], [-78.3454579218907, 39.341023637588854], [-78.346298923308, 39.33910763793068], [-78.35571194207317, 39.327174637786385], [-78.36003295075304, 39.317770639641054], [-78.36407196023674, 39.31881963690362], [-78.3639599596947, 39.31562663845331], [-78.36723996700958, 39.31014763921763], [-78.38588201229922, 39.29488763668139], [-78.39336903225619, 39.2829876388595], [-78.39789404421904, 39.280561637839874], [-78.39988904924559, 39.28134463643558], [-78.40288405745403, 39.27862363636705], [-78.40181105499236, 39.276753637879764], [-78.40278105775317, 39.275470638075475], [-78.41942010660539, 39.25747563981773], [-78.40911407944681, 39.25256364722701], [-78.3996670425373, 39.24387365448008], [-78.40421205033978, 39.241213653194556], [-78.4055830358552, 39.23117565533766], [-78.42054604680348, 39.21479765398755], [-78.43869306478159, 39.1980926524783], [-78.43084404014343, 39.19622665589212], [-78.42867402759714, 39.19263265779466], [-78.42643502429134, 39.19408465812633], [-78.4249030187178, 39.193300658906956], [-78.42429001494449, 39.192155659472995], [-78.42869501754578, 39.18721665949071], [-78.4263130028832, 39.18276166168218], [-78.42398699618077, 39.18249066253688], [-78.41894197324626, 39.177353665734216], [-78.41484196324649, 39.17783466691551], [-78.41312895098903, 39.17363766867173], [-78.40696392967479, 39.170902671370214], [-78.40369491475857, 39.16745067331652], [-78.413940925157, 39.1584146728011], [-78.42729194951741, 39.15272567072853], [-78.43665595317563, 39.14169067175336], [-78.43942694233486, 39.13214567422329], [-78.45986695864393, 39.11335067625513], [-78.4666599748934, 39.11285767503438], [-78.47537398641899, 39.10746867537965], [-78.47842399876541, 39.1098426738209], [-78.48428100868733, 39.107371673665725], [-78.4951580233972, 39.10099167429164], [-78.5081300411374, 39.088629677273545], [-78.51687608176802, 39.092816673545265], [-78.51522707986624, 39.095013672832195], [-78.5160800863139, 39.09673567182489], [-78.52166910828117, 39.09745867026808], [-78.52198311554383, 39.100705668593555], [-78.52574213221989, 39.10226466696565], [-78.52945515514104, 39.107345663514785], [-78.5367371839113, 39.10865166107477], [-78.53831520131529, 39.11518165720511], [-78.54008520651749, 39.11453965709258], [-78.54630323731944, 39.11940165280483], [-78.54818924366161, 39.11918565241822], [-78.55045126034435, 39.124190648994166], [-78.56128031068788, 39.13144364168869], [-78.60233046696675, 39.14036662334166], [-78.62355351127022, 39.11850863269593], [-78.63057054337688, 39.124041626650204], [-78.63992258003113, 39.12696262176326], [-78.65685763816712, 39.125666617963546], [-78.66670167716913, 39.129633611834095], [-78.66971169548837, 39.13694160475388], [-78.69139777976095, 39.146634589291864], [-78.73296992390047, 39.14992157212409], [-78.84219723106064, 39.18427755928696], [-78.89898037544839, 39.19886856663693], [-78.97989757578704, 39.23762357400011], [-78.9762625677248, 39.24326456941163], [-78.95669851370322, 39.2626935520357], [-78.9533885046567, 39.26454254982751], [-78.94605448729193, 39.264946546334386], [-78.93974146959123, 39.26903054192278], [-78.93346644973477, 39.27610753641347], [-78.92661543169018, 39.27886853227206], [-78.92349242003596, 39.28471552867168], [-78.92362841604242, 39.29049852657224], [-78.91900440034634, 39.29699952206002], [-78.89681433552548, 39.313759505871275], [-78.88372229345288, 39.328363494641394], [-78.8811102892311, 39.325826494408744], [-78.87209026679888, 39.32726748985907], [-78.86685325549067, 39.32589148802667], [-78.86381624661429, 39.32806948587864], [-78.85997523775825, 39.32778148427173], [-78.85902223409231, 39.329585483191025], [-78.85090521388524, 39.3308654791119], [-78.84125017456319, 39.35163146731987], [-78.8341661572017, 39.35227746395656], [-78.83249214956723, 39.35685146157253], [-78.82965014309946, 39.35647746045306], [-78.82693813484069, 39.358724458450624], [-78.82084711170555, 39.36943345193484], [-78.81068308159688, 39.37662244491078], [-78.79384101829542, 39.404638427629344], [-78.78894099512142, 39.41843742063686], [-78.7895929916551, 39.42455941875824], [-78.78430897650486, 39.42741441547786], [-78.78247396909181, 39.43100041342722], [-78.77848795724388, 39.43363241079064], [-78.77443294303694, 39.438882407210244], [-78.77345693734934, 39.44286440539717], [-78.76659391681056, 39.4474684008534], [-78.76327190897278, 39.44717339953758], [-78.75761889822022, 39.44360539836429], [-78.74974086906127, 39.45529439113356], [-78.73926583764617, 39.45723039369317], [-78.73680787636357, 39.463932964382984], [-78.72984088728418, 39.46320397815208], [-78.70356477765672, 39.49753508380904], [-78.69043579423531, 39.502790114030674], [-78.65785390975442, 39.53497319221119], [-78.63029596061737, 39.53712924205315], [-78.62864896793046, 39.53938924590092], [-78.62309897796867, 39.53969425579053], [-78.60687299635232, 39.53520528282051], [-78.60256799710335, 39.53202828943824], [-78.5964160154249, 39.53588430158535], [-78.59163102560444, 39.53689031035247], [-78.59000002612972, 39.53581431293872], [-78.59219601387593, 39.53169630786931], [-78.58760401332142, 39.52772031500519], [-78.57859702632783, 39.5267303309942], [-78.56611303156888, 39.51937035209863], [-78.55837204864991, 39.52135236660028], [-78.54691806658238, 39.52084038742459], [-78.52251111576138, 39.52474243213774]]]}}, {"id": "15", "type": "Feature", "properties": {"county": "McDowell"}, "geometry": {"type": "Polygon", "coordinates": [[[-81.49909534875161, 37.25795021075533], [-81.50313033561349, 37.25308918092053], [-81.50651934278171, 37.24524415014026], [-81.50763537146318, 37.23371012407807], [-81.52067537825762, 37.22697809712045], [-81.52426137315948, 37.227886096125026], [-81.54123637837965, 37.22001505763338], [-81.54556537442556, 37.2201590534044], [-81.54718738296405, 37.215933038727115], [-81.55600939476632, 37.20748800099068], [-81.5580533904676, 37.20856300177823], [-81.56063039246985, 37.20666099199239], [-81.6782202941409, 37.20153780127541], [-81.6832672828232, 37.20564681845827], [-81.68361727291808, 37.211622853841476], [-81.68602327090447, 37.21155685041401], [-81.68702526718356, 37.213346860026945], [-81.695112259797, 37.21356785153147], [-81.69604225373311, 37.216986871837285], [-81.69875524987458, 37.2180038751729], [-81.69933324647636, 37.21991888666798], [-81.7157292201123, 37.22876892821269], [-81.71624721177976, 37.23431896496859], [-81.7230601980301, 37.24049100202217], [-81.74012318922527, 37.23774997137755], [-81.74108518347369, 37.2416459989203], [-81.74437517896394, 37.243328009208426], [-81.74089617859546, 37.25431508805374], [-81.7456591805374, 37.258092111079876], [-81.74608918784507, 37.26370014808096], [-81.7501061854213, 37.264184149448944], [-81.75757515410314, 37.268550159682334], [-81.75713616895563, 37.27614521136326], [-81.76921610626276, 37.2732481619204], [-81.77324308853403, 37.27391015631054], [-81.77935106855998, 37.27738816447499], [-81.77936107530428, 37.27998018188697], [-81.78244706784712, 37.282318189998016], [-81.7892930440998, 37.28441418726378], [-81.79312101717106, 37.28116615585376], [-81.7935940269196, 37.28483617953234], [-81.8032739892898, 37.28591416304407], [-81.81670090672678, 37.279863088655645], [-81.82574986239025, 37.27909106095024], [-81.82850486111846, 37.28146807046922], [-81.83446883610706, 37.28176005774635], [-81.83340385451835, 37.28453507950133], [-81.83443085447868, 37.285415083040796], [-81.83876084078001, 37.286341078790834], [-81.84680579742414, 37.28464704728848], [-81.84994778717235, 37.28522504356797], [-81.85014479946418, 37.28754805921128], [-81.85355178613787, 37.287704051940814], [-81.85430680756139, 37.29191707939248], [-81.8522808423961, 37.296573116689316], [-81.85284284911674, 37.2981071259892], [-81.8548398412224, 37.298029120613414], [-81.85445889250158, 37.30656818093118], [-81.85962286420288, 37.30476315598269], [-81.86568187318987, 37.30948217442713], [-81.85992691903229, 37.313963219399625], [-81.86026592865394, 37.315713230799126], [-81.86719294001985, 37.32071524939253], [-81.87245093640648, 37.3223602485614], [-81.87401196736404, 37.327624281827426], [-81.87834396497405, 37.328828280194735], [-81.87766998644932, 37.3317333021748], [-81.87943198768485, 37.33249430344199], [-81.88329896165554, 37.330045277238135], [-81.8904769582303, 37.331871273465396], [-81.89357993592228, 37.329843251926576], [-81.89483394910403, 37.33197626411172], [-81.89732994710121, 37.332454261715526], [-81.8966309710574, 37.33538128406958], [-81.89960001312902, 37.34160532136919], [-81.90389401802723, 37.343224323050585], [-81.90716000740198, 37.342634311396225], [-81.90866201519627, 37.34392331714343], [-81.90791002708127, 37.3452223281055], [-81.90964702601543, 37.34545332579637], [-81.91021905384822, 37.34895334943391], [-81.91764904406283, 37.349151334017314], [-81.92176110683943, 37.35707138141718], [-81.92381511494682, 37.35827038540797], [-81.92530110167966, 37.3569673727393], [-81.92846112935072, 37.360459390734114], [-81.92604417689343, 37.365511432366645], [-81.93338120606911, 37.36933944366181], [-81.93397324101575, 37.37316146986772], [-81.93114226612441, 37.37575549472136], [-81.935871290345, 37.37855250454277], [-81.9367433104852, 37.38072851832684], [-81.9357093332051, 37.38314553797929], [-81.93181035486238, 37.3854775631763], [-81.93388240272255, 37.39065059594597], [-81.92877743029996, 37.393843629795114], [-81.93004946055353, 37.39712265065002], [-81.92774947436412, 37.39879366751915], [-81.93078550222646, 37.40165468166741], [-81.93004153469687, 37.40528970935426], [-81.92428154756965, 37.407314735931024], [-81.92455157144036, 37.409984754509075], [-81.92295558204196, 37.411387767879674], [-81.93246762795735, 37.41521577567509], [-81.93497267579629, 37.420015805069994], [-81.93787968081048, 37.42008479961084], [-81.93891170048668, 37.422000811316366], [-81.93828971878929, 37.42404582733366], [-81.94055277033013, 37.429056858893325], [-81.93783779393983, 37.43210988639282], [-81.93564678847065, 37.431997889994896], [-81.93717381027932, 37.4339939013081], [-81.93562084803524, 37.43839593613132], [-81.93884287494778, 37.44046194461099], [-81.94576488897876, 37.44021292905706], [-81.94912394998734, 37.44557396121589], [-81.95405597033646, 37.446319956908916], [-81.95757900834494, 37.44912197034201], [-81.96631800682634, 37.44671993568384], [-81.97038302803429, 37.447686934752426], [-81.96879506466483, 37.45149496568576], [-81.97617614861817, 37.457184992956], [-81.9870061555439, 37.45487695500486], [-81.98762920109438, 37.45865998164194], [-81.99227024223853, 37.46091498930969], [-81.9929723332475, 37.46844904354069], [-81.99564935927023, 37.46983204866443], [-81.99649944694089, 37.47692309944157], [-81.9929744668837, 37.479796127249344], [-81.99291650399546, 37.4829681507585], [-81.99089651259875, 37.484430165287115], [-81.98570350479416, 37.485680184103714], [-81.97759345780543, 37.484602191197844], [-81.97575248400874, 37.48768821721333], [-81.97065947001677, 37.488467232294056], [-81.97073048587363, 37.48990324266021], [-81.9671294786302, 37.4907422553964], [-81.96498649794903, 37.493487279343434], [-81.95326442605348, 37.491762288222915], [-81.95273544774628, 37.49416130659605], [-81.95436447482312, 37.49608331757947], [-81.95314750623564, 37.50131335228412], [-81.94391245835975, 37.50292837380084], [-81.9441884533774, 37.50697538563893], [-81.9411514348933, 37.5094823985815], [-81.93191438682244, 37.51220342279487], [-81.92227834113086, 37.51209343913875], [-81.91719330978334, 37.51815846539392], [-81.91213628286376, 37.52113548242639], [-81.91176927743996, 37.5245144926525], [-81.909374263771, 37.52704050375785], [-81.89933622047758, 37.52452751323366], [-81.89377019446543, 37.52513952410299], [-81.88938117205043, 37.528139539452965], [-81.88671315389996, 37.53628056568553], [-81.88318613704442, 37.53813857620831], [-81.86943907690888, 37.537809596906435], [-81.86573905825168, 37.54320961652213], [-81.86293904613152, 37.54330962107614], [-81.86113903711214, 37.54660963218321], [-81.85593901422546, 37.54890964579936], [-81.8477379798153, 37.54730965419039], [-81.84273795833549, 37.54900966584407], [-81.84123795231852, 37.545609659919144], [-81.83883794211599, 37.544508660938426], [-81.83903794310004, 37.542608656091076], [-81.83623793104564, 37.54070865589303], [-81.83463792410002, 37.53610864750557], [-81.82643688781023, 37.53540865884554], [-81.82463687962148, 37.53380865801672], [-81.82333687208488, 37.52270963464621], [-81.82603688427085, 37.52060962530467], [-81.8290368976497, 37.513709604210995], [-81.82433687523897, 37.51260960976623], [-81.81793684342725, 37.506609607265794], [-81.80133576362049, 37.50761063871176], [-81.79523473537687, 37.5097096538809], [-81.79293572069517, 37.503510644858736], [-81.78493468023987, 37.501510655024376], [-81.78203466682672, 37.50261066247106], [-81.77992565523623, 37.50097366293569], [-81.77615364014275, 37.505127678022006], [-81.7710266153706, 37.50527068739602], [-81.76302757386213, 37.50264269654066], [-81.75923055842193, 37.50556870886994], [-81.75215252531112, 37.50661072332902], [-81.74770950932977, 37.50162871779028], [-81.741821508604, 37.50011071449495], [-81.73594950367858, 37.495584684605], [-81.72943250363002, 37.494584677504605], [-81.72364650778492, 37.49688569221598], [-81.71964650661974, 37.49539868211822], [-81.71515851008556, 37.49739969490983], [-81.70764050878937, 37.49525868027509], [-81.70483051130691, 37.49680369016998], [-81.70508151463628, 37.49945570754675], [-81.70183151794197, 37.50171071397405], [-81.69573151884025, 37.50151071307845], [-81.68493152572604, 37.50571171988371], [-81.68423152782826, 37.507411722955496], [-81.68763153023345, 37.51001072803431], [-81.68883153420822, 37.51361073476729], [-81.6821315400401, 37.51761074156792], [-81.67663154146733, 37.518010741840186], [-81.67213154041102, 37.51641173851169], [-81.66793054425825, 37.51911174313547], [-81.66523054403979, 37.51851174180089], [-81.66293054799945, 37.521611747325835], [-81.65793054874919, 37.52151174672092], [-81.65443055141024, 37.52331174974926], [-81.65283054837572, 37.520411744261374], [-81.65073054965212, 37.521211745561594], [-81.64993054443593, 37.51651173681598], [-81.6465305413959, 37.513311730618085], [-81.64112954473876, 37.515411734038395], [-81.63852954055727, 37.51131172624181], [-81.63392953991489, 37.5100117234465], [-81.63243054233071, 37.51191372683434], [-81.62842954315735, 37.51201172667451], [-81.63022954756725, 37.51621173459295], [-81.62472955067085, 37.51811173764099], [-81.62142955472386, 37.521211743096764], [-81.61752955551077, 37.521311742953735], [-81.61252855113392, 37.51661173383367], [-81.61432854813745, 37.51421172954435], [-81.61282854427628, 37.51051172256855], [-81.60342854419248, 37.508911718802494], [-81.60722854016893, 37.50591171357303], [-81.60642853820349, 37.50401170998609], [-81.60762853620302, 37.50241170712706], [-81.606127533925, 37.50011170273848], [-81.60251153487364, 37.50035870288262], [-81.60398552965492, 37.495778675603866], [-81.60203352717453, 37.49311265857245], [-81.59891252833884, 37.49361866154686], [-81.59587952586763, 37.49072064301285], [-81.58718253163373, 37.4945376664755], [-81.5852415293096, 37.49193564994563], [-81.58600852718631, 37.49004663810211], [-81.58304752500925, 37.48735662098105], [-81.57567453019118, 37.490903642798685], [-81.57062252754228, 37.48726561965933], [-81.5650005320073, 37.490538639791744], [-81.55858053166824, 37.48886362890693], [-81.55344953561499, 37.491804646905074], [-81.55022653243654, 37.487863622151565], [-81.54135753428442, 37.48784562149414], [-81.54067053254455, 37.48586960919233], [-81.53686253209789, 37.48453560070781], [-81.53460953334914, 37.485345605599974], [-81.5272785258887, 37.47560154500332], [-81.52557052789402, 37.47733855566404], [-81.51927753022181, 37.47829856132753], [-81.5156625293019, 37.476367549296334], [-81.50674353208092, 37.477160553824135], [-81.49906353290731, 37.473727527879895], [-81.49675653871518, 37.47399551799809], [-81.49529654563639, 37.47843653753833], [-81.49141655636454, 37.48104353345922], [-81.48031458060338, 37.479179465928965], [-81.47707858822073, 37.47974145271619], [-81.47529259317294, 37.48274846078709], [-81.47187160102376, 37.484100450844174], [-81.46980360527606, 37.482516431276345], [-81.46584461420275, 37.484702423074914], [-81.45707363356044, 37.48209636363724], [-81.4535406420542, 37.47928833051819], [-81.45459663992284, 37.47781832800456], [-81.45066464937806, 37.4767833026428], [-81.45125364887612, 37.47358828866428], [-81.45580863829997, 37.47072629597568], [-81.45535764018548, 37.4664972710272], [-81.45110365139554, 37.4658952471313], [-81.4516396508123, 37.46284623354272], [-81.44663066472317, 37.46160720299397], [-81.44604666705398, 37.459736190438505], [-81.4425706774503, 37.458035165139016], [-81.43898268713964, 37.45863615124864], [-81.43723269599742, 37.45206910967071], [-81.43216871331084, 37.44870806949356], [-81.42931271939223, 37.45189307216758], [-81.42866671676241, 37.45748509672783], [-81.42650271967007, 37.46116610452143], [-81.42140073457459, 37.460127075153295], [-81.4203237415357, 37.45615105099561], [-81.41686475199121, 37.45557003201228], [-81.41335275814905, 37.458868030962336], [-81.40329478618243, 37.45878598292499], [-81.40015278677988, 37.464266992422075], [-81.39826779144937, 37.464477984250124], [-81.39299681307298, 37.45982293862261], [-81.38537483137681, 37.461285908524246], [-81.38294185518916, 37.452184859028364], [-81.37408590012878, 37.443150781798686], [-81.34920099533218, 37.43686164779176], [-81.3463650138052, 37.43354662363233], [-81.34110602878448, 37.43450660425907], [-81.33783204407843, 37.43304358509495], [-81.32911406687957, 37.43516755446936], [-81.3234141075248, 37.42860250894234], [-81.31120116482771, 37.424507445126665], [-81.36215618873096, 37.33768532628012], [-81.36536517037385, 37.337801335428296], [-81.3674961694766, 37.33287332197968], [-81.36923816050553, 37.33240032470245], [-81.3675361815663, 37.32740630074804], [-81.3686471798668, 37.325236295059305], [-81.37140016570488, 37.324234297973646], [-81.3724991671545, 37.32049228579032], [-81.37490615611243, 37.31880728483893], [-81.3797051293032, 37.31759529135563], [-81.38485209600411, 37.31859430776699], [-81.38631208341941, 37.3206363198699], [-81.39084906238094, 37.31689931483196], [-81.39428704210748, 37.31640932082452], [-81.39529604199129, 37.3126053065867], [-81.3986780245046, 37.31024630389922], [-81.39681704518301, 37.30449627444927], [-81.40506000005523, 37.2987922663728], [-81.40230002242346, 37.29580824730469], [-81.40609300069941, 37.29327024338562], [-81.41159297962697, 37.28032819415319], [-81.41595395068423, 37.27893419521899], [-81.41602895604294, 37.2736241703145], [-81.427945872997, 37.27101317701345], [-81.43559581579268, 37.27416320509816], [-81.43950678968305, 37.27090719491275], [-81.44765473041991, 37.27224321490078], [-81.44906772114479, 37.2695812031616], [-81.46058463792825, 37.26552519910917], [-81.45887265075301, 37.26287018211469], [-81.46111863413724, 37.26256718373394], [-81.4621066268695, 37.259897170523246], [-81.4761395206602, 37.255633165903234], [-81.48014348850025, 37.25111914513372], [-81.49228639511468, 37.250958159494814], [-81.49804435392763, 37.25465718926329], [-81.49777435864199, 37.25789720861468], [-81.49909534875161, 37.25795021075533]]]}}, {"id": "16", "type": "Feature", "properties": {"county": "Harrison"}, "geometry": {"type": "Polygon", "coordinates": [[[-80.20225383602431, 39.33842132081613], [-80.20245283670391, 39.27831633322669], [-80.20050983528684, 39.27645533187538], [-80.19950483458713, 39.27069033214612], [-80.19564783173132, 39.270021328834645], [-80.19208582909887, 39.266836326284086], [-80.1876488257997, 39.267143322251876], [-80.1663878055963, 39.24228330672365], [-80.22468781713951, 39.17097736634405], [-80.22671280989752, 39.15143537014749], [-80.22468480371056, 39.141964369008626], [-80.22717379255772, 39.112792374242694], [-80.22871679474474, 39.11439337567179], [-80.23418879948707, 39.11349138136498], [-80.23616280186368, 39.11464838326951], [-80.24039480518064, 39.11314538776075], [-80.24877180777793, 39.10080939774533], [-80.30132082897094, 39.103997447347105], [-80.45470989657991, 39.13885458401256], [-80.45443189725029, 39.14110758318233], [-80.45846989802965, 39.13926558738475], [-80.46688090304356, 39.145481593528125], [-80.47093790425232, 39.14490059741665], [-80.47330190579335, 39.14707559901214], [-80.48024490738281, 39.144629606060484], [-80.48601890982583, 39.14598961100305], [-80.4850169101111, 39.147917609550355], [-80.48675491093657, 39.14861061095555], [-80.49399291247978, 39.14567761842757], [-80.49658791428116, 39.14848162002158], [-80.50737691560863, 39.1494466280367], [-80.51161191467094, 39.14678363176728], [-80.51717691492391, 39.14794663532384], [-80.51832091424288, 39.14586963672904], [-80.53409991470994, 39.1484006470275], [-80.53619591438613, 39.14750364875965], [-80.53901291509325, 39.149967649997095], [-80.54624991537052, 39.15136965463451], [-80.54835591733226, 39.15787965414857], [-80.55095891779918, 39.15959665544388], [-80.56243191779575, 39.160491663155014], [-80.57781591959291, 39.167711671620005], [-80.5869969196808, 39.168812677641725], [-80.59410791878157, 39.166414683324874], [-80.5961269189232, 39.16706968451899], [-80.58966692034394, 39.171278678719155], [-80.59176692367896, 39.18269767658615], [-80.57957592282668, 39.17863566945051], [-80.57557092189546, 39.17515866776176], [-80.56147192337848, 39.17871965693351], [-80.55805492589712, 39.186628652174626], [-80.55842992682882, 39.18971365149542], [-80.55444192771725, 39.19219364800735], [-80.55124992697804, 39.1894526466448], [-80.55108092604121, 39.1863906474518], [-80.54789892618984, 39.18655164521558], [-80.54110792741733, 39.189825639569875], [-80.54086292825859, 39.19251063860083], [-80.53820792922923, 39.19535163593536], [-80.53225892917371, 39.19453763210222], [-80.52833692988594, 39.19639262886946], [-80.52808793066112, 39.19883662797977], [-80.53235893108241, 39.200653630362694], [-80.52772793198126, 39.20300362650779], [-80.52794293276752, 39.20553362591006], [-80.52564493395118, 39.20903462331605], [-80.52929393474567, 39.212000624925295], [-80.54605593550374, 39.216504634966064], [-80.55443893445793, 39.214161641360135], [-80.55772193566017, 39.21850264227151], [-80.5662139360721, 39.22096364727204], [-80.56611593746672, 39.22554164580427], [-80.5680589381706, 39.22812764632335], [-80.56541893927037, 39.23138064354733], [-80.56081893979481, 39.23245264012251], [-80.55930893905945, 39.22983263990242], [-80.55152193841798, 39.226671635606884], [-80.54770593926453, 39.22889963236167], [-80.54706894110916, 39.234786630164834], [-80.55128694219266, 39.23890863175866], [-80.55574894186921, 39.23850663487545], [-80.55710994277874, 39.24167663482762], [-80.56291894292238, 39.24301763831261], [-80.56127794387812, 39.245903636334084], [-80.57548094417109, 39.253027643447716], [-80.576463943897, 39.255496643186675], [-80.5841049433628, 39.25731164759826], [-80.58743094285187, 39.261111648388386], [-80.5858129426099, 39.264577646016825], [-80.58807794227839, 39.26697964661898], [-80.58619994208341, 39.270076644215735], [-80.58032394217528, 39.27217863954524], [-80.57749794193373, 39.2762996361462], [-80.57989294168574, 39.277722637196455], [-80.57776494138231, 39.28215163414759], [-80.58156594102451, 39.28401063595531], [-80.58709494085977, 39.28285264002344], [-80.59047994045328, 39.28545064127416], [-80.5937019403888, 39.28443564377288], [-80.5963999400948, 39.286175644889475], [-80.602450940003, 39.28395964970337], [-80.60430193971774, 39.28604765012721], [-80.60246993962174, 39.28804964816492], [-80.60368493928348, 39.291041647826404], [-80.59605793909316, 39.297158640521715], [-80.59255993865634, 39.303752635756005], [-80.58623793899248, 39.30353063172161], [-80.58468593885041, 39.30590962982154], [-80.58518993847385, 39.309716628726015], [-80.58149893837316, 39.31281862517251], [-80.58240493800054, 39.31636662443648], [-80.5760259384243, 39.315256620718465], [-80.5706209383062, 39.31951361564461], [-80.56824193852947, 39.31838961452112], [-80.56509893855053, 39.31989461193475], [-80.56319493816541, 39.32516060877066], [-80.56404993795573, 39.32697860865393], [-80.55640093766353, 39.334452600998105], [-80.55730293737531, 39.337107600607084], [-80.54555193724002, 39.3452395901322], [-80.54476293668296, 39.35183158724533], [-80.53352993697685, 39.3550295789499], [-80.53263993646318, 39.361237576163106], [-80.54437293526661, 39.367676581270935], [-80.53995893497843, 39.37342157641427], [-80.53995193465413, 39.37700957511808], [-80.54275693412146, 39.38125257535069], [-80.53960493410213, 39.38331357263092], [-80.53820993387151, 39.3866835705449], [-80.54270393341407, 39.389091572488546], [-80.54433893270563, 39.395943571034486], [-80.54743093247605, 39.39664657270615], [-80.5477489318194, 39.40369057035131], [-80.53907693169005, 39.41029056259465], [-80.53779193135874, 39.41472556020593], [-80.53929093109886, 39.41669756042163], [-80.53756693092282, 39.41968355828564], [-80.53792793064493, 39.42253955748146], [-80.54373493026458, 39.42323256080168], [-80.54308593001349, 39.42639555926095], [-80.54474492972085, 39.42861955947508], [-80.54168892969734, 39.430732556839885], [-80.53613192998603, 39.430920553369575], [-80.53316592992016, 39.43345955064467], [-80.52667293048835, 39.431121547506315], [-80.51862693058362, 39.434997541210166], [-80.51559893050518, 39.43774053839284], [-80.51925493018712, 39.439033540166434], [-80.5177929299097, 39.44303253786231], [-80.51940092951632, 39.44642453764107], [-80.51880492930934, 39.44910353633184], [-80.51515992922916, 39.45226953300456], [-80.51405392879423, 39.45782253037946], [-80.49398914102042, 39.46114703153097], [-80.49408316576083, 39.46959803588003], [-80.29345987743628, 39.43422837319931], [-80.29079987666806, 39.43576937079893], [-80.2897628765578, 39.43217237089656], [-80.28245787448077, 39.435749364473075], [-80.27975987389672, 39.43286536312084], [-80.27030487152577, 39.43005735659629], [-80.19728683221096, 39.39318630552717], [-80.20267383584827, 39.39009231065013], [-80.20037983434611, 39.3850933097465], [-80.20393283674144, 39.385275312686325], [-80.2032528363073, 39.382676312646865], [-80.20511383757356, 39.38190931436554], [-80.20288383611475, 39.376510313594146], [-80.19891983342607, 39.37570831041822], [-80.2001138342586, 39.37302631196719], [-80.20232783576384, 39.37348131374258], [-80.20225383602431, 39.33842132081613]]]}}, {"id": "17", "type": "Feature", "properties": {"county": "Barbour"}, "geometry": {"type": "Polygon", "coordinates": [[[-79.8268043213145, 39.10477799683965], [-79.82709231936191, 39.10280299674722], [-79.83379232590264, 39.1001030018611], [-79.83809232631603, 39.095103004614245], [-79.84959334301753, 39.094903014157836], [-79.8547933433201, 39.08840301745988], [-79.85439333864765, 39.08480301655621], [-79.8589933360063, 39.07630301907092], [-79.86319333838496, 39.072703022036414], [-79.86059332972164, 39.068503019195866], [-79.86589333224035, 39.06340302287068], [-79.86549332576311, 39.05810302171489], [-79.86959332461731, 39.05120302412548], [-79.87279331141102, 39.03440302428694], [-79.87699331165442, 39.02830302695462], [-79.87919330582784, 39.019503027520265], [-79.88729430212801, 39.00320403208386], [-79.88739428604534, 38.994904029082946], [-79.89209427490685, 38.98710402922873], [-79.89189325887347, 38.980804025854844], [-79.89509425655227, 38.97740402699982], [-79.89599324848005, 38.973404025798956], [-80.08506251531577, 38.94723621295392], [-80.08116551613627, 38.95141420921971], [-80.07354050635905, 38.950927199942], [-80.07188650864235, 38.95411119874072], [-80.06388950465681, 38.95820019022993], [-80.06382450933964, 38.961711191064026], [-80.07286952324252, 38.96415220238275], [-80.0724705285496, 38.96846720297358], [-80.06748252058159, 38.96685819670609], [-80.06375851966096, 38.96938119297778], [-80.06170252503446, 38.975087192065864], [-80.05265151473816, 38.97516318154875], [-80.0538055294762, 38.984911185574795], [-80.05131653474216, 38.99076018434712], [-80.05174453955654, 38.993902185709736], [-80.04694053810961, 38.99670218105744], [-80.05157554846727, 39.00097018727727], [-80.05468755240963, 39.001725190821986], [-80.05493955521054, 39.00534519131861], [-80.04439354767378, 39.01092717987996], [-80.04636455173198, 39.01363718225967], [-80.05300056005426, 39.01528718974851], [-80.05912857132088, 39.02202819693489], [-80.05401057003908, 39.02802019163264], [-80.0551965772345, 39.0365391934382], [-80.05668857924626, 39.037183195106024], [-80.06096758164959, 39.034166199619186], [-80.0671395907748, 39.038037206564866], [-80.12819865451739, 39.03779527322721], [-80.14430568230343, 39.05683729042517], [-80.15177069825174, 39.07162129804923], [-80.16783172295212, 39.08758331444337], [-80.19963675951085, 39.09855834700089], [-80.20946976839565, 39.09735735730123], [-80.21613977927306, 39.106724363441394], [-80.22717379255772, 39.112792374242694], [-80.22468480371056, 39.141964369008626], [-80.22671280989752, 39.15143537014749], [-80.22468781713951, 39.17097736634405], [-80.1663878055963, 39.24228330672365], [-80.1500417908255, 39.23825029194885], [-80.02341170051875, 39.247892177075705], [-79.97260065632483, 39.26369513337733], [-79.9663996502163, 39.26819512810602], [-79.96109964458623, 39.268796123931516], [-79.95609964102971, 39.28198311874081], [-79.95002663454264, 39.28198611403795], [-79.94678563184095, 39.28722811101466], [-79.94233262753622, 39.29017410728305], [-79.94257562872365, 39.296455106859234], [-79.9360506218748, 39.29683110178382], [-79.93257361762137, 39.29312009945492], [-79.9323166167934, 39.28953509960022], [-79.9249966089233, 39.2889840939922], [-79.91598360028071, 39.294662086490554], [-79.91262959629047, 39.29207008414085], [-79.91231359553969, 39.289605084126066], [-79.90788559078815, 39.28934708072594], [-79.9064825897849, 39.292179079379736], [-79.90855759257492, 39.29561508066549], [-79.90859759324672, 39.29929508035578], [-79.90499459008963, 39.30303807723018], [-79.90246158746469, 39.303293075252974], [-79.89775958191096, 39.299936071931825], [-79.89288457657594, 39.29890806826221], [-79.89010757370986, 39.29928106608501], [-79.88866257284242, 39.30285206464926], [-79.88682856998024, 39.29785306368177], [-79.87990456207129, 39.29477205860846], [-79.87216055384631, 39.294671052634875], [-79.87097055182068, 39.290782052054695], [-79.86716354767104, 39.29025204915748], [-79.86173154085324, 39.285099045400244], [-79.86103553927713, 39.28099804521344], [-79.8585135364644, 39.2804280433089], [-79.86011453714183, 39.27535704498336], [-79.85867153516334, 39.27325704404409], [-79.85351152940912, 39.27224304012799], [-79.85237352770166, 39.26992903944089], [-79.85423552850663, 39.264163041375], [-79.85162852536621, 39.262619039480086], [-79.85088352333604, 39.25679603939231], [-79.85335852466349, 39.2502820418694], [-79.85033051738873, 39.24657303898764], [-79.83904850120054, 39.24333002965635], [-79.83628649524753, 39.24086902709376], [-79.81888247540934, 39.24047901341636], [-79.80928745889098, 39.23578800509553], [-79.81029045233834, 39.2296000048078], [-79.80889144352356, 39.22380000269887], [-79.81669144615708, 39.218600007954166], [-79.81418843190481, 39.20940100439336], [-79.81758843130282, 39.20560100643958], [-79.82008742650963, 39.19920000733537], [-79.82679342937816, 39.194801011938445], [-79.82259341914356, 39.190602007875945], [-79.82219341368007, 39.18650200686154], [-79.82859341149133, 39.17800201056611], [-79.82699240538162, 39.174602008708796], [-79.82749138899457, 39.160402006730855], [-79.83299338885898, 39.15420201016002], [-79.83439338303391, 39.147702010223234], [-79.83299337582085, 39.14320200833761], [-79.83479337530494, 39.14070200939363], [-79.83589336843576, 39.133602009122946], [-79.83809336841638, 39.13100201049912], [-79.83619236119446, 39.12710200829822], [-79.82989235170187, 39.126502003022765], [-79.82859234809585, 39.125003001703924], [-79.82969234736649, 39.123103002291415], [-79.82829234396603, 39.121903000938616], [-79.83089234464539, 39.11940300266318], [-79.82519233274171, 39.11620299742665], [-79.82629233009739, 39.11270299774646], [-79.82399232186077, 39.10860299515348], [-79.8268043213145, 39.10477799683965]]]}}, {"id": "18", "type": "Feature", "properties": {"county": "Tucker"}, "geometry": {"type": "Polygon", "coordinates": [[[-79.44757303817875, 39.184206778916625], [-79.44277203553796, 39.186006777266236], [-79.44217204077908, 39.19170677749715], [-79.4350720341785, 39.191806774801265], [-79.4287720231475, 39.186706772055445], [-79.42337102244095, 39.19110677030101], [-79.41437101161686, 39.18870676674731], [-79.40577000594106, 39.191206763613856], [-79.40087000046246, 39.19030676171193], [-79.39286999537423, 39.192906758768586], [-79.39276999885139, 39.196705758865185], [-79.39006899927583, 39.19990575793035], [-79.38206899189889, 39.200205754833], [-79.38156899511051, 39.20420575474028], [-79.37786899200393, 39.204705753300836], [-79.37466898709478, 39.20270575200664], [-79.37026798386003, 39.20380575030403], [-79.3695679810172, 39.20140574999496], [-79.36506797490804, 39.19940574822129], [-79.35876797260961, 39.203605745799024], [-79.35736797524218, 39.20810574526687], [-79.34846596565204, 39.207004741750765], [-79.34516596600646, 39.21110574041813], [-79.34506596824487, 39.213805740357884], [-79.33456495881708, 39.214805736133336], [-79.32816495120225, 39.213205733599715], [-79.32346594228625, 39.208005731860126], [-79.31766294027554, 39.212403729423364], [-79.31376093475147, 39.21030272794008], [-79.3094609311335, 39.21100272620298], [-79.30546092490935, 39.20810372473589], [-79.305162921813, 39.204604724770455], [-79.30166191764071, 39.20360472344346], [-79.29606290760277, 39.19770572155701], [-79.29376390133224, 39.19250572094926], [-79.28926389490277, 39.18970571939482], [-79.2894638942355, 39.18860571953412], [-79.29676390101022, 39.188504722298255], [-79.2986639005768, 39.18570572315453], [-79.30856590683993, 39.18200472702086], [-79.31296790718106, 39.177405728826315], [-79.3109679020105, 39.17330472824783], [-79.3119649000786, 39.16980672874178], [-79.32216590462939, 39.16410673258503], [-79.3236659009913, 39.15810673328001], [-79.32796590205636, 39.15480673486271], [-79.33176589951293, 39.14780673631994], [-79.33106589224012, 39.13990673624069], [-79.32676588485218, 39.13550673491038], [-79.32656588242384, 39.13280673490986], [-79.32936588211774, 39.12960673589667], [-79.33596588566033, 39.127206738077625], [-79.33522588210825, 39.123759737895604], [-79.33144387723615, 39.12173673672766], [-79.33130487467587, 39.11883873674141], [-79.34560887814966, 39.10915374131562], [-79.34691187197956, 39.100823741763804], [-79.349523872396, 39.09890274255092], [-79.34820186685089, 39.093741742182694], [-79.35546786621221, 39.08650774429376], [-79.33409384631025, 39.08265573825175], [-79.32741883376316, 39.07382773657438], [-79.31470482119661, 39.07024973321089], [-79.30656682052883, 39.077033730717254], [-79.29816381108773, 39.07320972857801], [-79.29877180803523, 39.068775728963224], [-79.30237980679604, 39.063829730164656], [-79.3013158031209, 39.06020673005271], [-79.30423479734088, 39.05030373125748], [-79.30384979438941, 39.04696273130951], [-79.30861279320804, 39.04127773273094], [-79.31348479731959, 39.04209473389522], [-79.31785479642893, 39.03724673512485], [-79.3145077904417, 39.03278973447353], [-79.31182578839068, 39.03255573384572], [-79.31024378545986, 39.03029273355876], [-79.31227577780705, 39.01916273444994], [-79.3204177774888, 39.01215273649134], [-79.3197897685302, 39.0018017366683], [-79.32555276956516, 38.999215737219394], [-79.3287787662735, 38.99569673478289], [-79.33046574730687, 38.98260972363659], [-79.33662974224222, 38.97718672054837], [-79.34266673094646, 38.968108714526736], [-79.35596673130397, 38.964509715604045], [-79.36446773963117, 38.967109720270976], [-79.37926774428944, 38.9658097237817], [-79.38886875644691, 38.97000972971114], [-79.40866277347797, 38.97383473803581], [-79.42093977538721, 38.9716807401728], [-79.43446779185915, 38.97640374682989], [-79.44942279462715, 38.97407374969555], [-79.46063080442204, 38.975935753801444], [-79.46360080338631, 38.97477775404725], [-79.4731848157015, 38.9780437582687], [-79.48280881900676, 38.97727776053592], [-79.48773381602528, 38.97490676086443], [-79.49558282592449, 38.97737076406118], [-79.49964082294346, 38.97524876433115], [-79.50070981218828, 38.97054376294844], [-79.50381481244003, 38.96992876431218], [-79.50819482097933, 38.97240876757849], [-79.50876482810209, 38.975172768992195], [-79.78568517404598, 39.037403950475415], [-79.78538917669592, 39.03980495066045], [-79.78218917181091, 39.04000494797149], [-79.78038917522872, 39.04480494732122], [-79.77698917205164, 39.04650494474579], [-79.77918918781134, 39.05580494832877], [-79.77648918622434, 39.05780494641453], [-79.77688919055626, 39.06060494727108], [-79.77398918936751, 39.063104945287215], [-79.77648919735148, 39.066204947970725], [-79.77678920271167, 39.069903948908404], [-79.77448920210803, 39.072103947382466], [-79.77528920930537, 39.076603948890465], [-79.78068922499253, 39.08230395446875], [-79.77958922610424, 39.08440395393481], [-79.78889225039445, 39.0924019631622], [-79.78879025684594, 39.097502964000455], [-79.79429026913758, 39.10080396916627], [-79.7993892857016, 39.10800297467811], [-79.81599031513383, 39.11250298919769], [-79.82119132961039, 39.11830299448124], [-79.82509233211779, 39.11580299727675], [-79.83089234464539, 39.11940300266318], [-79.82829234396603, 39.121903000938616], [-79.82969234736649, 39.123103002291415], [-79.82919234989058, 39.12580300233085], [-79.83619236119446, 39.12710200829822], [-79.83809336841638, 39.13100201049912], [-79.83589336843576, 39.133602009122946], [-79.83479337530494, 39.14070200939363], [-79.83299337582085, 39.14320200833761], [-79.83439338267937, 39.14740201017368], [-79.83299338885898, 39.15420201016002], [-79.82749138899457, 39.160402006730855], [-79.82699240538162, 39.174602008708796], [-79.82859341149133, 39.17800201056611], [-79.82219341368007, 39.18650200686154], [-79.82259341914356, 39.190602007875945], [-79.82679342937816, 39.194801011938445], [-79.82008742650963, 39.19920000733537], [-79.81758843130282, 39.20560100643958], [-79.81418843190481, 39.20940100439336], [-79.81669144615708, 39.218600007954166], [-79.80899144339013, 39.22360000274287], [-79.81008945297839, 39.23030000477135], [-79.6872833541228, 39.27139792091732], [-79.50757612987326, 39.21620580736205], [-79.48657508551666, 39.194306794715445], [-79.4845750785231, 39.18960679339324], [-79.48057407335818, 39.18830679172838], [-79.47377405993011, 39.181706788443705], [-79.46777405139854, 39.17890678592458], [-79.46297205042997, 39.182206784477806], [-79.45086904187073, 39.18480778020206], [-79.44757303817875, 39.184206778916625]]]}}, {"id": "19", "type": "Feature", "properties": {"county": "Clay"}, "geometry": {"type": "Polygon", "coordinates": [[[-81.09878829936943, 38.32603290338865], [-81.23143428807991, 38.26371683786335], [-81.25444637826179, 38.37510191398119], [-81.283872444934, 38.47202998246885], [-81.13047051745507, 38.56618501206605], [-81.08342255563538, 38.61227001494635], [-81.0316776072479, 38.66784001592128], [-80.97596156706723, 38.62509700312043], [-80.97894556360566, 38.620671003955664], [-80.97895555776122, 38.61445600371396], [-80.97733355381135, 38.61071000302912], [-80.97108355219278, 38.61073300096021], [-80.97267854327974, 38.60093700113304], [-80.9700385351342, 38.5932050000015], [-80.96653453416346, 38.59327199887416], [-80.9616935360721, 38.59670199741895], [-80.9576975354964, 38.59729199614072], [-80.95514652975034, 38.59220699517343], [-80.94783352753183, 38.5921629928186], [-80.94630552306414, 38.5881589922346], [-80.93581651518107, 38.583575988798486], [-80.93187251429315, 38.583914987551495], [-80.92992951248348, 38.58275198691699], [-80.9298835100078, 38.58036998686718], [-80.92634250780478, 38.57933998573511], [-80.92496849945444, 38.571753985208325], [-80.91761449275035, 38.56774598288231], [-80.9130184863377, 38.563206981430824], [-80.9150334793064, 38.555912981996585], [-80.9128434697791, 38.54772198128061], [-80.91774446857929, 38.544816982723326], [-80.91348246428375, 38.54232898143668], [-80.90854646311956, 38.54304397997452], [-80.90646445990073, 38.54080997934906], [-80.89149944969407, 38.53691397493616], [-80.88944144552269, 38.53389897434757], [-80.89010444265314, 38.53106597455626], [-80.88826144103344, 38.53029297402439], [-80.88910343380125, 38.52346397430811], [-80.88164541816307, 38.51238497226972], [-80.88123241197215, 38.507045972204864], [-80.8787244074169, 38.5040299715378], [-80.87245540311166, 38.502803969814885], [-80.86861640301078, 38.50427296872814], [-80.86460839633327, 38.50010296769017], [-80.82527536800198, 38.494363954859985], [-80.81742433653379, 38.478553947237685], [-80.91136129849781, 38.414785944667], [-80.99982532150234, 38.372307942257926], [-81.00472331889472, 38.36876493996009], [-81.02893131406339, 38.35891293184442], [-81.09878829936943, 38.32603290338865]]]}}, {"id": "20", "type": "Feature", "properties": {"county": "Logan"}, "geometry": {"type": "Polygon", "coordinates": [[[-81.91673011717079, 37.68050293301066], [-81.91974212341466, 37.68120693300492], [-81.92334213389236, 37.679606925911465], [-81.92624213762447, 37.68200693097179], [-81.930252146991, 37.682006928289], [-81.93834317255524, 37.6775069093285], [-81.93914317954997, 37.67410689851797], [-81.94482619800871, 37.67121888562421], [-81.95234321001999, 37.67520689244346], [-81.95544321790638, 37.67500688961439], [-81.95710923130015, 37.66966787172805], [-81.96444425391331, 37.66740685908026], [-81.96664426497512, 37.66450684816477], [-81.96914426740577, 37.66660685294505], [-81.97344427997872, 37.66580684707097], [-81.97394427648939, 37.66820685444471], [-81.9794442906248, 37.66810684996442], [-81.98404431251714, 37.66330683066723], [-81.98544432563153, 37.65890681502661], [-81.99184434403408, 37.65830680781491], [-81.99164435313521, 37.654006793601795], [-81.98734434878588, 37.65060678595423], [-81.99184436849094, 37.64740677135848], [-81.99174437874699, 37.642706755730195], [-81.99344438842985, 37.64060674713096], [-81.99505238648605, 37.64351075541044], [-82.00040439563267, 37.645270757162216], [-81.99885138640107, 37.648222767921645], [-81.99934537819273, 37.65230678133767], [-82.00278136885048, 37.65438678955265], [-82.00103035387335, 37.66246081583029], [-82.00668033582255, 37.66522082821624], [-82.0111423274904, 37.66484182935659], [-82.01510531241726, 37.668150842370146], [-82.02264729734284, 37.66815084626122], [-82.02159328707707, 37.67441486600793], [-82.02246828172227, 37.676304872529826], [-82.02455327808092, 37.676188873109176], [-82.02401426732662, 37.68227289246324], [-82.02696225726525, 37.684885902045274], [-82.03178924739812, 37.685810906878785], [-82.03421823033203, 37.69322493115929], [-82.0379442246121, 37.69318793228974], [-82.04125420582365, 37.701588959414295], [-82.0467541959388, 37.70300996526444], [-82.05082619397682, 37.70050195874442], [-82.05567618567193, 37.7015309631899], [-82.05778918015722, 37.703446969473625], [-82.05579718063514, 37.70509497388509], [-82.05693317816815, 37.705796976261645], [-82.06433916866816, 37.70552197725832], [-82.0772401564442, 37.70046896609161], [-82.08264814777779, 37.70156497068204], [-82.08266214523348, 37.70441197864917], [-82.08075114641841, 37.705931982437534], [-82.08594813856796, 37.70709398691979], [-82.08383913543553, 37.713890005377394], [-82.08828812727315, 37.717573016351075], [-82.08564012681771, 37.72167002730373], [-82.09198911956034, 37.72253503048027], [-82.08570512236645, 37.72693504192272], [-82.08522212042767, 37.72978604980074], [-82.0856991181073, 37.73205705613621], [-82.09402610911887, 37.73473006383623], [-82.09291610779562, 37.737890072402806], [-82.0901601088883, 37.739205075979235], [-82.09116910594086, 37.74220908419816], [-82.09383110278581, 37.744169089468016], [-82.0972651013709, 37.74289808592899], [-82.09943709760948, 37.74683409640544], [-82.10251909642463, 37.745608092986835], [-82.10562809248313, 37.750512105162706], [-82.10836409100077, 37.749830103748224], [-82.11004109121679, 37.74700509627994], [-82.11704008689902, 37.74760609742657], [-82.11580108727841, 37.75208210669347], [-82.1118230895194, 37.75275710800587], [-82.1123920899927, 37.757382114800464], [-82.11038909103904, 37.7573801149667], [-82.10934909189116, 37.75930011790021], [-82.11202409101699, 37.762361122196886], [-82.11099609218061, 37.76623912803001], [-82.10518909495639, 37.76533112722521], [-82.10036109761397, 37.766947130084105], [-82.10413109633453, 37.771025135794055], [-82.10098509877047, 37.77736214555341], [-82.10387009773802, 37.779654148659006], [-82.10035309976112, 37.78231015300073], [-82.10265209898517, 37.78431015572428], [-82.09989010062255, 37.786983160024704], [-82.10708109763115, 37.78867516170387], [-82.10543309891962, 37.792300167285305], [-82.10156010094768, 37.79457617114757], [-82.10206710119935, 37.79786417598329], [-82.10581910009753, 37.80114218037628], [-82.1134370969875, 37.801626180095376], [-82.11930709532568, 37.80592018564374], [-82.12287809364203, 37.80474018342674], [-82.1248540940337, 37.810833192091394], [-82.12654309312086, 37.80962319008187], [-82.12891309244472, 37.81092519165346], [-82.13345509053113, 37.81039619024199], [-82.13472509081572, 37.81397019526462], [-82.13225909228552, 37.81634819908737], [-82.13533309222173, 37.82136120592801], [-82.13363909391768, 37.82625121330763], [-82.13877509284787, 37.82962721739814], [-82.13912609368451, 37.83378022336606], [-82.14425009235418, 37.83551322502365], [-82.14617609228577, 37.83786222809175], [-82.14023309554973, 37.84337723709338], [-82.135385097172, 37.84371323843265], [-82.13480209800547, 37.84664524280175], [-82.11281610595266, 37.85314825634926], [-82.1141601062567, 37.85722626212287], [-82.11233410719635, 37.859708266140736], [-82.11415210674767, 37.86006526631768], [-82.11717210545929, 37.857591262088285], [-82.1198741048036, 37.85821626249298], [-82.1212111055761, 37.86431927120618], [-82.12426110510148, 37.86609427320627], [-82.12425610619188, 37.87165028135427], [-82.12649710584374, 37.87273028247518], [-82.1263841063766, 37.87524028617338], [-82.12880910632492, 37.8778502894808], [-82.12763110701536, 37.87986229267353], [-82.12265010844864, 37.88128229582423], [-82.12105210847615, 37.87948129352167], [-82.11854210948434, 37.881789297456145], [-82.11911210995905, 37.88507930217516], [-82.12211010967744, 37.88706830443801], [-82.1201611110903, 37.89239231269989], [-82.12321211150352, 37.8977323198426], [-82.12786411124601, 37.90081032326065], [-82.13162411031986, 37.899702320756504], [-82.13441711019567, 37.9014993227158], [-82.14438510823378, 37.90088431946548], [-82.14952710807677, 37.9039543226702], [-82.14991910855352, 37.90608032563605], [-82.1598351072673, 37.90754032532462], [-82.16112810827303, 37.91185633117042], [-82.16368010802083, 37.91237233127296], [-82.16430610842401, 37.91409533357097], [-82.16347611125695, 37.92346934713527], [-82.16655911153548, 37.925762349592915], [-82.16985811105178, 37.9255213483849], [-82.17327511180999, 37.92932135286359], [-82.17165811289135, 37.93222235740267], [-82.17223811414732, 37.93648536328106], [-82.17539911431244, 37.93799436454626], [-82.17689011386754, 37.93705036280379], [-82.18244211503294, 37.942170368472176], [-82.18584711484695, 37.942479367951954], [-82.18727011588884, 37.94584937227008], [-82.18494411716507, 37.949081377462015], [-82.18110711804421, 37.950937381174114], [-82.18445011925068, 37.9551443861083], [-82.19000511902769, 37.95537838480386], [-82.19245612040743, 37.95961338998792], [-82.19716912133408, 37.96269639286457], [-82.19027012455507, 37.97111740670571], [-82.1906581258408, 37.97477841169635], [-82.07277713090427, 38.007156493662364], [-82.06626913015549, 38.005753494606985], [-82.06364213120082, 38.0095644989976], [-82.04457513191828, 38.014757510315455], [-82.02748813100324, 38.014371515838015], [-82.02546013205496, 38.017945519837276], [-82.01793513138688, 38.01693252149381], [-82.0165691324572, 38.02043352520482], [-82.01287113288758, 38.02226552817838], [-82.00692413202916, 38.02043652853704], [-81.99844813113572, 38.02035353115797], [-81.98877612922622, 38.02488453730081], [-81.98402512641054, 38.021659535238555], [-81.9766361242927, 38.023096538052215], [-81.97232112111145, 38.01866353475691], [-81.96683312097952, 38.02354554042656], [-81.95776011769946, 38.02338854208731], [-81.95429011548526, 38.02092954046075], [-81.94893111401633, 38.02204154257485], [-81.94333011163137, 38.021116542813736], [-81.9429041126418, 38.02390454553619], [-81.93385111025377, 38.0258015491418], [-81.93250710958894, 38.025356548988206], [-81.9615491126702, 38.00697552589562], [-81.97944511710759, 37.99163950257244], [-81.98034811760073, 37.986400494048034], [-81.9775481163987, 37.98230048806255], [-81.96774811175698, 37.97760048250467], [-81.96294810949755, 37.97840148472341], [-81.95814710697923, 37.97480147994741], [-81.95374710480915, 37.97460148049872], [-81.94994710267318, 37.97180147680483], [-81.93684709694061, 37.977401488273784], [-81.91234608473323, 37.9755014900981], [-81.91094608300297, 37.97130148374183], [-81.90244507810401, 37.969102481958174], [-81.90184507551503, 37.96110246945919], [-81.86114404773483, 37.94830345753483], [-81.81456701945666, 37.947240465333685], [-81.8063410097193, 37.93990445558103], [-81.8020410070966, 37.94000445661722], [-81.80114100402452, 37.936304451043405], [-81.79234099803915, 37.93580445207485], [-81.78984099773527, 37.93760445538591], [-81.7884409953913, 37.935604452566096], [-81.78564099418354, 37.93640445438439], [-81.7817409904087, 37.93470445254716], [-81.77993998779961, 37.93280444996947], [-81.78244098785609, 37.93070444619371], [-81.7820399861606, 37.92880444332732], [-81.7740399762621, 37.923004435990734], [-81.7722399722488, 37.91950443093999], [-81.77383997070903, 37.9161044253337], [-81.77253996724757, 37.912904420645525], [-81.76063895721099, 37.911305420674786], [-81.76443895508382, 37.905305410582514], [-81.76193895102115, 37.90270540708759], [-81.7596389498365, 37.903405408659744], [-81.76063894809573, 37.900405403804015], [-81.75893894382001, 37.89690539875017], [-81.75953894076575, 37.89270539212222], [-81.75703893857118, 37.892505392349406], [-81.75993893874049, 37.88990538770299], [-81.76053893689028, 37.88710538324014], [-81.75913893404176, 37.88510538044734], [-81.7644389366837, 37.88290537589451], [-81.7690389362459, 37.877505366530286], [-81.772038938299, 37.87680536479174], [-81.77383893610148, 37.872005356956855], [-81.78173894147842, 37.869805351812275], [-81.78223893997287, 37.86720534766661], [-81.77163892613031, 37.86190634178435], [-81.77443892654352, 37.85910633682351], [-81.77443892239674, 37.85380632860501], [-81.76723891717535, 37.855906333462116], [-81.76233790677827, 37.8490063238696], [-81.75873790417717, 37.85010632637726], [-81.7544378986035, 37.84850632486409], [-81.7527378940722, 37.84520632014244], [-81.7459378905735, 37.84410631888984], [-81.74633788809462, 37.84130631457708], [-81.75039688559409, 37.83818930982238], [-81.74693788420153, 37.83690630779941], [-81.74473787744712, 37.82910729564565], [-81.74223687571002, 37.82700729228812], [-81.73063687418531, 37.82470728821557], [-81.73193686654677, 37.816107274955954], [-81.72463686507993, 37.81410727152218], [-81.72313586116458, 37.80960726447807], [-81.71843586276637, 37.81120726673901], [-81.71333586190742, 37.81000726463943], [-81.7027358684563, 37.81690727486133], [-81.69953587463188, 37.823707285281415], [-81.6973358744591, 37.823407284717156], [-81.69683587287957, 37.82160728189711], [-81.69093587321798, 37.82170728178778], [-81.68883587562362, 37.824307285738136], [-81.68203487716467, 37.82570728761528], [-81.67993488163117, 37.830607295152106], [-81.67503488256312, 37.831407296185695], [-81.67283488024633, 37.82870829188477], [-81.66753488092638, 37.8292082924326], [-81.66553488433006, 37.832908298115264], [-81.66103488390328, 37.832208296829485], [-81.65873488598062, 37.834408300163496], [-81.65473388094944, 37.82860829093722], [-81.64983388341295, 37.83110829462795], [-81.64803388277276, 37.83030829330011], [-81.65013387863216, 37.825808286362474], [-81.64403387655332, 37.8232082820291], [-81.64683387373327, 37.82020827746649], [-81.64643387158927, 37.81780827369823], [-81.64403386916631, 37.815008269212655], [-81.6354328659968, 37.81110826271606], [-81.63153286208751, 37.80660925549316], [-81.63233285916542, 37.803409250523345], [-81.62833285850476, 37.8025092489228], [-81.62583285642845, 37.80010924504439], [-81.62243285782401, 37.80150924707288], [-81.61793285654402, 37.799909244348356], [-81.6137318540701, 37.797009239597685], [-81.61323185009526, 37.79260923267382], [-81.60753184675583, 37.78870922627171], [-81.61383184408466, 37.786009222355155], [-81.61963184352203, 37.78560922202268], [-81.62373184057455, 37.78250921737542], [-81.6275328433405, 37.7857092225807], [-81.63803283567134, 37.77760921044591], [-81.64413283682325, 37.77910921310833], [-81.65293283581367, 37.77830921231566], [-81.65713383702274, 37.77980921487539], [-81.66573383243616, 37.77500920783539], [-81.66973383579924, 37.778909214124745], [-81.67513483007788, 37.772709204746356], [-81.68303383295056, 37.776208210610896], [-81.68803483189738, 37.77520820931699], [-81.68993482987639, 37.77300820599483], [-81.69383483073186, 37.77410820791135], [-81.69693482547478, 37.76830819905989], [-81.70423582445201, 37.767408198053865], [-81.70783582079451, 37.7634081920376], [-81.71163582218851, 37.765108194882714], [-81.72003682034511, 37.763308192547036], [-81.7239368213783, 37.7646081947743], [-81.72803581684315, 37.75960818725089], [-81.73533581927612, 37.76260819229692], [-81.74063581665673, 37.759808188254404], [-81.74333582062343, 37.764408195517646], [-81.75223681909792, 37.75950818776387], [-81.7549368192537, 37.75550818092289], [-81.76193682958424, 37.75660818092269], [-81.76453682904737, 37.75170817270262], [-81.7017337520947, 37.70140908145711], [-81.71063474851736, 37.698809077231566], [-81.71643475065457, 37.70090908145665], [-81.73323474049569, 37.693209068366905], [-81.73393473579868, 37.689309061249496], [-81.73263473194952, 37.686009055105814], [-81.73693472759585, 37.68260904914006], [-81.74233572733871, 37.68270904967333], [-81.74693572329369, 37.67960904428322], [-81.74973572525857, 37.681409047767595], [-81.75133573299068, 37.68530905407279], [-81.75563574328143, 37.685709052032514], [-81.76513575706943, 37.677709030464726], [-81.76863576611552, 37.678409029394786], [-81.77123677016277, 37.67600902287527], [-81.77773678751711, 37.678009022298475], [-81.7794367907227, 37.6769090188986], [-81.78003678875686, 37.67250900958125], [-81.78343679723153, 37.67260900730924], [-81.7876368052037, 37.66900899680278], [-81.79043681357929, 37.67110899908485], [-81.79303681993824, 37.670908996747826], [-81.79893683101082, 37.6637089769835], [-81.80263784012246, 37.66260897170512], [-81.8029368399606, 37.660507966920186], [-81.80840785487901, 37.66175596527004], [-81.81443786886776, 37.65530894605251], [-81.81723787671821, 37.65630794596449], [-81.82283789287384, 37.662507955512815], [-81.82820690700846, 37.66365395392903], [-81.8337389214559, 37.671707968580094], [-81.83803893211042, 37.67210796638043], [-81.84630795378794, 37.66504594313527], [-81.85028396418907, 37.66436993839073], [-81.85586097764158, 37.667564942018466], [-81.86502399598304, 37.67890896401974], [-81.86884000452584, 37.68000796422455], [-81.87334001632992, 37.67790795568804], [-81.87484002441447, 37.670107934256905], [-81.88924106283858, 37.66710791544049], [-81.89294107652043, 37.66200789871301], [-81.90234110193083, 37.66120788902172], [-81.90674111155427, 37.66310789085164], [-81.9075411079076, 37.6686069057193], [-81.91174211686962, 37.67010690682386], [-81.91264211611437, 37.67280691385], [-81.91044210743662, 37.67580692395719], [-81.91104210692544, 37.67760692864466], [-81.9140421109435, 37.68040693455979], [-81.91673011717079, 37.68050293301066]]]}}, {"id": "21", "type": "Feature", "properties": {"county": "Pleasants"}, "geometry": {"type": "Polygon", "coordinates": [[[-81.23903576370495, 39.26857691403247], [-81.24401876138263, 39.27090391408], [-81.24757875934597, 39.27656491232806], [-81.26026175282193, 39.281364911086456], [-81.26074575214426, 39.286039909020815], [-81.25919775282159, 39.28693390856524], [-81.26027575188533, 39.2912519066807], [-81.26564574885049, 39.29545690500956], [-81.27687974348184, 39.293817906161735], [-81.28338873998122, 39.29704990497352], [-81.28915773721783, 39.29627690553467], [-81.29086073622334, 39.29797390484793], [-81.29694773317907, 39.29854690482607], [-81.30521272920376, 39.2976139055525], [-81.3133077249682, 39.30041490462626], [-81.32415971981189, 39.29849690588428], [-81.32323371997077, 39.30173290442678], [-81.32596271849255, 39.303237903870496], [-81.3245987190239, 39.30475390315184], [-81.32831971653133, 39.3120369000985], [-81.32401371825942, 39.31625089807708], [-81.32680771680265, 39.31718989777595], [-81.32592371699133, 39.31987089656307], [-81.32803871574617, 39.32214489564964], [-81.33064171456932, 39.3210508962348], [-81.33314571307086, 39.32401689503496], [-81.33535971198073, 39.3240658951033], [-81.33869671048026, 39.322570895893506], [-81.33759971131099, 39.3193518972594], [-81.3410147096707, 39.31896689756494], [-81.34908870482037, 39.32879689359302], [-81.35770170093987, 39.32500889559856], [-81.35465870269704, 39.32207189675662], [-81.35559870233968, 39.32092289729594], [-81.36363869843385, 39.32050289780262], [-81.36642769673307, 39.324208896301656], [-81.36159169899207, 39.325457895561115], [-81.36723069595227, 39.32852089445765], [-81.36701569558433, 39.33379389215389], [-81.37147869261725, 39.34250388855221], [-81.35691169968888, 39.34317888764045], [-81.34492770522853, 39.34679488555022], [-81.3017707240028, 39.37222887247141], [-81.28140473329523, 39.37925986843022], [-81.27029273808412, 39.386047864900874], [-81.2597867431486, 39.38669986412032], [-81.25038074741575, 39.39010686215939], [-81.24435974994005, 39.39041086075965], [-81.2235817590738, 39.3860628581145], [-81.21731576155909, 39.38759085604734], [-81.211654763423, 39.3929778523864], [-81.21143376265444, 39.40203184828569], [-81.20823176351077, 39.40714784528765], [-81.18230777186027, 39.433533827726016], [-81.16352077899671, 39.44118682012496], [-81.13443479080333, 39.445075811920034], [-81.128533792859, 39.449375808677075], [-81.12153379497722, 39.45777580334563], [-81.11733279684901, 39.456602802938754], [-81.10691077332271, 39.46356947558147], [-81.1011697734947, 39.462325474023245], [-81.10055977460026, 39.460298475041704], [-81.09565080586773, 39.45718179785675], [-81.09141980752896, 39.45830879640848], [-81.08577277080947, 39.46453746635939], [-81.07910476874589, 39.46752146164948], [-81.05666876859968, 39.46340245528286], [-81.05421576660612, 39.467967451023554], [-81.05999676519261, 39.47251645022237], [-81.06126676364613, 39.47643044801694], [-81.05337176378848, 39.475179445505916], [-81.04262876549483, 39.46860844574221], [-81.03053876476582, 39.468007441167224], [-81.02546676549548, 39.46380944229942], [-81.0231628377194, 39.44182178867497], [-81.01523284416963, 39.41009280125202], [-81.00783685311426, 39.35092382636226], [-81.01743284901535, 39.35157782817808], [-81.01903284862838, 39.348678829839905], [-81.02353284695303, 39.34647783182396], [-81.0271328454195, 39.34667783252535], [-81.03090784345989, 39.35046283164652], [-81.0367328410192, 39.350377832966444], [-81.03503284206805, 39.34697783412734], [-81.03613284182164, 39.344777835362386], [-81.04005784033824, 39.34307483699405], [-81.039732840887, 39.33887783881686], [-81.04423283905295, 39.33827784007649], [-81.04233284017606, 39.33497784114822], [-81.04433283946216, 39.33367784217416], [-81.04283284037783, 39.33077784315339], [-81.04443283990076, 39.328777844407185], [-81.05343283626028, 39.327277847059484], [-81.05353283638469, 39.325577847848194], [-81.05893283420001, 39.324677849439084], [-81.06043283376431, 39.32267785066999], [-81.06253283267502, 39.32477785018397], [-81.0697338295465, 39.32577785131348], [-81.07163382846376, 39.328677850423624], [-81.07683382644124, 39.32697785233104], [-81.08104682425804, 39.331186851359924], [-81.08648982226974, 39.32808485395193], [-81.09143582015716, 39.328404854893584], [-81.09207282008573, 39.32638285594367], [-81.09935881702037, 39.32637185754772], [-81.1025178159912, 39.32327785963316], [-81.10598581457442, 39.32283486059335], [-81.10953681288079, 39.32488686044946], [-81.11311981145313, 39.32405686160898], [-81.11472081114411, 39.320289863654196], [-81.11778880997839, 39.31898986491162], [-81.11874080992581, 39.315391866738], [-81.12149380889828, 39.31403086795334], [-81.12483380731331, 39.31587786785534], [-81.12583380708556, 39.31387786897343], [-81.13233480423223, 39.315077869859294], [-81.13583480320229, 39.31047787269292], [-81.14212080026307, 39.3135068727101], [-81.14472779935618, 39.311524874171454], [-81.1489977974472, 39.31267587459051], [-81.1577347938928, 39.311376877088286], [-81.15853479373843, 39.30947687811612], [-81.16472279088532, 39.31204987831776], [-81.16743678983727, 39.31106087935612], [-81.16826878995487, 39.30618088172704], [-81.17220678836337, 39.30547888290433], [-81.1797477849386, 39.30807288339319], [-81.18093378421872, 39.31037588262079], [-81.18612978199248, 39.31077288358145], [-81.18913578041091, 39.31407688275989], [-81.19163577956827, 39.31187688429341], [-81.18942978085089, 39.30817488546851], [-81.19032878076773, 39.30508088705154], [-81.2033357750127, 39.30797688860354], [-81.2210367675383, 39.308175892392214], [-81.2201357682502, 39.304675893760496], [-81.22513576641911, 39.301775896152385], [-81.22493576676908, 39.298975897360826], [-81.22763576582112, 39.2969758988461], [-81.2300357653691, 39.29107590200921], [-81.23233576449442, 39.290075902959266], [-81.23073576537736, 39.287875903593005], [-81.23303576460677, 39.285775905034626], [-81.23053576610616, 39.2810769065891], [-81.23213576564943, 39.2787769079669], [-81.23173576633936, 39.27327691033844], [-81.234635765154, 39.27287691115029], [-81.23903576370495, 39.26857691403247]]]}}, {"id": "22", "type": "Feature", "properties": {"county": "Fayette"}, "geometry": {"type": "Polygon", "coordinates": [[[-81.19069304552782, 37.882668135796926], [-81.29512704483734, 37.889311130889794], [-81.3005270443194, 37.8932111484003], [-81.30052704601377, 37.89631115708961], [-81.29862704735464, 37.89711115710765], [-81.29422705393614, 37.90551117582441], [-81.29942805650104, 37.91461020721252], [-81.29832805915625, 37.91861021730776], [-81.30132806267767, 37.92741024505015], [-81.30132806618565, 37.93381026295815], [-81.29532807156433, 37.93931027286739], [-81.2972280737328, 37.94471028984774], [-81.30822807119802, 37.94771030780117], [-81.30992907191084, 37.950110315857366], [-81.32222906855736, 37.95221033189067], [-81.32742906945101, 37.95690934863185], [-81.32932907117609, 37.96090936067295], [-81.32732907331672, 37.96330936544453], [-81.32842907497611, 37.96670937524006], [-81.3333290735491, 37.96710937993829], [-81.33752907409796, 37.97030939131026], [-81.34022907238563, 37.9690093899369], [-81.34333007197121, 37.970009394749795], [-81.3466300730283, 37.9734094057207], [-81.34733007490094, 37.97670941452267], [-81.35223007313067, 37.97640941713459], [-81.35563007007559, 37.97340941207002], [-81.3619300668112, 37.97160941214308], [-81.36703006606548, 37.97300941915349], [-81.36973006354471, 37.97060941535041], [-81.37473006222227, 37.97110942013845], [-81.3797300586005, 37.96830941723983], [-81.38082905879058, 37.969109419900015], [-81.33325720874463, 38.161214699775904], [-81.33136621391807, 38.16795670916078], [-81.32675221941167, 38.174452717676814], [-81.3290422207566, 38.1769427217855], [-81.3292652246589, 38.18248172992183], [-81.32137922699428, 38.18374673029296], [-81.31496122589523, 38.18052972430232], [-81.23163628799558, 38.2635148376767], [-81.22064628272047, 38.26190383898844], [-81.22067227908016, 38.257312835800406], [-81.22216227833002, 38.255668834320936], [-81.22074027676605, 38.25436983374487], [-81.21481127516395, 38.255146835639], [-81.21051827043763, 38.251287833981486], [-81.20427526624874, 38.24888383285916], [-81.19243826219005, 38.24954383663602], [-81.19096825927988, 38.246157831922524], [-81.19369825709279, 38.241493824271174], [-81.1856062509664, 38.23716081987509], [-81.19490525151197, 38.232763810857776], [-81.192665247925, 38.22884280558876], [-81.18891224822097, 38.23137181039389], [-81.17667824500354, 38.2335638169247], [-81.15867223272652, 38.22606081101893], [-81.15426523103307, 38.226098812316835], [-81.15198123060664, 38.226754813889], [-81.14412523395829, 38.23576582869271], [-81.13342722943409, 38.235223830754386], [-81.12738022395645, 38.23085582639116], [-81.12333521812415, 38.22493881947292], [-81.11662421286586, 38.221291816489256], [-81.11038520435125, 38.212923807190066], [-81.10237819924718, 38.21026280617239], [-81.09510519241765, 38.204864801454924], [-81.08438118758473, 38.204104803977145], [-81.08288118310621, 38.19883079775526], [-81.07503917797216, 38.19613679701977], [-81.06952717593818, 38.19638179921804], [-81.06582317698256, 38.199793804712066], [-81.07164918478294, 38.207180811987044], [-81.06960918659287, 38.21071881704872], [-81.06510818562303, 38.21181481981557], [-81.05772318176616, 38.21056282058616], [-81.05124518070419, 38.21257582505191], [-81.05262818459678, 38.21705183004351], [-81.05867218867006, 38.219323831005404], [-81.05938519086666, 38.221896833945586], [-81.04730818713479, 38.22323383906193], [-81.03833618758316, 38.228493847862175], [-81.03657218995069, 38.23254685312618], [-81.03919419500245, 38.23790785876537], [-81.0374421960132, 38.24014686185924], [-81.02960219154025, 38.23822286160726], [-81.02700418705304, 38.23362085694441], [-81.02756518427142, 38.2296598522012], [-81.0330931819756, 38.22377084378549], [-81.03452217958112, 38.21985583877956], [-81.02106717060083, 38.21499083717103], [-81.01911216694667, 38.21119983343627], [-81.01955816346822, 38.20639182779975], [-81.01695816061873, 38.20400782592521], [-81.00724315822293, 38.20594183126804], [-81.01146016539114, 38.21313283800677], [-81.0098731693085, 38.219081845180504], [-81.00671417003333, 38.22165184898814], [-80.98406314426197, 38.222644851262764], [-80.96942011601814, 38.21568584310556], [-80.966025104163, 38.20843083523315], [-80.9654890968249, 38.20136682769019], [-80.9561450829464, 38.2024208285659], [-80.94407305491548, 38.19370281916521], [-80.94720905612675, 38.18981381515343], [-80.9483440535804, 38.18538281053109], [-80.94659204851747, 38.18324380828354], [-80.94263004226573, 38.183615808649435], [-80.94134503857255, 38.182111807079906], [-80.95103504933223, 38.176514801245965], [-80.94617903719153, 38.172667797239896], [-80.94990703929821, 38.16831279265167], [-80.94383302420397, 38.1638567880788], [-80.94390302099595, 38.16057678466155], [-80.94074900971584, 38.155054778991634], [-80.92791298247207, 38.15122477540086], [-80.91966495653344, 38.14145676573574], [-80.91393594660641, 38.14208376660151], [-80.91139294437056, 38.144225768857524], [-80.90849893797174, 38.143324768063394], [-80.9103479286207, 38.13235075696829], [-80.9048999133946, 38.128240753141085], [-80.90266190238518, 38.12263074767708], [-80.90118389937462, 38.122513747651624], [-80.8938638932289, 38.12903975453966], [-80.89256089547452, 38.13285375836705], [-80.88754088982796, 38.13591676161906], [-80.88583388735553, 38.13649976226892], [-80.88257787769014, 38.13374575973725], [-80.88239387326495, 38.130578756662594], [-80.88776487212833, 38.12157574755975], [-80.88526986051946, 38.11627774254062], [-80.87863584369227, 38.113393740198845], [-80.87633683448419, 38.10985473694132], [-80.88218683793168, 38.103457730271835], [-80.88266982895199, 38.09571472269017], [-80.88481782933485, 38.092547719402155], [-80.8820678195562, 38.089386716585715], [-80.88344881561395, 38.08406471126193], [-80.88717582036527, 38.08160070846209], [-80.89343083415892, 38.08201670820465], [-80.8932708300323, 38.07896070520937], [-80.88715681359332, 38.076284703259994], [-80.8814427950898, 38.0714536992044], [-80.87698377616552, 38.06439269289693], [-80.86650974509277, 38.05846868854891], [-80.86091173017387, 38.05668668759614], [-80.84833170107741, 38.055986688628884], [-80.8408786797488, 38.05281568669221], [-80.83460666717265, 38.053840688504636], [-80.83271867156557, 38.059569694028596], [-80.82729666513033, 38.063229698080406], [-80.82036265255988, 38.064966700533404], [-80.81180263002521, 38.062631699511996], [-80.8045986176124, 38.06476770232815], [-80.80009460535372, 38.06333670162884], [-80.8001066026975, 38.06171170019243], [-80.80386460675138, 38.05910869739972], [-80.81428762400371, 38.0553876926851], [-80.81489661929766, 38.05155968915995], [-80.81247560666036, 38.04706368546721], [-80.82115862106971, 38.043630681098946], [-80.82985564044394, 38.04327067947709], [-80.82959463254076, 38.038466675117874], [-80.82714662087446, 38.034546671917305], [-80.82825261908334, 38.031684669125944], [-80.8233366007914, 38.027310665946814], [-80.81535158418029, 38.028734668558165], [-80.79843154026065, 38.02629266919809], [-80.79667152145329, 38.01750466176663], [-80.78865649074396, 38.010789657343636], [-80.78601847650692, 38.00622965387536], [-80.78628147077414, 38.00250365059214], [-80.790495473923, 37.99581364193944], [-80.78888546738685, 37.9923586376189], [-80.78518445586857, 37.989327634351355], [-80.76986541414688, 37.98527063242269], [-80.81086549383583, 37.94914157268968], [-80.74875625672608, 37.865097484826116], [-80.80631542757997, 37.868915463043365], [-80.94508981393902, 37.81912131250015], [-80.95889485781306, 37.82870832081608], [-80.96833688675554, 37.8320613212753], [-80.97810891612775, 37.83315031771364], [-80.99149695582659, 37.830989306388524], [-81.02469398691123, 37.829213257957946], [-81.04057799136825, 37.83391224141364], [-81.05478399481039, 37.833912218495534], [-81.05728599570209, 37.83553721787652], [-81.05911799719891, 37.84142022736492], [-81.0490259961729, 37.850732262430476], [-81.04903099711274, 37.85645627421326], [-81.0511379979988, 37.858302274885354], [-81.05960699981544, 37.855350256059204], [-81.07471300360919, 37.85372522981769], [-81.09009500684787, 37.84958219717284], [-81.10022701074618, 37.85473219364504], [-81.10077601193463, 37.859111203024426], [-81.09879201159949, 37.8600342081051], [-81.07266800444683, 37.86076724828086], [-81.0705010050006, 37.866741264448706], [-81.0732490076036, 37.87586528043705], [-81.19069304552782, 37.882668135796926]]]}}, {"id": "23", "type": "Feature", "properties": {"county": "Jefferson"}, "geometry": {"type": "Polygon", "coordinates": [[[-77.75437319308686, 39.33346098603355], [-77.7346891765095, 39.32706598381974], [-77.72768216929346, 39.32211398361083], [-77.71951617208208, 39.3213139818239], [-77.72163516477329, 39.318493983379234], [-77.73069415317549, 39.31560298653959], [-77.73840713190398, 39.30819099060945], [-77.74829209224121, 39.293695996636416], [-77.75272307411026, 39.283372999539466], [-77.75310206121398, 39.27734000113719], [-77.75796406234886, 39.27225200226242], [-77.75837704720765, 39.26508600416429], [-77.76176505169543, 39.26303100455127], [-77.7629250441877, 39.25827300577241], [-77.77009905959673, 39.256369005938375], [-77.77093404781388, 39.249446007630326], [-77.76722403739107, 39.249009007823055], [-77.77136204522806, 39.236493008066745], [-77.77741305923912, 39.22970200801552], [-77.78079606782936, 39.22872100788745], [-77.78631907966053, 39.221807007864484], [-77.7859240777997, 39.219666007958615], [-77.78883808332253, 39.214865007986425], [-77.79266009150949, 39.21138800792368], [-77.79262909038523, 39.20899800800879], [-77.79815410025198, 39.200703008031404], [-77.79816109637453, 39.19251800831683], [-77.80490210543124, 39.179051008458565], [-77.8060461041788, 39.17173700865741], [-77.81362311691882, 39.16441800854151], [-77.82136712623642, 39.152351008580254], [-77.82334312604095, 39.14562500871585], [-77.82209811993556, 39.140105008968014], [-77.82829612724775, 39.13242600892782], [-78.03318868940018, 39.26461195588421], [-78.03349269188703, 39.26807795456984], [-78.02796069413894, 39.2697439602132], [-78.02602169657129, 39.272584961554806], [-78.03453569754154, 39.27603895116953], [-78.03525869935115, 39.27867894962491], [-78.02618770209752, 39.280203959222455], [-78.02523670548005, 39.28461195903072], [-78.02723170790757, 39.28841895575102], [-78.02032570884221, 39.28805296349089], [-78.01811071319838, 39.293536964395095], [-78.01287371679844, 39.29729396912933], [-78.00589372479018, 39.306816974171056], [-77.99742472221757, 39.310511979787314], [-77.9880277074698, 39.320322977514884], [-77.99018371440188, 39.32278397671326], [-77.99476772576541, 39.323794976192524], [-77.99599373025391, 39.32604297549767], [-77.99311472471823, 39.32745397525078], [-77.98791671140452, 39.32563197603161], [-77.98815671689127, 39.331892974263084], [-77.9847007099645, 39.332965974142546], [-77.980544705641, 39.33896597267905], [-77.97687669849797, 39.34008697255796], [-77.97693070171034, 39.34368197154896], [-77.98246871704644, 39.3476369701486], [-77.98163071663643, 39.349317969722094], [-77.97391970047492, 39.34973897001359], [-77.97001068868688, 39.34596197127687], [-77.96674068157606, 39.34592997145877], [-77.96524368434038, 39.35234996974512], [-77.96850469591907, 39.35743496815062], [-77.96194268425185, 39.35958696790114], [-77.96715870196874, 39.367036965540215], [-77.95826968397154, 39.367085966006734], [-77.95128767515376, 39.372307964929526], [-77.94388966078613, 39.37268096522751], [-77.9428226609336, 39.37478796469959], [-77.94848767545574, 39.377954963509644], [-77.94680567493245, 39.38058596286935], [-77.9318056446498, 39.3795969639649], [-77.85918659603861, 39.437072952210904], [-77.85699459853922, 39.44072895133765], [-77.8471375930732, 39.446556950318055], [-77.84705460002772, 39.45073394918276], [-77.84368160881152, 39.45878194718474], [-77.83943430874389, 39.46071000999237], [-77.84075531185383, 39.46349101017346], [-77.83858931079727, 39.470919010230176], [-77.83226030350248, 39.47874300992137], [-77.83163930434199, 39.483589009986645], [-77.8247932978702, 39.49363300957752], [-77.79699425401992, 39.489487006923206], [-77.79087324583539, 39.491364006348235], [-77.78441324025505, 39.498089005681045], [-77.77870623267553, 39.49935900510148], [-77.77032522000184, 39.49879200427794], [-77.76550220997568, 39.49467300389192], [-77.7678852109235, 39.49096900419789], [-77.78780723767535, 39.48546300609938], [-77.79719324916388, 39.48013900694146], [-77.79800124774081, 39.475232007008024], [-77.79538124134022, 39.47124700679691], [-77.77760220684613, 39.4622530055046], [-77.78059852019743, 39.45984395061502], [-77.79267123169664, 39.46206400661015], [-77.79800323982423, 39.46076900699964], [-77.79826653806849, 39.45613095057698], [-77.78611850222698, 39.44743995363493], [-77.78526249666965, 39.44540295423413], [-77.78823649612384, 39.44294995472291], [-77.80090851113344, 39.44067395460271], [-77.80323050811829, 39.43731995537581], [-77.7967834867858, 39.43179195724231], [-77.78774546671583, 39.42915095847426], [-77.76368042567731, 39.42834796006959], [-77.7578494117731, 39.42642396091965], [-77.75294039590028, 39.4230409621068], [-77.74640035965609, 39.40936896397649], [-77.73840433700938, 39.398975962804414], [-77.73586631988063, 39.3911719639655], [-77.73660631068033, 39.38714796558028], [-77.74917330146387, 39.384352972254], [-77.75297430083457, 39.38167897318726], [-77.7523062896777, 39.37739797437075], [-77.74396425916046, 39.365331975323876], [-77.74327525196676, 39.36208297599185], [-77.74432423942099, 39.356762977923296], [-77.747593225657, 39.35132698063188], [-77.75768122950453, 39.34623398243522], [-77.76075222831123, 39.342749983207675], [-77.7596522141235, 39.33752898466643], [-77.75437319308686, 39.33346098603355]]]}}, {"id": "24", "type": "Feature", "properties": {"county": "Mercer"}, "geometry": {"type": "Polygon", "coordinates": [[[-81.05288596303723, 37.288605369258704], [-81.1041472655611, 37.28060322748763], [-81.16113764427173, 37.26475005975424], [-81.18029178895253, 37.2569600008871], [-81.20477495127166, 37.243010954890806], [-81.22510504838392, 37.23487193850122], [-81.32010555520071, 37.29932109300704], [-81.36215618873096, 37.33768532628012], [-81.31120116482771, 37.424507445126665], [-81.30577818949158, 37.42310341851577], [-81.30294321551213, 37.41893339501031], [-81.29291927590478, 37.41317633892467], [-81.2865462791115, 37.4183033266545], [-81.28278328860394, 37.41937431403593], [-81.28763723262233, 37.428548357368086], [-81.2878082110014, 37.433631371146795], [-81.29371416934298, 37.439072411155045], [-81.29434915591995, 37.44192642159674], [-81.305621089868, 37.45006949516444], [-81.30471507944331, 37.45358250102086], [-81.30738705001052, 37.459484530540706], [-81.30480705392979, 37.46034252073436], [-81.30398204804817, 37.462511522962046], [-81.30051706690026, 37.46002649941787], [-81.29681006901752, 37.46208348737033], [-81.29484904513725, 37.46943249771201], [-81.28217407179065, 37.47068943850947], [-81.27805207438757, 37.47245142239604], [-81.27216106137892, 37.47854840719981], [-81.2717600353236, 37.48452441891067], [-81.26390703245201, 37.48876038750528], [-81.26371900377873, 37.49493739989455], [-81.25853499495963, 37.49883038028734], [-81.2430209973004, 37.50271338037419], [-81.24002099425496, 37.5066144132159], [-81.23602099011933, 37.507713435760195], [-81.23190698576224, 37.506796448500864], [-81.22762398154669, 37.510024482849516], [-81.22192097568391, 37.51041450876723], [-81.21392296712699, 37.50828953195266], [-81.21268596708302, 37.51713758043767], [-81.20831996318084, 37.520314613926516], [-81.2070199625996, 37.52471464056384], [-81.21038996678203, 37.530616655576544], [-81.20403596114652, 37.53318169346188], [-81.20003495854785, 37.539492739596504], [-81.20228196241179, 37.54942177836694], [-81.20451996495905, 37.552714785608885], [-81.20171996267872, 37.55361480062175], [-81.20281996409852, 37.55621480891019], [-81.19991996160536, 37.55621481990191], [-81.20018796224672, 37.558398829320595], [-81.19875996121503, 37.5593498392365], [-81.20111996429871, 37.56521485842802], [-81.19791996218841, 37.567914883143345], [-81.19886896443359, 37.575531915947515], [-81.19475196121452, 37.57561893125011], [-81.19161995945832, 37.578814957599995], [-81.18661995582889, 37.579814980193746], [-81.18441995470542, 37.58211499873004], [-81.18191995220974, 37.579814997013095], [-81.17871894966392, 37.579515007092596], [-81.17681894847567, 37.580515018465114], [-81.17611894900112, 37.584315038300616], [-81.1725189468772, 37.58631506009727], [-81.16481894146072, 37.587315091663946], [-81.16181894007106, 37.589815113281794], [-81.15741793699003, 37.59021613039845], [-81.15531893638888, 37.59281514908539], [-81.14891793101012, 37.59081516260987], [-81.14441792993362, 37.59631520179575], [-81.13571792447287, 37.59791523836108], [-81.13081791882303, 37.593015234738665], [-81.12401691373611, 37.59261525663364], [-81.11941690833876, 37.5884162555474], [-81.1148169054083, 37.589316275264835], [-81.10891690353914, 37.59391631408752], [-81.10297589689627, 37.5896363178797], [-81.0962228918561, 37.589478340843485], [-80.85945647160709, 37.429490230811815], [-80.86527347875554, 37.42011218194416], [-80.8655054781777, 37.41689816681173], [-80.86300247224986, 37.41151314399738], [-80.88324649849464, 37.383931999210745], [-80.84945042959164, 37.34690785368574], [-80.86898546030847, 37.33857180056765], [-80.89915950452013, 37.315676674040084], [-80.91925853562188, 37.30616161735321], [-80.93813456573295, 37.300276578549095], [-80.94417257477471, 37.29657355808044], [-80.9665556112279, 37.292156524283925], [-80.97700762879401, 37.29180551619264], [-80.98132163663229, 37.293463520792514], [-80.98217263890726, 37.296021531511464], [-80.97910563520237, 37.300579553538675], [-80.97958863657377, 37.30227756070739], [-81.03613286841113, 37.2902504134266], [-81.05288596303723, 37.288605369258704]]]}}, {"id": "25", "type": "Feature", "properties": {"county": "Wyoming"}, "geometry": {"type": "Polygon", "coordinates": [[[-81.44542686535438, 37.76141206850427], [-81.43782586422368, 37.75311203699997], [-81.43074086684302, 37.74968401534892], [-81.42785186936571, 37.7501120104854], [-81.32171690450564, 37.59779514231932], [-81.32252390229782, 37.59421313041632], [-81.32092390372864, 37.591413111798424], [-81.3186229061166, 37.58831308879945], [-81.31362291302933, 37.58731306322591], [-81.31092291564939, 37.582313029711166], [-81.31242291296515, 37.58041302786097], [-81.31032291509555, 37.57661300196017], [-81.3134229099663, 37.57461300685015], [-81.31282290921543, 37.56831297660053], [-81.31654090129055, 37.56008895775634], [-81.31230290726583, 37.55774292788395], [-81.31331990491186, 37.55484191992742], [-81.31220290628775, 37.553358908179874], [-81.3015919213714, 37.54544082231865], [-81.29859092635894, 37.54614481108098], [-81.28495294752791, 37.54054971891284], [-81.27997395594922, 37.54280970549832], [-81.27744595996049, 37.54194468903139], [-81.2751489628913, 37.53413863971516], [-81.26994697148368, 37.53350161070956], [-81.26420098070504, 37.52761455247615], [-81.2583269906682, 37.52884852908243], [-81.25310099951723, 37.53297452412731], [-81.25013400446386, 37.530044494035714], [-81.2454220003022, 37.53031351318313], [-81.24052199540836, 37.52461350359884], [-81.23082098542251, 37.51791350926628], [-81.22512097958978, 37.516813527327315], [-81.22232097632636, 37.51261451803445], [-81.22212097589066, 37.51041450792702], [-81.22809998202885, 37.509895480199546], [-81.23190698576224, 37.506796448500864], [-81.23762099178059, 37.50751342797711], [-81.24162199590234, 37.50561240127588], [-81.24252199677542, 37.502913383536445], [-81.25939299586823, 37.49831438384773], [-81.26371900377873, 37.49493739989455], [-81.26390703245201, 37.48876038750528], [-81.2717600353236, 37.48452441891067], [-81.27216106137892, 37.47854840719981], [-81.27805207438757, 37.47245142239604], [-81.28217407179065, 37.47068943850947], [-81.29484904513725, 37.46943249771201], [-81.29681006901752, 37.46208348737033], [-81.30051706690026, 37.46002649941787], [-81.30398204804817, 37.462511522962046], [-81.30480705392979, 37.46034252073436], [-81.30738705001052, 37.459484530540706], [-81.30471507944331, 37.45358250102086], [-81.305621089868, 37.45006949516444], [-81.29427315644811, 37.44185442106539], [-81.29371416934298, 37.439072411155045], [-81.2878082110014, 37.433631371146795], [-81.28763723262233, 37.428548357368086], [-81.28257828268931, 37.42094131708735], [-81.28299528864225, 37.419180314417886], [-81.2865462791115, 37.4183033266545], [-81.29246027758144, 37.4131993371612], [-81.30294321551213, 37.41893339501031], [-81.30577818949158, 37.42310341851577], [-81.3234141075248, 37.42860250894234], [-81.32911406687957, 37.43516755446936], [-81.33783204407843, 37.43304358509495], [-81.34110602878448, 37.43450660425907], [-81.3463650138052, 37.43354662363233], [-81.34920099533218, 37.43686164779176], [-81.37408590012878, 37.443150781798686], [-81.38294185518916, 37.452184859028364], [-81.38537483137681, 37.461285908524246], [-81.39299681307298, 37.45982293862261], [-81.39962678774057, 37.46455599116481], [-81.40329478618243, 37.45878598292499], [-81.41335275814905, 37.458868030962336], [-81.41686475199121, 37.45557003201228], [-81.4203237415357, 37.45615105099561], [-81.42140073457459, 37.460127075153295], [-81.42612172060515, 37.46128310327244], [-81.42866671676241, 37.45748509672783], [-81.42931271939223, 37.45189307216758], [-81.43216871331084, 37.44870806949356], [-81.43723269599742, 37.45206910967071], [-81.43898268713964, 37.45863615124864], [-81.4425706774503, 37.458035165139016], [-81.44604666705398, 37.459736190438505], [-81.44663066472317, 37.46160720299397], [-81.4516396508123, 37.46284623354272], [-81.45110365139554, 37.4658952471313], [-81.45513764081029, 37.46620626839404], [-81.45580863829997, 37.47072629597568], [-81.45125364887612, 37.47358828866428], [-81.45021465060931, 37.47621029734587], [-81.45459663992284, 37.47781832800456], [-81.4535406420542, 37.47928833051819], [-81.46122662425009, 37.48357539302597], [-81.46584461420275, 37.484702423074914], [-81.46980360527606, 37.482516431276345], [-81.47187160102376, 37.484100450844174], [-81.47529259317294, 37.48274846078709], [-81.47707858822073, 37.47974145271619], [-81.48031458060338, 37.479179465928965], [-81.49141655636454, 37.48104353345922], [-81.49529654563639, 37.47843653753833], [-81.49675653871518, 37.47399551799809], [-81.49906353290731, 37.473727527879895], [-81.50674353208092, 37.477160553824135], [-81.5156625293019, 37.476367549296334], [-81.51927753022181, 37.47829856132753], [-81.52557052789402, 37.47733855566404], [-81.5272785258887, 37.47560154500332], [-81.53460953334914, 37.485345605599974], [-81.53686253209789, 37.48453560070781], [-81.54067053254455, 37.48586960919233], [-81.54135753428442, 37.48784562149414], [-81.55022653243654, 37.487863622151565], [-81.55344953561499, 37.491804646905074], [-81.55858053166824, 37.48886362890693], [-81.5650005320073, 37.490538639791744], [-81.57062252754228, 37.48726561965933], [-81.57567453019118, 37.490903642798685], [-81.58304752500925, 37.48735662098105], [-81.58600852718631, 37.49004663810211], [-81.5852415293096, 37.49193564994563], [-81.58718253163373, 37.4945376664755], [-81.59587952586763, 37.49072064301285], [-81.59891252833884, 37.49361866154686], [-81.60203352717453, 37.49311265857245], [-81.60398552965492, 37.495778675603866], [-81.60251153487364, 37.50035870288262], [-81.606127533925, 37.50011170273848], [-81.60762853620302, 37.50241170712706], [-81.60642853820349, 37.50401170998609], [-81.60722854016893, 37.50591171357303], [-81.60342854419248, 37.508911718802494], [-81.61282854427628, 37.51051172256855], [-81.61432854813745, 37.51421172954435], [-81.61252855113392, 37.51661173383367], [-81.61752955551077, 37.521311742953735], [-81.62142955472386, 37.521211743096764], [-81.62472955067085, 37.51811173764099], [-81.63022954756725, 37.51621173459295], [-81.62842954315735, 37.51201172667451], [-81.63243054233071, 37.51191372683434], [-81.63392953991489, 37.5100117234465], [-81.63852954055727, 37.51131172624181], [-81.64112954473876, 37.515411734038395], [-81.6465305413959, 37.513311730618085], [-81.64993054443593, 37.51651173681598], [-81.65073054965212, 37.521211745561594], [-81.65283054837572, 37.520411744261374], [-81.65443055141024, 37.52331174974926], [-81.65793054874919, 37.52151174672092], [-81.66293054799945, 37.521611747325835], [-81.66523054403979, 37.51851174180089], [-81.66793054425825, 37.51911174313547], [-81.67213154041102, 37.51641173851169], [-81.67663154146733, 37.518010741840186], [-81.6821315400401, 37.51761074156792], [-81.68883153420822, 37.51361073476729], [-81.68763153023345, 37.51001072803431], [-81.68423152782826, 37.507411722955496], [-81.68493152572604, 37.50571171988371], [-81.69573151884025, 37.50151071307845], [-81.70183151794197, 37.50171071397405], [-81.70508151463628, 37.49945570754675], [-81.70483051130691, 37.49680369016998], [-81.70764050878937, 37.49525868027509], [-81.71515851008556, 37.49739969490983], [-81.71964650661974, 37.49539868211822], [-81.72364650778492, 37.49688569221598], [-81.72943250363002, 37.494584677504605], [-81.73594950367858, 37.495584684605], [-81.741821508604, 37.50011071449495], [-81.74770950932977, 37.50162871779028], [-81.75215252531112, 37.50661072332902], [-81.75923055842193, 37.50556870886994], [-81.76302757386213, 37.50264269654066], [-81.7710266153706, 37.50527068739602], [-81.77615364014275, 37.505127678022006], [-81.77992565523623, 37.50097366293569], [-81.78203466682672, 37.50261066247106], [-81.78493468023987, 37.501510655024376], [-81.79293572069517, 37.503510644858736], [-81.79523473537687, 37.5097096538809], [-81.80133576362049, 37.50761063871176], [-81.81793684342725, 37.506609607265794], [-81.82433687523897, 37.51260960976623], [-81.8290368976497, 37.513709604210995], [-81.82603688427085, 37.52060962530467], [-81.82333687208488, 37.52270963464621], [-81.82513688192495, 37.53440865860168], [-81.83463792410002, 37.53610864750557], [-81.83623793104564, 37.54070865589303], [-81.83903794310004, 37.542608656091076], [-81.83883794211599, 37.544508660938426], [-81.84123795231852, 37.545609659919144], [-81.84273795833549, 37.54900966584407], [-81.8477379798153, 37.54730965419039], [-81.85593901422546, 37.54890964579936], [-81.85783902046609, 37.55430865648892], [-81.85583900986506, 37.56180867813689], [-81.84623797014856, 37.5668087039434], [-81.84003794555855, 37.565908710394275], [-81.83433792281632, 37.56920872613161], [-81.83423792242729, 37.57120873098988], [-81.8371379337306, 37.572508730135425], [-81.83813793748422, 37.575208735221665], [-81.83263791637461, 37.57950875267624], [-81.83183791352155, 37.58450876545088], [-81.82793789928812, 37.58770877786206], [-81.83000990749173, 37.596909796731495], [-81.82603789368304, 37.599308807039414], [-81.81493685483507, 37.59990882154279], [-81.81303684866147, 37.6015088273529], [-81.81973787338373, 37.60810883448289], [-81.81923787231693, 37.61100884162184], [-81.81713786580407, 37.61310884869055], [-81.81193684877245, 37.61380885596261], [-81.81269184962936, 37.60851284334749], [-81.81133684455001, 37.607008841540804], [-81.80363682061524, 37.61220886157911], [-81.80153681507403, 37.61530887058377], [-81.79933681044443, 37.620508884113036], [-81.80153681966786, 37.625108891715165], [-81.79733680761437, 37.627308900703376], [-81.79733680914738, 37.63020890688049], [-81.79553680433457, 37.63150891142138], [-81.79743681330334, 37.63750892233508], [-81.80243683034197, 37.64230892797767], [-81.80243683239368, 37.64680893770616], [-81.79973682710566, 37.65160895040208], [-81.80073683069101, 37.653308953200394], [-81.7997368295283, 37.656508960912696], [-81.80303784036212, 37.660808967490915], [-81.802337839476, 37.662908972590536], [-81.79893683101082, 37.6637089769835], [-81.79303681993824, 37.670908996747826], [-81.79043681357929, 37.67110899908485], [-81.7876368052037, 37.66900899680278], [-81.78343679723153, 37.67260900730924], [-81.78003678875686, 37.67250900958125], [-81.7794367907227, 37.6769090188986], [-81.77773678751711, 37.678009022298475], [-81.77123677016277, 37.67600902287527], [-81.76863576611552, 37.678409029394786], [-81.76513575706943, 37.677709030464726], [-81.75563574328143, 37.685709052032514], [-81.75133573299068, 37.68530905407279], [-81.74973572525857, 37.681409047767595], [-81.74693572329369, 37.67960904428322], [-81.74233572733871, 37.68270904967333], [-81.73693472759585, 37.68260904914006], [-81.73263473194952, 37.686009055105814], [-81.73393473579868, 37.689309061249496], [-81.73323474049569, 37.693209068366905], [-81.71643475065457, 37.70090908145665], [-81.71063474851736, 37.698809077231566], [-81.7017337520947, 37.70140908145711], [-81.76453682904737, 37.75170817270262], [-81.76193682958424, 37.75660818092269], [-81.7549368192537, 37.75550818092289], [-81.75223681909792, 37.75950818776387], [-81.74333582062343, 37.764408195517646], [-81.74063581665673, 37.759808188254404], [-81.73533581927612, 37.76260819229692], [-81.72803581684315, 37.75960818725089], [-81.7239368213783, 37.7646081947743], [-81.72003682034511, 37.763308192547036], [-81.71163582218851, 37.765108194882714], [-81.70783582079451, 37.7634081920376], [-81.70423582445201, 37.767408198053865], [-81.69693482547478, 37.76830819905989], [-81.69383483073186, 37.77410820791135], [-81.68993482987639, 37.77300820599483], [-81.68803483189738, 37.77520820931699], [-81.68303383295056, 37.776208210610896], [-81.67513483007788, 37.772709204746356], [-81.66973383579924, 37.778909214124745], [-81.66573383243616, 37.77500920783539], [-81.65713383702274, 37.77980921487539], [-81.65293283581367, 37.77830921231566], [-81.64413283682325, 37.77910921310833], [-81.63803283567134, 37.77760921044591], [-81.6275328433405, 37.7857092225807], [-81.62373184057455, 37.78250921737542], [-81.61963184352203, 37.78560922202268], [-81.61383184408466, 37.786009222355155], [-81.60593184717564, 37.78910922681894], [-81.59693184530653, 37.78671022259865], [-81.59653184267792, 37.7838102180231], [-81.58413083715956, 37.77731020716591], [-81.58302583573482, 37.77571220459458], [-81.58523083419998, 37.77411020219082], [-81.58273082943448, 37.76881019372183], [-81.5765298245897, 37.76331018473217], [-81.56992982570182, 37.76431018594779], [-81.5675298288011, 37.76761019101679], [-81.56282982903632, 37.767710190921704], [-81.5589298349475, 37.774010200647005], [-81.54873083757776, 37.77651120405755], [-81.54833083961846, 37.77871120750981], [-81.54363084088045, 37.77991120916106], [-81.54042984449563, 37.78371121499947], [-81.53572884391502, 37.78291021349293], [-81.53042885038839, 37.78971022397659], [-81.52722885050142, 37.78971022381616], [-81.52002884741628, 37.78611121775661], [-81.51452885225152, 37.79111122539899], [-81.51002885129577, 37.78991122327239], [-81.506428854774, 37.79351122880022], [-81.50122785095458, 37.789211221720905], [-81.49292785794908, 37.79151121247534], [-81.48922785344638, 37.78381119303803], [-81.48193385781583, 37.78303417814103], [-81.47852785802868, 37.780611167622524], [-81.46465187238279, 37.78597015117817], [-81.45762687556751, 37.78401113457842], [-81.45652687149658, 37.778311121977], [-81.44432686822759, 37.763912071121624], [-81.44542686535438, 37.76141206850427]]]}}, {"id": "26", "type": "Feature", "properties": {"county": "Braxton"}, "geometry": {"type": "Polygon", "coordinates": [[[-80.61112435620505, 38.55980882786054], [-80.65219632465829, 38.52610586177379], [-80.65591532989116, 38.52820286432582], [-80.6591453302565, 38.52729186680322], [-80.6591283273873, 38.52541286696828], [-80.66995833644593, 38.5274968747875], [-80.6753693433705, 38.53016087854985], [-80.6751353460517, 38.532037878205344], [-80.67757234888704, 38.533062879918546], [-80.68851135276529, 38.53172788814619], [-80.6910993584356, 38.534641889808064], [-80.69473135850414, 38.533368892612735], [-80.69719136557438, 38.53731389409503], [-80.70085136176414, 38.53336389715062], [-80.71034136809719, 38.534244904112775], [-80.7115403727252, 38.537023904769654], [-80.71734637487147, 38.53637990913179], [-80.71914536996121, 38.53226091080449], [-80.72388737802956, 38.536166914002756], [-80.72674737405755, 38.53227791643761], [-80.7308063792319, 38.534414919276045], [-80.73727537992694, 38.532442924227915], [-80.73787137532312, 38.5289069249458], [-80.73625136836601, 38.52454792408809], [-80.73901836896864, 38.52388992618571], [-80.74247737520878, 38.52702392850169], [-80.75106537803578, 38.52577193447124], [-80.75191138798729, 38.532781934192386], [-80.7582013938196, 38.53518293585767], [-80.75777139733137, 38.537897935537046], [-80.760675398534, 38.53792893639036], [-80.76029440323026, 38.541512936025846], [-80.76490540896806, 38.54443393719373], [-80.77056741126009, 38.544507938875455], [-80.772536415327, 38.5469929393024], [-80.77734041855418, 38.5480449406745], [-80.77973043022367, 38.55621994089514], [-80.78517743408024, 38.5576499424671], [-80.88123241197215, 38.507045972204864], [-80.88164541816307, 38.51238497226972], [-80.88910343380125, 38.52346397430811], [-80.88826144103344, 38.53029297402439], [-80.89010444265314, 38.53106597455626], [-80.88944144552269, 38.53389897434757], [-80.89149944969407, 38.53691397493616], [-80.90646445990073, 38.54080997934906], [-80.90854646311956, 38.54304397997452], [-80.91348246428375, 38.54232898143668], [-80.91774446857929, 38.544816982723326], [-80.9128434697791, 38.54772198128061], [-80.9150334793064, 38.555912981996585], [-80.9130184863377, 38.563206981430824], [-80.91761449275035, 38.56774598288231], [-80.92496849945444, 38.571753985208325], [-80.92634250780478, 38.57933998573511], [-80.9298835100078, 38.58036998686718], [-80.92992951248348, 38.58275198691699], [-80.93187251429315, 38.583914987551495], [-80.93581651518107, 38.583575988798486], [-80.94630552306414, 38.5881589922346], [-80.94783352753183, 38.5921629928186], [-80.95514652975034, 38.59220699517343], [-80.9576975354964, 38.59729199614072], [-80.9616935360721, 38.59670199741895], [-80.96653453416346, 38.59327199887416], [-80.9700385351342, 38.5932050000015], [-80.97267854327974, 38.60093700113304], [-80.97108355219278, 38.61073300096021], [-80.97733355381135, 38.61071000302912], [-80.97895555776122, 38.61445600371396], [-80.97894556360566, 38.620671003955664], [-80.97596156706723, 38.62509700312043], [-81.0316776072479, 38.66784001592128], [-80.98495065543986, 38.71789901010078], [-80.85072271333195, 38.79224694732956], [-80.70152277718623, 38.87904584641985], [-80.69266777730877, 38.88027083933351], [-80.66990978515831, 38.89277381881807], [-80.67263478240231, 38.88902182182972], [-80.66930678137167, 38.888099819516285], [-80.66930577918853, 38.88536782019263], [-80.66589977602506, 38.88180481847012], [-80.65946277633547, 38.88293281326812], [-80.65911078048137, 38.88811981172206], [-80.65213578112741, 38.88968280601052], [-80.64709477788945, 38.886245803], [-80.64101777617371, 38.88481579870334], [-80.63970677672344, 38.88563379750233], [-80.64028278019845, 38.88982079692487], [-80.63790078171745, 38.89193079459376], [-80.63389778185197, 38.89251579139659], [-80.6339307839062, 38.89501279081744], [-80.63120078579793, 38.897590788112154], [-80.6225917849884, 38.89747478157655], [-80.61990178900565, 38.902580778301655], [-80.61270878802908, 38.90209777293885], [-80.60882779014149, 38.90499076929463], [-80.60579978921398, 38.904167767185164], [-80.59704978162362, 38.89599976245098], [-80.599162778239, 38.89177776506015], [-80.59644677443053, 38.88755076398387], [-80.59099177065784, 38.883679760725535], [-80.59230376650676, 38.87864276291339], [-80.59066376327759, 38.87502276250832], [-80.5926587623855, 38.87374176433805], [-80.59328975963152, 38.870418765603624], [-80.59069675811277, 38.86893576396352], [-80.58349074879374, 38.85887176078799], [-80.5788607482319, 38.85879675724609], [-80.57337375112766, 38.86284975208726], [-80.55795775365021, 38.86760973915352], [-80.55379075166641, 38.86582273636502], [-80.55207074689416, 38.86056273624695], [-80.54806574264552, 38.8561997341635], [-80.54152573990953, 38.85390272965394], [-80.5324837406786, 38.8558997222454], [-80.52837074564769, 38.86199771771145], [-80.52376774587987, 38.86280271399496], [-80.50721673622667, 38.85402770322276], [-80.50071872702074, 38.84466170028379], [-80.4908457233305, 38.84525968918382], [-80.47981670730664, 38.833177679109895], [-80.47381070461117, 38.83322967221189], [-80.47376870081477, 38.8290986729902], [-80.47625569892581, 38.825784676519234], [-80.47688069470291, 38.82084767823888], [-80.48060969401178, 38.81820868309187], [-80.4793396901285, 38.81459568235913], [-80.48432868755533, 38.80924168926501], [-80.48363768200215, 38.803500689651635], [-80.485528679971, 38.800304692530815], [-80.4745326693307, 38.794274680855935], [-80.46919866983997, 38.79755767393587], [-80.46311266546003, 38.795882667113325], [-80.45937765970375, 38.79151766354975], [-80.45839465577221, 38.78774066310284], [-80.4630076563422, 38.78599866888653], [-80.46369865461804, 38.78376467013357], [-80.45860164699195, 38.77807866516902], [-80.45848264507504, 38.776053665409165], [-80.4503376407921, 38.775590655799384], [-80.44614864058296, 38.77751465046762], [-80.4420916334323, 38.77185064664029], [-80.44984363439686, 38.76890365642748], [-80.44899863078868, 38.7654246560477], [-80.45315562871085, 38.76101466184213], [-80.45102862390618, 38.75690166003805], [-80.45209862302025, 38.755382661606006], [-80.45114961611282, 38.74914666154512], [-80.50865545775088, 38.645553740521294], [-80.61112435620505, 38.55980882786054]]]}}, {"id": "27", "type": "Feature", "properties": {"county": "Roane"}, "geometry": {"type": "Polygon", "coordinates": [[[-81.20380665179043, 38.77451503817688], [-81.2032406498186, 38.76947703892875], [-81.19586765062937, 38.767444038334055], [-81.19807064863751, 38.76388403919836], [-81.19280464890687, 38.76174903889628], [-81.18844764727467, 38.755653039376185], [-81.18878364571214, 38.752156040002916], [-81.18377564615395, 38.7506670396448], [-81.18365564409636, 38.747446039379255], [-81.17427664244788, 38.742354037555124], [-81.17067463899808, 38.736511036339714], [-81.1688956350615, 38.730545035331964], [-81.17029363349648, 38.72874203524326], [-81.17346463259602, 38.72833203553723], [-81.17586862842582, 38.723120035081266], [-81.17144762745643, 38.720623034265664], [-81.17045162462531, 38.716425033590475], [-81.1722646219741, 38.71317303333553], [-81.17045962076297, 38.711046032861866], [-81.17216561789053, 38.707445032543696], [-81.16974561569687, 38.70382403181259], [-81.16764761601446, 38.70378503160192], [-81.16667660988429, 38.69507103034172], [-81.16885960913142, 38.69449603046838], [-81.1707116045312, 38.688484029825005], [-81.1737086034654, 38.68761402997599], [-81.17129560049679, 38.68297702912859], [-81.17400059863166, 38.68090402908034], [-81.17176459538678, 38.6759370282103], [-81.16607559669472, 38.67668602783284], [-81.16684859497917, 38.67445402759936], [-81.16193259440611, 38.67276502696869], [-81.1614275932983, 38.67115102671557], [-81.16486659075784, 38.66825702661156], [-81.16647158758202, 38.66414002619], [-81.16621158517731, 38.660767025719515], [-81.16379958501359, 38.66014702545348], [-81.16118858673589, 38.66209102550966], [-81.16042458450413, 38.65890202503448], [-81.1583105843688, 38.65838002480756], [-81.16205658194973, 38.65564902473005], [-81.16248657940324, 38.65221002430918], [-81.1596265772853, 38.64887802366954], [-81.15858257385976, 38.644038022968644], [-81.15524757483355, 38.644908022853556], [-81.1494085729838, 38.6416100220422], [-81.14666957405393, 38.64268902199301], [-81.14139457228652, 38.63963202126851], [-81.13159957218286, 38.63826102046599], [-81.12999556979439, 38.63492501997715], [-81.12369456729729, 38.63093001913026], [-81.11512756828678, 38.63125101863962], [-81.10734257541374, 38.639463019014364], [-81.10209757553352, 38.63898101862148], [-81.1016915723616, 38.63492601818511], [-81.09749257261973, 38.63477201790399], [-81.09642457134088, 38.63304701766667], [-81.09663756778255, 38.628607017242466], [-81.08969756823754, 38.628449016810045], [-81.09027556643159, 38.62626301663635], [-81.08493356489927, 38.623834016096296], [-81.08562256290094, 38.62143101591259], [-81.08289656105595, 38.618903015526826], [-81.0837105553835, 38.611983014934886], [-81.1307755172705, 38.565949012047525], [-81.19411348970027, 38.52763500821297], [-81.22056149314577, 38.53184000913852], [-81.27425248153232, 38.52183100653221], [-81.30349048228176, 38.53480000740629], [-81.34933547463173, 38.54130200635511], [-81.46537244979463, 38.549899002357776], [-81.46644044849218, 38.54792100194047], [-81.47165444633836, 38.54633700139719], [-81.50754745498583, 38.5827140054898], [-81.53760847618734, 38.64595101194003], [-81.54663148581628, 38.672388015258214], [-81.53870550123962, 38.69836302151036], [-81.52917352918145, 38.74830503252072], [-81.5214345544184, 38.82401502602338], [-81.5301625710794, 38.89478901677466], [-81.52677857463293, 38.90204001652274], [-81.52009857729986, 38.901177017691566], [-81.51145658197007, 38.90425601873603], [-81.50823858465142, 38.90860401876365], [-81.5096375851233, 38.91231401812383], [-81.49804959235979, 38.919657018853734], [-81.49624459466179, 38.92482901828855], [-81.49302659628611, 38.92567501823191], [-81.48994759717012, 38.92423901843484], [-81.48647259931145, 38.92643601822499], [-81.48125960085413, 38.92417801855104], [-81.47710960301215, 38.92545901845359], [-81.47494160480088, 38.92829201814862], [-81.47251860538879, 38.9268260183498], [-81.46736360779929, 38.92750401833235], [-81.46512861028931, 38.932478017769384], [-81.46222661117638, 38.93132001794007], [-81.456332614373, 38.93346601775041], [-81.45489861706177, 38.94010101696923], [-81.45102861859803, 38.93966801706084], [-81.44814862046486, 38.941646016850626], [-81.41508662792322, 38.920726019818275], [-81.34391164928354, 38.895634024185576], [-81.30889466840804, 38.908105023003216], [-81.27841268377297, 38.914868022467445], [-81.27948268269004, 38.91319902269726], [-81.2783276829157, 38.9125070228153], [-81.27035568692136, 38.91419402267982], [-81.27079968363718, 38.906069023875816], [-81.26853868466598, 38.90628002387912], [-81.26288568886193, 38.91103102325678], [-81.25832968920783, 38.9069530239342], [-81.26058168696196, 38.903574024405245], [-81.25998268638912, 38.90143602473448], [-81.24891768909131, 38.896820025418215], [-81.2594746835967, 38.89363902590967], [-81.25959868294034, 38.8920690261425], [-81.23826868621792, 38.88141002608841], [-81.24117468409887, 38.87820102703467], [-81.23718568363479, 38.87409502704968], [-81.24239968165617, 38.872902028036386], [-81.2378156812762, 38.86860302799458], [-81.24156367974557, 38.8674400287454], [-81.24327267834731, 38.86512302936018], [-81.23570267970234, 38.86312302852082], [-81.23548767912808, 38.86152602873581], [-81.2369096776837, 38.85889602935691], [-81.24350867621801, 38.85987303019843], [-81.24554167515403, 38.85861403069596], [-81.24625167256951, 38.85251503173024], [-81.24197667337198, 38.8515520312432], [-81.23875567257915, 38.847303031420694], [-81.23194967635199, 38.85208802967371], [-81.22813467748631, 38.852289029076275], [-81.22711767695259, 38.8502660292434], [-81.22837867511731, 38.846563030010756], [-81.22079167598457, 38.84360502936655], [-81.21912367250292, 38.8339530306609], [-81.21504767233041, 38.83089603056644], [-81.21672967080076, 38.82823903123151], [-81.21520566965137, 38.82446203162094], [-81.21755866901229, 38.82439203196381], [-81.21992566971963, 38.82763803178091], [-81.22459466764792, 38.82553203277554], [-81.22135166724925, 38.82247403280292], [-81.22082866543465, 38.81767803349152], [-81.22217366415605, 38.8153730340441], [-81.22698366229807, 38.81379303495894], [-81.22627266186383, 38.81227003510052], [-81.22078166271993, 38.810971034550725], [-81.22219166017359, 38.80556803560095], [-81.22587165866894, 38.80410103633229], [-81.21771565842536, 38.798569036110415], [-81.22762965369648, 38.79282403834192], [-81.21906665440244, 38.78950703773566], [-81.22311665246774, 38.787114038647594], [-81.22032365220745, 38.78484803864203], [-81.21422065411397, 38.785991037662555], [-81.20787465515629, 38.78488903701198], [-81.20700465428293, 38.782290037321054], [-81.21228865208663, 38.77995803838236], [-81.20413165245834, 38.776297037927286], [-81.20380665179043, 38.77451503817688]]]}}, {"id": "28", "type": "Feature", "properties": {"county": "Grant"}, "geometry": {"type": "Polygon", "coordinates": [[[-79.08952766479563, 39.038333693179084], [-79.07775465457618, 39.02180869729346], [-79.08265465549005, 39.01610869996476], [-79.0830546538832, 39.00910870249074], [-79.08065465228276, 39.00700870297007], [-79.0826326518975, 39.00206670493887], [-79.04595251661213, 38.92870962858707], [-79.04825351087312, 38.924409624315096], [-79.07445448628854, 38.89861059924854], [-79.0789724884254, 38.897955598830656], [-79.08605348709204, 38.893910595012954], [-79.08345347016727, 38.88431058483071], [-79.08495446517625, 38.88041058083173], [-79.08075445665558, 38.877010577064915], [-79.08295444623714, 38.869310569128665], [-79.09375444082356, 38.86031056019459], [-79.11285541770184, 38.83441153365634], [-79.12447441595037, 38.826197525325476], [-79.12444141309494, 38.82425752326528], [-79.13429540642427, 38.813339511923296], [-79.22664456632458, 38.875773583031396], [-79.32206467611891, 38.937809680963234], [-79.35766573208015, 38.96450871612938], [-79.34156673153306, 38.968808714791216], [-79.33679274201674, 38.976987720421384], [-79.33046574730687, 38.98260972363659], [-79.32896676579061, 38.99530273447583], [-79.32555276956516, 38.999215737219394], [-79.3197897685302, 39.0018017366683], [-79.3204177774888, 39.01215273649134], [-79.31227577780705, 39.01916273444994], [-79.31097678144634, 39.02472373394449], [-79.31074578675276, 39.03145973363183], [-79.3145077904417, 39.03278973447353], [-79.31785479642893, 39.03724673512485], [-79.31348479731959, 39.04209473389522], [-79.30861279320804, 39.04127773273094], [-79.30384979438941, 39.04696273130951], [-79.30423479734088, 39.05030373125748], [-79.3013158031209, 39.06020673005271], [-79.30237980679604, 39.063829730164656], [-79.29877180803523, 39.068775728963224], [-79.29816381108773, 39.07320972857801], [-79.30656682052883, 39.077033730717254], [-79.31470482119661, 39.07024973321089], [-79.32741883376316, 39.07382773657438], [-79.33409384631025, 39.08265573825175], [-79.35546786621221, 39.08650774429376], [-79.34820186685089, 39.093741742182694], [-79.349523872396, 39.09890274255092], [-79.34691187197956, 39.100823741763804], [-79.34560887814966, 39.10915374131562], [-79.33130487467587, 39.11883873674141], [-79.33144387723615, 39.12173673672766], [-79.33522588210825, 39.123759737895604], [-79.33596588566033, 39.127206738077625], [-79.32936588211774, 39.12960673589667], [-79.32656588242384, 39.13280673490986], [-79.32676588485218, 39.13550673491038], [-79.33106589224012, 39.13990673624069], [-79.33176589951293, 39.14780673631994], [-79.32796590205636, 39.15480673486271], [-79.3236659009913, 39.15810673328001], [-79.32216590462939, 39.16410673258503], [-79.3119649000786, 39.16980672874178], [-79.3109679020105, 39.17330472824783], [-79.31296790718106, 39.177405728826315], [-79.30816590671063, 39.18230472685981], [-79.2986639005768, 39.18570572315453], [-79.29676390101022, 39.188504722298255], [-79.2894638942355, 39.18860571953412], [-79.29376390133224, 39.19250572094926], [-79.29666290872701, 39.198405721752835], [-79.30166191764071, 39.20360472344346], [-79.305162921813, 39.204604724770455], [-79.30546092490935, 39.20810372473589], [-79.3094609311335, 39.21100272620298], [-79.31376093475147, 39.21030272794008], [-79.31766294027554, 39.212403729423364], [-79.32346594228625, 39.208005731860126], [-79.32606494797983, 39.211805732794005], [-79.33316495744482, 39.21480573557112], [-79.34366596721999, 39.2142057397934], [-79.34846596565204, 39.207004741750765], [-79.35736797524218, 39.20810574526687], [-79.35876797260961, 39.203605745799024], [-79.36506797490804, 39.19940574822129], [-79.3695679810172, 39.20140574999496], [-79.37026798386003, 39.20380575030403], [-79.37466898709478, 39.20270575200664], [-79.37786899200393, 39.204705753300836], [-79.38156899511051, 39.20420575474028], [-79.38206899189889, 39.200205754833], [-79.39006899927583, 39.19990575793035], [-79.39276999885139, 39.196705758865185], [-79.39286999537423, 39.192906758768586], [-79.40087000046246, 39.19030676171193], [-79.40577000594106, 39.191206763613856], [-79.41437101161686, 39.18870676674731], [-79.42337102244095, 39.19110677030101], [-79.4287720231475, 39.186706772055445], [-79.4350720341785, 39.191806774801265], [-79.44217204077908, 39.19170677749715], [-79.44347203558038, 39.185406777480424], [-79.46297205042997, 39.182206784477806], [-79.46747405101563, 39.17880678580354], [-79.47377405993011, 39.181706788443705], [-79.47577406521279, 39.18490678954031], [-79.48617508220224, 39.191606794238886], [-79.48687509841265, 39.20589579622546], [-79.47294908095056, 39.202137790339826], [-79.46979307961394, 39.203733789276036], [-79.46960408312661, 39.20721578956694], [-79.4673870826182, 39.20876478885105], [-79.46055507890823, 39.211555786414394], [-79.45330407071353, 39.210469783425964], [-79.44742407033856, 39.215681781529575], [-79.44064706452329, 39.216505778867536], [-79.43298406439811, 39.22388677630812], [-79.42571305858291, 39.225313773421696], [-79.42405405899127, 39.2273977728725], [-79.42522106717522, 39.23447677381281], [-79.42068006351562, 39.23542377196608], [-79.42026106649301, 39.238882771998526], [-79.41221705957541, 39.24019276866294], [-79.40833506031997, 39.245069767256595], [-79.40945206255914, 39.246198767792706], [-79.39966505617218, 39.25150476345679], [-79.39838805493893, 39.25340776253777], [-79.39956005623824, 39.25504176273657], [-79.39500405158209, 39.257073760353826], [-79.39328504997836, 39.2616267587141], [-79.39025804679142, 39.26136375743131], [-79.3873760438438, 39.26354875572718], [-79.38733804395248, 39.2678197548619], [-79.38185703813244, 39.26686475261654], [-79.37880903503608, 39.27181775025101], [-79.3760140320982, 39.273216748712066], [-79.3575250124337, 39.27630473974842], [-79.3522960068255, 39.28020173653047], [-79.35130800572551, 39.28507073500186], [-79.3449149988378, 39.28496873210914], [-79.34365599744335, 39.287117731047175], [-79.34738900142304, 39.29110173185998], [-79.3460109998858, 39.29395973058168], [-79.34037499375833, 39.29367072804487], [-79.33264698515147, 39.300129722964705], [-79.32624597810138, 39.30107671975705], [-79.32126497268565, 39.30000471769245], [-79.31704696786477, 39.30403771474264], [-79.31394396441466, 39.30470571312469], [-79.3034309531726, 39.2996227094824], [-79.29039493891075, 39.29945170345844], [-79.29016093832209, 39.303515702285914], [-79.28388393085346, 39.309843697665976], [-79.28247692811495, 39.322811693543024], [-79.27456491875144, 39.32757568844564], [-79.23815987663225, 39.322100672017505], [-79.13445574810638, 39.31250062158986], [-78.97989757578704, 39.23762357400011], [-78.988476595356, 39.22715858301757], [-78.99247960454342, 39.22032558806349], [-78.99265460479147, 39.216559590013865], [-78.99710761534115, 39.21284959353783], [-78.99621861308765, 39.209747594729826], [-78.99756361619231, 39.2055055972983], [-79.0027496246042, 39.19950360220088], [-79.00154962329978, 39.195203603776676], [-79.00844962960049, 39.18881860956211], [-79.01085063163282, 39.18480461237892], [-79.01035063103755, 39.18250461325986], [-79.0162506359684, 39.175204618866346], [-79.02435064274253, 39.169304624508776], [-79.02405064218456, 39.166204625781894], [-79.02725164431489, 39.159504629881894], [-79.03607665071618, 39.15000163700878], [-79.03458364875237, 39.144179639011625], [-79.02876964372619, 39.14175963819006], [-79.03098464507474, 39.1377516406424], [-79.03885365039596, 39.130384646225735], [-79.0392516497054, 39.12300564946072], [-79.03705164754965, 39.11930565039548], [-79.05295265693316, 39.10450666085772], [-79.05425265730845, 39.10140666243419], [-79.05095265483966, 39.10050666194926], [-79.05735265753724, 39.090906667366696], [-79.06595366253434, 39.08710667088269], [-79.0655536608331, 39.08020667341815], [-79.06835366175136, 39.076106675589855], [-79.07785366681873, 39.07220767906818], [-79.07845366655852, 39.06960768013356], [-79.07285366211134, 39.065207680598284], [-79.08952766479563, 39.038333693179084]]]}}, {"id": "29", "type": "Feature", "properties": {"county": "Monroe"}, "geometry": {"type": "Polygon", "coordinates": [[[-80.72776315095702, 37.617459990862265], [-80.66088875119966, 37.71370424471055], [-80.66334673799605, 37.73169629035382], [-80.65481170142795, 37.72731927919728], [-80.62995358457889, 37.722977268245515], [-80.62019354758614, 37.71670725271071], [-80.61444051851628, 37.71718125393657], [-80.50855807411847, 37.69149419517387], [-80.50669306642568, 37.69115819447677], [-80.50511904890351, 37.694625202588576], [-80.50089902807333, 37.694983203586105], [-80.49811701332277, 37.694413202362284], [-80.49589100871344, 37.69115519493541], [-80.49255397799944, 37.69413220189124], [-80.48885196195309, 37.691536196087014], [-80.48485892769679, 37.69421920233387], [-80.47984990069386, 37.69246219852798], [-80.47413784926391, 37.69692820874201], [-80.4730248534068, 37.69339520086446], [-80.46058477651299, 37.6922241987068], [-80.46007577985155, 37.690237194351674], [-80.4626818054049, 37.6876161884518], [-80.45172474756777, 37.68387318084642], [-80.44898972120801, 37.686439186581076], [-80.44338568156019, 37.68746818909682], [-80.44218166649583, 37.689557193652185], [-80.43018856964163, 37.69493120557043], [-80.42216349166472, 37.70194222050344], [-80.41532745278006, 37.7003272172185], [-80.4149684399766, 37.70312522303249], [-80.41204040948541, 37.706110229225295], [-80.40600336447936, 37.70745423197346], [-80.39455925171397, 37.71691825102554], [-80.39098924053224, 37.71368824442287], [-80.39409027300864, 37.71067923842027], [-80.39266327290007, 37.70829323359456], [-80.39512130525782, 37.70418022530099], [-80.39335130140202, 37.70219022129616], [-80.38588923131533, 37.70746723189581], [-80.38076119795092, 37.70732523158791], [-80.38232822280933, 37.70372022443818], [-80.38155823613802, 37.69915021537887], [-80.38529228605374, 37.692771202594805], [-80.3775342638781, 37.685834189191176], [-80.37447324417738, 37.68583918936906], [-80.37130820163343, 37.69123220008478], [-80.36948618795358, 37.6916872010446], [-80.36169114604756, 37.689637197393374], [-80.35661108228166, 37.696927211571165], [-80.35168999944808, 37.70875923417358], [-80.3398369404285, 37.704304225750604], [-80.34107295893972, 37.70193722131805], [-80.34796402278403, 37.697637213121325], [-80.3479450385417, 37.69396020617275], [-80.336312991188, 37.68756819467542], [-80.31830488305059, 37.685839192452214], [-80.29613471215181, 37.69178320404703], [-80.27936877414406, 37.65707714571229], [-80.2675007556475, 37.64615612911317], [-80.2407876602416, 37.63832411811728], [-80.22098064860315, 37.62776709853378], [-80.22601370330806, 37.620059086775825], [-80.24026881791282, 37.60696106742024], [-80.25891596154752, 37.595499047323955], [-80.32850149409904, 37.56431496879338], [-80.31219849035347, 37.54621994279148], [-80.31446751216248, 37.54405493789674], [-80.32748859738928, 37.54013992487743], [-80.33036562955357, 37.53626691642485], [-80.3093445631944, 37.52737991047025], [-80.29166443000796, 37.536515935060265], [-80.28238839710504, 37.533518934298854], [-80.29978660550991, 37.508270881645046], [-80.32709777909525, 37.495376836516606], [-80.34377786266217, 37.492150816123775], [-80.36683498273825, 37.48487877793255], [-80.36316896945688, 37.48000076382853], [-80.37194901972708, 37.47406873822608], [-80.42562732913983, 37.44988461767726], [-80.44300744137296, 37.43813056285794], [-80.45730252939914, 37.43226953069717], [-80.46481458221876, 37.42614450244427], [-80.47559964808481, 37.422948482074595], [-80.49485872755159, 37.43507151208613], [-80.49727771878815, 37.44477954672852], [-80.49297966721026, 37.45774859848898], [-80.51138967881509, 37.48167167925729], [-80.51513769513738, 37.47856566587531], [-80.51864070257871, 37.4793036672958], [-80.52347971991, 37.47690465605719], [-80.53237074212859, 37.47712365323973], [-80.5368877595643, 37.47400763912312], [-80.55203479847029, 37.47356263088707], [-80.56144082835107, 37.46977461154644], [-80.58146189324168, 37.459137558682144], [-80.58288290014742, 37.456657547718876], [-80.58585490710664, 37.45665354620502], [-80.60020295379974, 37.44617249479061], [-80.61680099813636, 37.43944245677886], [-80.62211601320608, 37.435968438706084], [-80.62266301709127, 37.433306426890134], [-80.63438904360062, 37.431226410671684], [-80.63737805143283, 37.42937140069736], [-80.63694605220812, 37.42747039264116], [-80.6458920746431, 37.42214636343434], [-80.65242508870642, 37.420633352403264], [-80.68510615945615, 37.40409425467164], [-80.69747318289048, 37.399600224634604], [-80.70520219734428, 37.39461719542244], [-80.71547821514417, 37.390706168891334], [-80.71629721663605, 37.38869315870595], [-80.72068322383504, 37.38931815813509], [-80.72570123199394, 37.38552113595831], [-80.72780323542771, 37.38637813833267], [-80.74339025929076, 37.37985009388231], [-80.74872126762602, 37.38004909033697], [-80.75988528504412, 37.37488105610598], [-80.7700813017384, 37.37236203575654], [-80.77700631713451, 37.3848390905103], [-80.78313032915972, 37.39024611152957], [-80.78418733221702, 37.39458613154353], [-80.79944735867261, 37.39574312425113], [-80.80249836462879, 37.39826013369987], [-80.80574237009395, 37.39795312948446], [-80.80704337340066, 37.401645145978485], [-80.8061483725627, 37.40402515809179], [-80.80858637747475, 37.406536167954286], [-80.8376774330381, 37.42565723268438], [-80.84167143999213, 37.42597023053697], [-80.84632444721211, 37.42339421425492], [-80.85846546954618, 37.42830622620144], [-80.79845038146591, 37.52210268402033], [-80.74814624811897, 37.58760090854843], [-80.72776315095702, 37.617459990862265]]]}}, {"id": "30", "type": "Feature", "properties": {"county": "Doddridge"}, "geometry": {"type": "Polygon", "coordinates": [[[-80.7333349226195, 39.39546568898357], [-80.71332492030315, 39.430250662140914], [-80.71002492057927, 39.42927766052071], [-80.70630492056414, 39.431537657312134], [-80.70430192075426, 39.43071465642387], [-80.69723292097721, 39.432428651395355], [-80.69444792133997, 39.430262650573844], [-80.69402692174538, 39.42630765192676], [-80.68327992190193, 39.43080464351451], [-80.67703092254935, 39.42764064096019], [-80.66708292262348, 39.43257763288913], [-80.65871192304314, 39.433012627595396], [-80.65747892256925, 39.4387046245868], [-80.6532509225433, 39.4414396209284], [-80.64848892265707, 39.44302361740499], [-80.64131492314249, 39.442100613400015], [-80.639586922871, 39.4459886108293], [-80.63690592292821, 39.44696260882049], [-80.63245992349637, 39.44355760744259], [-80.6189349237456, 39.44891459715528], [-80.6186299236258, 39.45037559640896], [-80.61374492387424, 39.45063359334832], [-80.60945292442229, 39.44732559200777], [-80.60954092454973, 39.44590659260238], [-80.60578892497156, 39.443617591192606], [-80.60167792519721, 39.44364558868085], [-80.5987809256077, 39.44095658793497], [-80.59647192492689, 39.44967658323769], [-80.59236392522439, 39.44893758102395], [-80.58824692523906, 39.45126157765475], [-80.58309192551266, 39.45141557447303], [-80.58112492570154, 39.45055757360075], [-80.58162292594146, 39.44765257498568], [-80.57772992642218, 39.444783573688156], [-80.57687692705014, 39.43847057551385], [-80.57938692723934, 39.43490757837077], [-80.57015492762876, 39.436215572246304], [-80.56861492741379, 39.43948957009836], [-80.55946092794107, 39.43926456459981], [-80.55788792820516, 39.43732356435019], [-80.55815392859127, 39.432929566119036], [-80.55081292890215, 39.43395856125479], [-80.54586392935927, 39.431927558964055], [-80.54308593001349, 39.42639555926095], [-80.54373493026458, 39.42323256080168], [-80.53792793064493, 39.42253955748146], [-80.53907693169005, 39.41029056259465], [-80.5477489318194, 39.40369057035131], [-80.54800793202136, 39.40131257137408], [-80.54743093247605, 39.39664657270615], [-80.54433893270563, 39.395943571034486], [-80.54299693296778, 39.39384457095605], [-80.54270393341407, 39.389091572488546], [-80.53820993387151, 39.3866835705449], [-80.53960493410213, 39.38331357263092], [-80.54275693412146, 39.38125257535069], [-80.53995193465413, 39.37700957511808], [-80.53995893497843, 39.37342157641427], [-80.54347793507115, 39.3703515797396], [-80.54409693538952, 39.366480581528705], [-80.53263993646318, 39.361237576163106], [-80.53352993697685, 39.3550295789499], [-80.54476293668296, 39.35183158724533], [-80.54555193724002, 39.3452395901322], [-80.55730293737531, 39.337107600607084], [-80.55640093766353, 39.334452600998105], [-80.56404993795573, 39.32697860865393], [-80.56319493816541, 39.32516060877066], [-80.56509893855053, 39.31989461193475], [-80.56824193852947, 39.31838961452112], [-80.5706209383062, 39.31951361564461], [-80.5760259384243, 39.315256620718465], [-80.58240493800054, 39.31636662443648], [-80.58149893837316, 39.31281862517251], [-80.58518993847385, 39.309716628726015], [-80.58468593885041, 39.30590962982154], [-80.58623793899248, 39.30353063172161], [-80.59255993865634, 39.303752635756005], [-80.59605793909316, 39.297158640521715], [-80.60368493928348, 39.291041647826404], [-80.60246993962174, 39.28804964816492], [-80.60430193971774, 39.28604765012721], [-80.602450940003, 39.28395964970337], [-80.5963999400948, 39.286175644889475], [-80.5937019403888, 39.28443564377288], [-80.59047994045328, 39.28545064127416], [-80.58709494085977, 39.28285264002344], [-80.58156594102451, 39.28401063595531], [-80.57776494138231, 39.28215163414759], [-80.57989294168574, 39.277722637196455], [-80.57749794193373, 39.2762996361462], [-80.58032394217528, 39.27217863954524], [-80.58619994208341, 39.270076644215735], [-80.58807794227839, 39.26697964661898], [-80.5858129426099, 39.264577646016825], [-80.58743094285187, 39.261111648388386], [-80.5841049433628, 39.25731164759826], [-80.576463943897, 39.255496643186675], [-80.57548094417109, 39.253027643447716], [-80.56127794387812, 39.245903636334084], [-80.56291894292238, 39.24301763831261], [-80.55710994277874, 39.24167663482762], [-80.55574894186921, 39.23850663487545], [-80.55128694219266, 39.23890863175866], [-80.54706894110916, 39.234786630164834], [-80.54770593926453, 39.22889963236167], [-80.55152193841798, 39.226671635606884], [-80.55930893905945, 39.22983263990242], [-80.56081893979481, 39.23245264012251], [-80.56541893927037, 39.23138064354733], [-80.5680589381706, 39.22812764632335], [-80.56611593746672, 39.22554164580427], [-80.5662139360721, 39.22096364727204], [-80.55772193566017, 39.21850264227151], [-80.55443893445793, 39.214161641360135], [-80.54605593550374, 39.216504634966064], [-80.52929393474567, 39.212000624925295], [-80.52564493395118, 39.20903462331605], [-80.52794293276752, 39.20553362591006], [-80.52772793198126, 39.20300362650779], [-80.53235893108241, 39.200653630362694], [-80.52808793066112, 39.19883662797977], [-80.5284499297965, 39.19611962902717], [-80.53225892917371, 39.19453763210222], [-80.53820792922923, 39.19535163593536], [-80.54086292825859, 39.19251063860083], [-80.54110792741733, 39.189825639569875], [-80.54789892618984, 39.18655164521558], [-80.55108092604121, 39.1863906474518], [-80.55124992697804, 39.1894526466448], [-80.55444192771725, 39.19219364800735], [-80.55842992682882, 39.18971365149542], [-80.55805492589712, 39.186628652174626], [-80.56147192337848, 39.17871965693351], [-80.57557092189546, 39.17515866776176], [-80.57957592282668, 39.17863566945051], [-80.59176692367896, 39.18269767658615], [-80.58973692027241, 39.17104467884098], [-80.59500491944972, 39.16874868321172], [-80.59688591767951, 39.16293068635209], [-80.59980191665352, 39.15969868940159], [-80.602874916463, 39.15930269166575], [-80.60484491530966, 39.15553569423543], [-80.61710891461223, 39.15410570324593], [-80.6225079127668, 39.14814270894237], [-80.62109691224616, 39.146240708570204], [-80.62361591119432, 39.14277671145604], [-80.6296209100607, 39.139239716819], [-80.63346391006453, 39.13950471943103], [-80.63728690944835, 39.13759572274201], [-80.63925390985318, 39.13914472361489], [-80.64232390970466, 39.138823725876726], [-80.6442599091298, 39.136921727865], [-80.64739490980173, 39.13950172921373], [-80.65074490919078, 39.1375557322129], [-80.65302890997987, 39.14051273283284], [-80.65693491007532, 39.14111973537126], [-80.65867690932379, 39.13855073745395], [-80.66289690904979, 39.13784774065467], [-80.66444690676542, 39.129732744476264], [-80.67483390554659, 39.125917753098015], [-80.6765379052076, 39.1247787546895], [-80.67648690446741, 39.12208275557134], [-80.68174890415077, 39.121198759597014], [-80.68119390165292, 39.112040762335525], [-80.68761690094186, 39.10969976770547], [-80.68706190040275, 39.1076957679995], [-80.6911118994428, 39.10430977205152], [-80.69068789870427, 39.1015707726938], [-80.69838389715747, 39.096075780096676], [-80.69811589657431, 39.09390178065968], [-80.70103789558189, 39.09027878401398], [-80.74921489774424, 39.099843815106546], [-80.81297088513695, 39.10940183996775], [-80.84776489031472, 39.16863383361221], [-80.91384088814875, 39.27294782249713], [-80.82944590473559, 39.343228755409044], [-80.7333349226195, 39.39546568898357]]]}}, {"id": "31", "type": "Feature", "properties": {"county": "Wirt"}, "geometry": {"type": "Polygon", "coordinates": [[[-81.23093872423318, 38.97097101095486], [-81.27269069435938, 38.93633901937652], [-81.26956769444479, 38.93303801989909], [-81.26935969290592, 38.928772020533586], [-81.26636569319706, 38.926186020953516], [-81.27020069091053, 38.92448302115862], [-81.27754768770995, 38.92430102109337], [-81.27401568709487, 38.918720021960794], [-81.27841268377297, 38.914868022467445], [-81.30889466840804, 38.908105023003216], [-81.34391164928354, 38.895634024185576], [-81.41508662792322, 38.920726019818275], [-81.44814862046486, 38.941646016850626], [-81.45102861859803, 38.93966801706084], [-81.45489861706177, 38.94010101696923], [-81.456332614373, 38.93346601775041], [-81.46222661117638, 38.93132001794007], [-81.46512861028931, 38.932478017769384], [-81.46736360779929, 38.92750401833235], [-81.47251860538879, 38.9268260183498], [-81.47494160480088, 38.92829201814862], [-81.47710960301215, 38.92545901845359], [-81.48125960085413, 38.92417801855104], [-81.48647259931145, 38.92643601822499], [-81.49037259697252, 38.92418401843581], [-81.49340959611315, 38.925643018230836], [-81.4971775940237, 38.92401901836906], [-81.4979765924201, 38.919756018843444], [-81.50119859050179, 38.91796201882981], [-81.50627458875049, 38.91963001783629], [-81.51293058556317, 38.9187890168751], [-81.51230758697284, 38.92267701653904], [-81.514380586765, 38.92511701593884], [-81.52038458430525, 38.92582301491266], [-81.51618558761437, 38.93079601502128], [-81.52057058650658, 38.93371901400793], [-81.51935858773682, 38.93609901393381], [-81.52552558553248, 38.93802001275649], [-81.52662258602571, 38.94144501220777], [-81.5319035840613, 38.942863011229115], [-81.53376158409324, 38.945901010607734], [-81.53877458149036, 38.944679009961625], [-81.54168958191062, 38.95080100884506], [-81.54123858271943, 38.95294000868303], [-81.54419858156918, 38.95360800815344], [-81.55003458081652, 38.960345006528954], [-81.54963758284521, 38.96693800588202], [-81.54532458610728, 38.97152900604594], [-81.52956559502448, 38.977465007794436], [-81.52942859643501, 38.9821680072988], [-81.53391059512761, 38.98483200633081], [-81.53285759634377, 38.987388006209905], [-81.53715359514473, 38.99016500526143], [-81.53627959682561, 38.99465000490382], [-81.53366759872452, 38.997049005032196], [-81.5358645984983, 38.999850004398915], [-81.53383159958815, 39.00116000433564], [-81.53224860072254, 39.005819003165], [-81.58144757933087, 39.02617998988964], [-81.55354659434164, 39.049279987036314], [-81.42490666304909, 39.135679966793646], [-81.40775467121037, 39.135724966477696], [-81.40314867356213, 39.13727696590002], [-81.2980177293937, 39.18557294787364], [-81.29605372983875, 39.18139294922493], [-81.30197072706184, 39.18205294914583], [-81.30144372700593, 39.17946194999865], [-81.29775772863336, 39.1782109503301], [-81.30588872398954, 39.17213695254585], [-81.31620471854184, 39.16802195414518], [-81.31643271807313, 39.164963955165334], [-81.31890871670002, 39.163388955741155], [-81.31127072001293, 39.16040995656872], [-81.31056972005702, 39.15794295737494], [-81.3210457148723, 39.15651595806406], [-81.31902971553102, 39.1538969588913], [-81.31980671504402, 39.15291095923376], [-81.32856771083104, 39.15270995947498], [-81.3291587102594, 39.15020696031326], [-81.32404771181348, 39.14256896274065], [-81.29984872182153, 39.129856966541105], [-81.29687472353096, 39.13232896566394], [-81.28731172808634, 39.13243296546527], [-81.286235728378, 39.13063596605084], [-81.28717072733143, 39.12569596772642], [-81.28053773010748, 39.12270496862659], [-81.2774297310333, 39.118284970068515], [-81.27638273025849, 39.10801697351782], [-81.26428973589086, 39.10748797353069], [-81.2642927355104, 39.1044689745546], [-81.26104373690657, 39.10341297487005], [-81.26354273513667, 39.098685976506495], [-81.25799773723352, 39.09466997780274], [-81.26063473467555, 39.08419798139098], [-81.25816973548736, 39.0815049822807], [-81.2572257346999, 39.071805985569924], [-81.26183873175536, 39.06547998775799], [-81.27243972663095, 39.06387998838268], [-81.27373972538201, 39.05867999014944], [-81.27143972656022, 39.05957998982906], [-81.26601672871197, 39.05668299077239], [-81.2629907302719, 39.057939990325586], [-81.26061473114201, 39.05610799093149], [-81.25368173434846, 39.056070990898206], [-81.25390873369942, 39.05179399235633], [-81.25024873514998, 39.049897992980966], [-81.2489297345222, 39.04094599582679], [-81.2533697321944, 39.03800799704925], [-81.24909073363648, 39.03449699805834], [-81.24203773674728, 39.03818099544458], [-81.22823874112801, 39.03228099481818], [-81.22613874213745, 39.03398099383095], [-81.22753874185405, 39.03578099348069], [-81.22473874358118, 39.04088099118777], [-81.22063774545441, 39.04338098953599], [-81.21074174941542, 39.0451819870034], [-81.20414775152368, 39.04250598665699], [-81.20280775141659, 39.03810198792572], [-81.19710775366883, 39.038955986532606], [-81.19211475534989, 39.037619986036695], [-81.19048375631405, 39.04012598485035], [-81.18512375845283, 39.04104298349811], [-81.18353875879428, 39.03927398381021], [-81.17937876065959, 39.04141298226169], [-81.17376876166813, 39.03386498382413], [-81.16245576540983, 39.0306089827987], [-81.23093872423318, 38.97097101095486]]]}}, {"id": "32", "type": "Feature", "properties": {"county": "Tyler"}, "geometry": {"type": "Polygon", "coordinates": [[[-80.97378378223914, 39.58815628007594], [-80.9437798007161, 39.6069242643721], [-80.93290780229728, 39.59975928167958], [-80.8860408091811, 39.58030833976364], [-80.85217983722856, 39.602046317208455], [-80.84639083889837, 39.60108932184], [-80.84494383625018, 39.597036330212596], [-80.84939083112373, 39.592765336024414], [-80.8489368285163, 39.58922634291496], [-80.84608082845013, 39.58782434703887], [-80.84372882612303, 39.58388335572474], [-80.83752682716246, 39.582548361552924], [-80.83161382423462, 39.57676937580049], [-80.82722382523463, 39.576316379068665], [-80.82656982230894, 39.572741386334], [-80.82957982011696, 39.5712553875268], [-80.82802181704925, 39.56720139621604], [-80.82995681507879, 39.56554339831027], [-80.82714181339483, 39.5627384053331], [-80.82193181377149, 39.56163841047616], [-80.82408780898164, 39.556858418490265], [-80.82320080705851, 39.55446042366584], [-80.81889280833202, 39.55478242560424], [-80.80976981719778, 39.561959416890886], [-80.8067058176194, 39.56157341942731], [-80.80217581248753, 39.55511643488628], [-80.79431081367301, 39.554493440808955], [-80.79184581150763, 39.551810447672345], [-80.78282880914087, 39.547703461440165], [-80.78283280609404, 39.54481046731421], [-80.78092580492684, 39.543370471423046], [-80.7846888020209, 39.54124947338652], [-80.78413079691661, 39.536284483806284], [-80.76932579207886, 39.52985250649584], [-80.76501178666626, 39.52454852029349], [-80.76179578851684, 39.52587251967442], [-80.75697578809292, 39.52503852460019], [-80.7536157840738, 39.52129353468], [-80.75368878109703, 39.51875653995164], [-80.7504327809583, 39.51840954288446], [-80.74918477919364, 39.51582155007213], [-80.74084678893335, 39.512821571240686], [-80.74181678140478, 39.50737058106149], [-80.73764678662187, 39.50579159187897], [-80.73999477863929, 39.502018595675686], [-80.73566078353085, 39.49959360786131], [-80.73450177901175, 39.49340161136751], [-80.73560577478257, 39.49113060992983], [-80.72270079625697, 39.49112063282567], [-80.71922479577147, 39.48572763997745], [-80.72033178803892, 39.48059163898759], [-80.71879878812139, 39.47857364202394], [-80.71563279236148, 39.47794764762665], [-80.71611978873045, 39.475529647201164], [-80.69294182242425, 39.47383868738889], [-80.69128282123758, 39.47109669051146], [-80.68599282843466, 39.47049369962149], [-80.68202483884914, 39.47356670619842], [-80.68022784804663, 39.47802070900656], [-80.67223186000835, 39.4776247228872], [-80.6696468542335, 39.471162727568924], [-80.67161184517815, 39.467135724353064], [-80.67110384152167, 39.46421272532162], [-80.66221186003109, 39.46766274033575], [-80.65711686526049, 39.466178748999084], [-80.65265287827837, 39.470066756658206], [-80.6495408822888, 39.46964776196626], [-80.64615188287297, 39.46696576764778], [-80.64072888997948, 39.46640077683605], [-80.63871188409463, 39.46130677994041], [-80.63447988840433, 39.46027778698449], [-80.63306192221889, 39.45676260267762], [-80.61975692331299, 39.45304359606644], [-80.6189349237456, 39.44891459715528], [-80.63245992349637, 39.44355760744259], [-80.63690592292821, 39.44696260882049], [-80.639586922871, 39.4459886108293], [-80.64131492314249, 39.442100613400015], [-80.64848892265707, 39.44302361740499], [-80.6532509225433, 39.4414396209284], [-80.65747892256925, 39.4387046245868], [-80.65871192304314, 39.433012627595396], [-80.66708292262348, 39.43257763288913], [-80.67703092254935, 39.42764064096019], [-80.68327992190193, 39.43080464351451], [-80.69402692174538, 39.42630765192676], [-80.69444792133997, 39.430262650573844], [-80.69723292097721, 39.432428651395355], [-80.70430192075426, 39.43071465642387], [-80.70630492056414, 39.431537657312134], [-80.71002492057927, 39.42927766052071], [-80.71450292029694, 39.429649663110986], [-80.73324592261807, 39.395528688901685], [-80.82944590473559, 39.343228755409044], [-80.88874489303639, 39.29429880221105], [-80.88810589294907, 39.29698380075433], [-80.88975389212615, 39.300657799848906], [-80.88395289304088, 39.30776779422482], [-80.88788489143363, 39.31293179364562], [-80.89144889024377, 39.31491279430502], [-80.8899448899985, 39.32163479070149], [-80.8924538889482, 39.325179790216346], [-80.89045588910284, 39.32925078756913], [-80.88473789055473, 39.330694784488095], [-80.88395089057417, 39.332717783262744], [-80.88305889044835, 39.336505781217646], [-80.88501888942517, 39.341324779936976], [-80.88072389019413, 39.34566177620126], [-80.88565088824548, 39.35147177574676], [-80.8822988889356, 39.353946773233965], [-80.88248088844486, 39.35839577135749], [-80.88372988786632, 39.36072377086515], [-80.88634588716948, 39.36039277212078], [-80.88817488650722, 39.36193177222017], [-80.8902818855259, 39.365912771362254], [-80.89524388396703, 39.367682772685264], [-80.89494288381908, 39.370027771524676], [-80.89754688276929, 39.373299771184605], [-80.90344188115104, 39.373038773793226], [-80.90443888037034, 39.37812177197028], [-80.91028487905858, 39.374899775864755], [-80.91897187571985, 39.38416277543199], [-80.92874387283396, 39.38578677883187], [-80.93214087155698, 39.38911977878185], [-80.93740387034174, 39.38656578213588], [-80.93686687062352, 39.385230782503896], [-80.94004486996268, 39.38295078485975], [-80.94023787020741, 39.379931786286384], [-80.94284986962965, 39.37840778806876], [-80.94182087010068, 39.37654678846366], [-80.9435718698907, 39.373731790459004], [-80.9408208709622, 39.37065479066681], [-80.9405628713671, 39.367287792058], [-80.94187587144495, 39.362797794615716], [-80.94630187052891, 39.35957879792943], [-80.94569187095485, 39.35699179882478], [-80.94882487078748, 39.349848803345225], [-80.9523498699632, 39.348242805563125], [-80.95269287009765, 39.345915806749254], [-80.9578708688639, 39.34378880990705], [-80.95771486927478, 39.3400738115031], [-80.9628628678897, 39.339561813928974], [-80.96879886577902, 39.34416481439633], [-80.9714038651253, 39.34342881583709], [-80.98193986181184, 39.347221818620774], [-80.98750686025569, 39.34725782097534], [-80.98810286040988, 39.34401782269006], [-80.99294285914658, 39.34314282514798], [-80.99452085891278, 39.34105682676278], [-81.00003185727039, 39.34207882864491], [-81.00216585652775, 39.34051182982257], [-81.00423185532607, 39.343878828754335], [-81.00673185419564, 39.344678828942335], [-81.0055318543743, 39.347978827186544], [-81.00783685311426, 39.35092382636226], [-81.01533184407043, 39.410677801009584], [-81.0231628377194, 39.44182178867497], [-81.02542676552423, 39.46368744237724], [-81.02933476485006, 39.467381441145484], [-81.04262876549483, 39.46860844574221], [-81.05337176378848, 39.475179445505916], [-81.06126676364613, 39.47643044801694], [-81.05999676519261, 39.47251645022237], [-81.05421576660612, 39.467967451023554], [-81.05666876859968, 39.46340245528286], [-81.07889276871308, 39.4675544615397], [-81.08577277080947, 39.46453746635939], [-81.09141980752896, 39.45830879640848], [-81.09565080586773, 39.45718179785675], [-81.10055977460026, 39.460298475041704], [-81.1011697734947, 39.462325474023245], [-81.10688277332004, 39.4635694755701], [-81.11733279684901, 39.456602802938754], [-81.12153379497722, 39.45777580334563], [-81.1167307734214, 39.46487347879972], [-81.11523077226894, 39.46647347723391], [-81.11473077279776, 39.46557347756449], [-81.10083175912878, 39.487174458393945], [-81.09193375406804, 39.496571448343644], [-81.0816187533647, 39.504090434596634], [-81.07059175573958, 39.515989410240635], [-81.05598375814682, 39.52589438769945], [-81.04489976050552, 39.536298366208676], [-81.0268537635939, 39.54749534068351], [-81.02005276541836, 39.555408325405885], [-80.99369277159515, 39.571251296008924], [-80.97378378223914, 39.58815628007594]]]}}, {"id": "33", "type": "Feature", "properties": {"county": "Greenbrier"}, "geometry": {"type": "Polygon", "coordinates": [[[-80.50842427196285, 38.21552966978809], [-80.43651335897424, 38.267334613633665], [-80.3600470838896, 38.225845474291205], [-80.36329356200329, 38.114331334837495], [-80.26465095945305, 38.046616057037134], [-80.22431290439191, 38.042060918236395], [-80.22216691489218, 38.04375391267987], [-80.2169849114609, 38.04269188996259], [-80.21034788327978, 38.03707385268655], [-80.20592688815286, 38.03756283571057], [-80.19775892217758, 38.042946813316675], [-80.19299392090106, 38.042305792910476], [-80.18863690517988, 38.0391127688724], [-80.18419091659295, 38.04077175436937], [-80.17849591532891, 38.04005172991105], [-80.16904889790435, 38.036109683197864], [-80.10688903791451, 38.05584448275878], [-79.95985811264579, 38.06342088804926], [-79.96607803492354, 38.050818884996914], [-79.97389297395071, 38.040002891183406], [-79.97159894166633, 38.0352308672342], [-79.97408293937119, 38.03439087589762], [-79.9752669141574, 38.03007386863417], [-79.98028790571037, 38.02759488308069], [-79.98561686312676, 38.01915887984194], [-79.98483984678697, 38.01660886874105], [-79.98613983460137, 38.014180866493525], [-79.99011183592239, 38.013244879565974], [-79.99548581052001, 38.007123880989425], [-79.9949017921233, 38.00407586868069], [-79.9963937754502, 38.000602862886524], [-79.99885077454968, 37.999709871729365], [-79.99938073340772, 37.994906900312465], [-80.01219067490382, 37.98863198763942], [-80.01314263661853, 37.984252014836436], [-80.02062860409823, 37.980747063380655], [-80.02213858030215, 37.97802008349627], [-80.03597749440326, 37.96824818640267], [-80.03690547455727, 37.96590620143838], [-80.04042047168295, 37.96561921601961], [-80.04447342499363, 37.96007925775657], [-80.04686942461122, 37.96005426663248], [-80.05605335747117, 37.95195833744251], [-80.07451127962383, 37.94222044424137], [-80.07610225360371, 37.93894546356409], [-80.09105516138321, 37.92690556138304], [-80.09656009442274, 37.91811161302907], [-80.10292810292586, 37.91891062881782], [-80.10720205480948, 37.912441665798546], [-80.11146304201345, 37.91052668505826], [-80.11896399315644, 37.90361373090662], [-80.1177439479397, 37.89771974867851], [-80.12060994218166, 37.8967347596681], [-80.1236169530211, 37.897942763295994], [-80.12976492842775, 37.89415879221833], [-80.1319278952138, 37.889499813334524], [-80.1379838756048, 37.886283838810435], [-80.14151884993065, 37.88243585965738], [-80.14894788768137, 37.88689186360857], [-80.14984486280318, 37.883363876544436], [-80.16219881332358, 37.8751219294012], [-80.16536978585118, 37.870866948389754], [-80.16506977257244, 37.869024952882526], [-80.16895376257777, 37.86711596642502], [-80.1720297305667, 37.862143986242295], [-80.17163770794795, 37.858965993977584], [-80.1761926867111, 37.85526501264642], [-80.17673766984841, 37.852757020212195], [-80.18140767576517, 37.852903028603436], [-80.18275166658958, 37.85136503497315], [-80.18355163612698, 37.84681004778383], [-80.17938758265169, 37.8397510584274], [-80.19296256488465, 37.83475009262077], [-80.20284950701338, 37.82424013099117], [-80.20647845704327, 37.81597015350728], [-80.21622543087102, 37.80982017780983], [-80.21860743420592, 37.80978318065277], [-80.227686371586, 37.797892212087824], [-80.22948533895568, 37.79233122342191], [-80.22303629185836, 37.78672322806227], [-80.22453328075146, 37.78459523307817], [-80.22348126500604, 37.782444236219476], [-80.21907826314245, 37.78336823133918], [-80.21588824845648, 37.78198923171561], [-80.21660121037954, 37.77596124390583], [-80.22182323516806, 37.77829324273233], [-80.22515923241741, 37.77691724734464], [-80.22704924837863, 37.77886024508224], [-80.22978825114825, 37.77851124746486], [-80.23588822826198, 37.77313026011275], [-80.24085923331776, 37.77244226393244], [-80.24198720605519, 37.7677482716734], [-80.24838522158947, 37.768250273948766], [-80.25165220503962, 37.76324728201982], [-80.24943115573689, 37.75727528975463], [-80.25087515209759, 37.755516292503266], [-80.25740720065271, 37.75608429283379], [-80.2602861844144, 37.74989130108964], [-80.25931120270523, 37.744961292866485], [-80.2627612602012, 37.738336282290994], [-80.26030926781077, 37.73351727413391], [-80.25202023010606, 37.729825267497525], [-80.25222324470371, 37.727261263347344], [-80.25813931880231, 37.72061225279631], [-80.26440237018585, 37.71878625003034], [-80.26814542493042, 37.712883240320096], [-80.27233646084996, 37.71127923771043], [-80.27657351734655, 37.70554922808439], [-80.28746463472164, 37.69616521192496], [-80.29478369425576, 37.693694207428194], [-80.29613471215181, 37.69178320404703], [-80.31830488305059, 37.685839192452214], [-80.336312991188, 37.68756819467542], [-80.3479450385417, 37.69396020617275], [-80.34796402278403, 37.697637213121325], [-80.34107295893972, 37.70193722131805], [-80.3398369404285, 37.704304225750604], [-80.35168999944808, 37.70875923417358], [-80.35661108228166, 37.696927211571165], [-80.36169114604756, 37.689637197393374], [-80.36948618795358, 37.6916872010446], [-80.37130820163343, 37.69123220008478], [-80.37447324417738, 37.68583918936906], [-80.3775342638781, 37.685834189191176], [-80.38529228605374, 37.692771202594805], [-80.38155823613802, 37.69915021537887], [-80.38232822280933, 37.70372022443818], [-80.38076119795092, 37.70732523158791], [-80.38588923131533, 37.70746723189581], [-80.39335130140202, 37.70219022129616], [-80.39512130525782, 37.70418022530099], [-80.39266327290007, 37.70829323359456], [-80.39409027300864, 37.71067923842027], [-80.39098924053224, 37.71368824442287], [-80.39455925171397, 37.71691825102554], [-80.40600336447936, 37.70745423197346], [-80.41204040948541, 37.706110229225295], [-80.4149684399766, 37.70312522303249], [-80.41532745278006, 37.7003272172185], [-80.42216349166472, 37.70194222050344], [-80.43018856964163, 37.69493120557043], [-80.44218166649583, 37.689557193652185], [-80.44338568156019, 37.68746818909682], [-80.44898972120801, 37.686439186581076], [-80.45172474756777, 37.68387318084642], [-80.4626818054049, 37.6876161884518], [-80.46007577985155, 37.690237194351674], [-80.46058477651299, 37.6922241987068], [-80.4730248534068, 37.69339520086446], [-80.47447785124803, 37.69700120889744], [-80.47984990069386, 37.69246219852798], [-80.48485892769679, 37.69421920233387], [-80.48885196195309, 37.691536196087014], [-80.49255397799944, 37.69413220189124], [-80.49589100871344, 37.69115519493541], [-80.49811701332277, 37.694413202362284], [-80.50089902807333, 37.694983203586105], [-80.50581905316231, 37.694291201785504], [-80.50669306642568, 37.69115819447677], [-80.61444051851628, 37.71718125393657], [-80.62019354758614, 37.71670725271071], [-80.62995358457889, 37.722977268245515], [-80.65481170142795, 37.72731927919728], [-80.66334673799605, 37.73169629035382], [-80.66822675549474, 37.762966350356535], [-80.72650610393681, 37.81208441336015], [-80.73172413641092, 37.819636423611854], [-80.75140824178398, 37.83584944758281], [-80.80631542757997, 37.868915463043365], [-80.74875625672608, 37.865097484826116], [-80.81086549383583, 37.94914157268968], [-80.76986541414688, 37.98527063242269], [-80.78518445586857, 37.989327634351355], [-80.78888546738685, 37.9923586376189], [-80.790495473923, 37.99581364193944], [-80.78628147077414, 38.00250365059214], [-80.78601847650692, 38.00622965387536], [-80.78865649074396, 38.010789657343636], [-80.79667152145329, 38.01750466176663], [-80.79843154026065, 38.02629266919809], [-80.81535158418029, 38.028734668558165], [-80.8233366007914, 38.027310665946814], [-80.82825261908334, 38.031684669125944], [-80.82714662087446, 38.034546671917305], [-80.82959463254076, 38.038466675117874], [-80.82985564044394, 38.04327067947709], [-80.82115862106971, 38.043630681098946], [-80.81247560666036, 38.04706368546721], [-80.81489661929766, 38.05155968915995], [-80.81428762400371, 38.0553876926851], [-80.80386460675138, 38.05910869739972], [-80.8001066026975, 38.06171170019243], [-80.80009460535372, 38.06333670162884], [-80.8045986176124, 38.06476770232815], [-80.81180263002521, 38.062631699511996], [-80.82036265255988, 38.064966700533404], [-80.82729666513033, 38.063229698080406], [-80.83271867156557, 38.059569694028596], [-80.83460666717265, 38.053840688504636], [-80.84018967812486, 38.052765686741246], [-80.84833170107741, 38.055986688628884], [-80.86226773348382, 38.05689168760925], [-80.87698377616552, 38.06439269289693], [-80.8814427950898, 38.0714536992044], [-80.88715681359332, 38.076284703259994], [-80.89161682466809, 38.077489703943435], [-80.89401883495988, 38.08165570778603], [-80.88717582036527, 38.08160070846209], [-80.88344881561395, 38.08406471126193], [-80.8820678195562, 38.089386716585715], [-80.88481782933485, 38.092547719402155], [-80.88266982895199, 38.09571472269017], [-80.88218683793168, 38.103457730271835], [-80.74981253740569, 38.08630672686314], [-80.71196040719643, 38.07912969359078], [-80.6906733702351, 38.09161268878407], [-80.50842427196285, 38.21552966978809]]]}}, {"id": "34", "type": "Feature", "properties": {"county": "Ritchie"}, "geometry": {"type": "Polygon", "coordinates": [[[-80.93658184251315, 39.04473691835559], [-80.9381198417889, 39.04283091974067], [-80.94270884074156, 39.042641921843924], [-80.94617783947733, 39.040131924308376], [-80.95531183718579, 39.038663928899275], [-80.95689883651778, 39.0370329302058], [-80.96020383599006, 39.0380229313047], [-80.96568483426391, 39.03530393474037], [-80.9639008339453, 39.03167193529324], [-80.96661683321649, 39.03094993676486], [-80.96679183286369, 39.02932593744348], [-80.97087183160785, 39.02738493997166], [-80.97547283084381, 39.02857494157192], [-80.98212482894498, 39.02613394542698], [-80.98209582783124, 39.02022494760371], [-80.99093982595437, 39.020286951505824], [-80.99557982380846, 39.014066955872565], [-80.9985108230572, 39.01336095743593], [-80.99832582271115, 39.0112779581267], [-81.00263182107818, 39.00958595999555], [-81.0051318205071, 39.011485959763924], [-81.0072318192404, 39.008785961160804], [-81.01483181653758, 39.00928596241126], [-81.01693181605445, 39.01088596221741], [-81.02303281332507, 39.00818496436591], [-81.02643281237924, 39.009884964382195], [-81.02483281343264, 39.012484963122716], [-81.0283328121611, 39.0125849637484], [-81.03363280967807, 39.00958496585286], [-81.03504580958983, 39.012028965223095], [-81.0396128080451, 39.012810965800774], [-81.04523280562128, 39.01078396760596], [-81.04573280512412, 39.008984968358256], [-81.05323380260813, 39.01038496926425], [-81.05973379978946, 39.00788497140275], [-81.0605337997346, 39.00928497104435], [-81.06443379824977, 39.00898497189004], [-81.068133797177, 39.01068497197181], [-81.07643379407247, 39.01038397364995], [-81.08143379327848, 39.016682972319], [-81.09393478848209, 39.01558397508689], [-81.09233478975939, 39.01978397327132], [-81.09403478950519, 39.0220819727677], [-81.10253278625927, 39.021480974601594], [-81.10493378628583, 39.02718197301472], [-81.10963378468256, 39.02808297359009], [-81.10993478485759, 39.02988197300373], [-81.11223478412843, 39.030681973157755], [-81.11343478417365, 39.0337829722789], [-81.11203478522101, 39.03708297083003], [-81.11393478441532, 39.03648297140973], [-81.11643478379686, 39.038482971175846], [-81.11603478457916, 39.04248296967013], [-81.12483578085555, 39.03978297232919], [-81.12873578021762, 39.04508297119512], [-81.13353577810554, 39.04308297283259], [-81.13646777731658, 39.045111972678555], [-81.1382607763643, 39.04329297366982], [-81.14474977385925, 39.042835975083676], [-81.15076877113108, 39.03971197734768], [-81.15549576943978, 39.04024297807067], [-81.16269076593338, 39.034749981387755], [-81.1628987652317, 39.0305199829148], [-81.17376876166813, 39.03386498382413], [-81.17937876065959, 39.04141298226169], [-81.18353875879428, 39.03927398381021], [-81.18512375845283, 39.04104298349811], [-81.19048375631405, 39.04012598485035], [-81.19211475534989, 39.037619986036695], [-81.19710775366883, 39.038955986532606], [-81.20280775141659, 39.03810198792572], [-81.20414775152368, 39.04250598665699], [-81.21074174941542, 39.0451819870034], [-81.22063774545441, 39.04338098953599], [-81.22473874358118, 39.04088099118777], [-81.22753874185405, 39.03578099348069], [-81.22613874213745, 39.03398099383095], [-81.22823874112801, 39.03228099481818], [-81.24203773674728, 39.03818099544458], [-81.24909073363648, 39.03449699805834], [-81.2533697321944, 39.03800799704925], [-81.2489297345222, 39.04094599582679], [-81.25024873514998, 39.049897992980966], [-81.25390873369942, 39.05179399235633], [-81.25368173434846, 39.056070990898206], [-81.26061473114201, 39.05610799093149], [-81.2629907302719, 39.057939990325586], [-81.26601672871197, 39.05668299077239], [-81.27143972656022, 39.05957998982906], [-81.27393972535133, 39.05917998998193], [-81.27243972663095, 39.06387998838268], [-81.26183873175536, 39.06547998775799], [-81.2572257346999, 39.071805985569924], [-81.25816973548736, 39.0815049822807], [-81.26063473467555, 39.08419798139098], [-81.25799773723352, 39.09466997780274], [-81.26352173513797, 39.0986179765293], [-81.26095873691933, 39.10319697494228], [-81.26444073546621, 39.10467197448773], [-81.26336173626324, 39.10697197369304], [-81.27638273025849, 39.10801697351782], [-81.2774297310333, 39.118284970068515], [-81.28053773010748, 39.12270496862659], [-81.28717072733143, 39.12569596772642], [-81.286235728378, 39.13063596605084], [-81.28731172808634, 39.13243296546527], [-81.29687472353096, 39.13232896566394], [-81.29984872182153, 39.129856966541105], [-81.32464771157957, 39.14301696260357], [-81.32910971046537, 39.15178795979024], [-81.31980671504402, 39.15291095923376], [-81.32059271510953, 39.15668995799714], [-81.31056972005702, 39.15794295737494], [-81.31127072001293, 39.16040995656872], [-81.31900771662184, 39.16312695583015], [-81.31643271807313, 39.164963955165334], [-81.31620471854184, 39.16802195414518], [-81.30588872398954, 39.17213695254585], [-81.29775772863336, 39.1782109503301], [-81.30144372700593, 39.17946194999865], [-81.30189872711192, 39.18218094910136], [-81.29588672993962, 39.18156094916469], [-81.2981027293756, 39.18576394781183], [-81.29535673082152, 39.18674694741543], [-81.29659073082946, 39.191762945766996], [-81.29925872981153, 39.19404494507159], [-81.30179872948003, 39.20155794262753], [-81.29643873280251, 39.207518940489415], [-81.29132573730045, 39.22407693479506], [-81.28812573885841, 39.22401293472133], [-81.28742173947606, 39.22625293394784], [-81.277277745368, 39.2337409311168], [-81.2774507463802, 39.24262392812569], [-81.27353274893562, 39.24767592629215], [-81.27089275034068, 39.24850792592358], [-81.27142074989524, 39.25396392367436], [-81.26655675216946, 39.25529192291933], [-81.26860475096167, 39.25740392204913], [-81.26759675116617, 39.260523920626575], [-81.26294075316062, 39.2637239190413], [-81.25860475526422, 39.264075918734015], [-81.25974075444407, 39.26684391753971], [-81.25503675653086, 39.269291916282924], [-81.24833675957318, 39.27077591507955], [-81.2479367599876, 39.2681759161537], [-81.24323676206507, 39.26717591557507], [-81.23853576390644, 39.26867691387868], [-81.234635765154, 39.27287691115029], [-81.23213576623696, 39.2725769107387], [-81.23213576564943, 39.2787769079669], [-81.23053576610616, 39.2810769065891], [-81.23303576460677, 39.285775905034626], [-81.23073576537736, 39.287875903593005], [-81.23233576449442, 39.290075902959266], [-81.2300357653691, 39.29107590200921], [-81.22763576582112, 39.2969758988461], [-81.22493576676908, 39.298975897360826], [-81.22513576641911, 39.301775896152385], [-81.2201357682502, 39.304675893760496], [-81.2210367675383, 39.308175892392214], [-81.2033357750127, 39.30797688860354], [-81.19032878076773, 39.30508088705154], [-81.18942978085089, 39.30817488546851], [-81.19163577956827, 39.31187688429341], [-81.18913578041091, 39.31407688275989], [-81.18612978199248, 39.31077288358145], [-81.18093378421872, 39.31037588262079], [-81.1797477849386, 39.30807288339319], [-81.17220678836337, 39.30547888290433], [-81.16826878995487, 39.30618088172704], [-81.16743678983727, 39.31106087935612], [-81.16472279088532, 39.31204987831776], [-81.15853479373843, 39.30947687811612], [-81.1577347938928, 39.311376877088286], [-81.1489977974472, 39.31267587459051], [-81.14472779935618, 39.311524874171454], [-81.14212080026307, 39.3135068727101], [-81.13583480320229, 39.31047787269292], [-81.13233480423223, 39.315077869859294], [-81.12583380708556, 39.31387786897343], [-81.12483380731331, 39.31587786785534], [-81.12149380889828, 39.31403086795334], [-81.11874080992581, 39.315391866738], [-81.11778880997839, 39.31898986491162], [-81.11472081114411, 39.320289863654196], [-81.11311981145313, 39.32405686160898], [-81.10953681288079, 39.32488686044946], [-81.10598581457442, 39.32283486059335], [-81.1025178159912, 39.32327785963316], [-81.09935881702037, 39.32637185754772], [-81.09207282008573, 39.32638285594367], [-81.09143582015716, 39.328404854893584], [-81.08648982226974, 39.32808485395193], [-81.08104682425804, 39.331186851359924], [-81.07683382644124, 39.32697785233104], [-81.07163382846376, 39.328677850423624], [-81.0697338295465, 39.32577785131348], [-81.06253283267502, 39.32477785018397], [-81.06043283376431, 39.32267785066999], [-81.05893283420001, 39.324677849439084], [-81.05353283638469, 39.325577847848194], [-81.05343283626028, 39.327277847059484], [-81.04443283990076, 39.328777844407185], [-81.04283284037783, 39.33077784315339], [-81.04433283946216, 39.33367784217416], [-81.04233284017606, 39.33497784114822], [-81.04423283905295, 39.33827784007649], [-81.039732840887, 39.33887783881686], [-81.04005784033824, 39.34307483699405], [-81.03613284182164, 39.344777835362386], [-81.03503284206805, 39.34697783412734], [-81.0367328410192, 39.350377832966444], [-81.03472684178439, 39.35117383216575], [-81.03090784345989, 39.35046283164652], [-81.0271328454195, 39.34667783252535], [-81.02353284695303, 39.34647783182396], [-81.01903284862838, 39.348678829839905], [-81.01743284901535, 39.35157782817808], [-81.00913185250513, 39.35157882635113], [-81.0055318543743, 39.347978827186544], [-81.00673185419564, 39.344678828942335], [-81.00423185532607, 39.343878828754335], [-81.00216585652775, 39.34051182982257], [-81.00003185727039, 39.34207882864491], [-80.99452085891278, 39.34105682676278], [-80.99294285914658, 39.34314282514798], [-80.98810286040988, 39.34401782269006], [-80.98666786048267, 39.34732882058603], [-80.97451686405735, 39.34544881625635], [-80.9714038651253, 39.34342881583709], [-80.96879886577902, 39.34416481439633], [-80.9628628678897, 39.339561813928974], [-80.95771486927478, 39.3400738115031], [-80.9578708688639, 39.34378880990705], [-80.95269287009765, 39.345915806749254], [-80.9523498699632, 39.348242805563125], [-80.94882487078748, 39.349848803345225], [-80.94569187095485, 39.35699179882478], [-80.94630187052891, 39.35957879792943], [-80.94187587144495, 39.362797794615716], [-80.9405628713671, 39.367287792058], [-80.9408208709622, 39.37065479066681], [-80.9435718698907, 39.373731790459004], [-80.94182087010068, 39.37654678846366], [-80.94284986962965, 39.37840778806876], [-80.94023787020741, 39.379931786286384], [-80.94004486996268, 39.38295078485975], [-80.93686687062352, 39.385230782503896], [-80.93740387034174, 39.38656578213588], [-80.93214087155698, 39.38911977878185], [-80.92874387283396, 39.38578677883187], [-80.91897187571985, 39.38416277543199], [-80.91028487905858, 39.374899775864755], [-80.90443888037034, 39.37812177197028], [-80.90344188115104, 39.373038773793226], [-80.89754688276929, 39.373299771184605], [-80.89494288381908, 39.370027771524676], [-80.89524388396703, 39.367682772685264], [-80.8902818855259, 39.365912771362254], [-80.88817488650722, 39.36193177222017], [-80.88634588716948, 39.36039277212078], [-80.88372988786632, 39.36072377086515], [-80.88248088844486, 39.35839577135749], [-80.8822988889356, 39.353946773233965], [-80.88565088824548, 39.35147177574676], [-80.88072389019413, 39.34566177620126], [-80.88501888942517, 39.341324779936976], [-80.88305889044835, 39.336505781217646], [-80.88395089057417, 39.332717783262744], [-80.88473789055473, 39.330694784488095], [-80.89045588910284, 39.32925078756913], [-80.8924538889482, 39.325179790216346], [-80.8899448899985, 39.32163479070149], [-80.89144889024377, 39.31491279430502], [-80.88788489143363, 39.31293179364562], [-80.88395289304088, 39.30776779422482], [-80.88975389212615, 39.300657799848906], [-80.88810589294907, 39.29698380075433], [-80.88874489303639, 39.29429880221105], [-80.91384088814875, 39.27294782249713], [-80.84776489031472, 39.16863383361221], [-80.81222788463394, 39.1065408406851], [-80.8088848848959, 39.1043048400269], [-80.81162588378304, 39.10236384194518], [-80.811044883097, 39.09890584295179], [-80.81813488086843, 39.09655184694135], [-80.81881487953966, 39.091598849051735], [-80.82275987862259, 39.091621850785415], [-80.82344787881911, 39.0931448505324], [-80.82808487749338, 39.09211885295512], [-80.83188587581895, 39.08873885587024], [-80.83131687517965, 39.08541785683395], [-80.83361387451076, 39.08483185806318], [-80.83502487361552, 39.08237685958504], [-80.84084487229103, 39.08246886212311], [-80.84347287223768, 39.084889862397695], [-80.85400286962965, 39.08415586731895], [-80.85455386894444, 39.08168686846749], [-80.8518238691269, 39.079708867986035], [-80.85825486700878, 39.07687887186608], [-80.8590198660901, 39.073569873417746], [-80.8629358646806, 39.07126987599297], [-80.86760486417575, 39.073790877132545], [-80.87162786300905, 39.07267587932064], [-80.87366386290535, 39.07431587961876], [-80.87695486206181, 39.07390488122476], [-80.87845786149693, 39.07289588225995], [-80.87741486080647, 39.06866088335426], [-80.88136785981365, 39.068228885261426], [-80.88548285792, 39.06381088870541], [-80.88777485764581, 39.0649368893056], [-80.88979885714646, 39.064744890271655], [-80.89077285644362, 39.06250589152589], [-80.89510685573711, 39.063770892978354], [-80.89749585498615, 39.06278189439928], [-80.89843985426114, 39.06038189570007], [-80.89682985400376, 39.05748389605371], [-80.8980688533329, 39.05564189727992], [-80.90510585132131, 39.05356990115811], [-80.90620985039803, 39.050362902827736], [-80.91161884833276, 39.046240906741644], [-80.91431384795412, 39.0472789075531], [-80.91931184604287, 39.043394911198725], [-80.92319584516876, 39.043301912954], [-80.92600084491552, 39.04507391354336], [-80.92885784393363, 39.043355915442895], [-80.93658184251315, 39.04473691835559]]]}}, {"id": "35", "type": "Feature", "properties": {"county": "Randolph"}, "geometry": {"type": "Polygon", "coordinates": [[[-79.79348216437475, 38.71601080237043], [-79.80248218381243, 38.71001081455336], [-79.80189916920826, 38.70664481508181], [-79.79828214004597, 38.70321081233846], [-79.8048821374834, 38.69361182280353], [-79.80898215009928, 38.691511827864524], [-79.80798211552728, 38.68291182967028], [-79.81458212765948, 38.67671183848075], [-79.81408211502085, 38.67371183892267], [-79.82038211522207, 38.66391184826782], [-79.82158209711226, 38.65641185169366], [-79.82788212401387, 38.65421185842684], [-79.83378213558237, 38.647611865882176], [-79.83024208135427, 38.6365188655935], [-79.83478208833863, 38.63041287138451], [-79.8383821036165, 38.62861287509836], [-79.84237512905091, 38.62941287849258], [-79.84419314727948, 38.6320558794946], [-79.84668215446287, 38.6296128823274], [-79.8466821315923, 38.62171288417966], [-79.84378209780903, 38.61601288300158], [-79.8422820654977, 38.608112883641894], [-79.84848208220542, 38.60081189057107], [-79.84928207000645, 38.59481289260046], [-79.85648208428053, 38.583613900799726], [-79.85568205535947, 38.57501390199112], [-79.85758205904648, 38.57181390410113], [-79.85928203824798, 38.56001390777082], [-79.86333204914622, 38.55379391189804], [-79.86324904067875, 38.550819912410844], [-80.02840383567623, 38.459166007985466], [-80.11691993288431, 38.47395318446679], [-80.24551764264024, 38.38845739080968], [-80.18393110767863, 38.52538632008214], [-80.28005944515897, 38.69486745861538], [-80.23683148995951, 38.74376539846729], [-80.12610531739182, 38.74583623024486], [-80.09838739418603, 38.84054920708492], [-80.10938448157347, 38.89733723290823], [-80.10281347667942, 38.90022522503742], [-80.1034594809331, 38.902901226394505], [-80.10167947999332, 38.90396822433633], [-80.10150848568031, 38.90858522504628], [-80.09330847730592, 38.91024321500507], [-80.09053947891137, 38.914199212364394], [-80.08839248895389, 38.92397921182647], [-80.09406349759104, 38.92516521913222], [-80.09732650526183, 38.92795422376346], [-80.08746150124178, 38.9342652129606], [-80.09027451231144, 38.940105217690245], [-80.0851835082924, 38.941774211863546], [-80.08213150851377, 38.94475720884138], [-80.08206351022116, 38.94611420907279], [-80.08506251531577, 38.94723621295392], [-79.89599324848005, 38.973404025798956], [-79.89509425655227, 38.97740402699982], [-79.89189325887347, 38.980804025854844], [-79.89209427490685, 38.98710402922873], [-79.88739428604534, 38.994904029082946], [-79.88729430212801, 39.00320403208386], [-79.87919330582784, 39.019503027520265], [-79.87699331165442, 39.02830302695462], [-79.87279331141102, 39.03440302428694], [-79.86959332461731, 39.05120302412548], [-79.86549332576311, 39.05810302171489], [-79.86589333224035, 39.06340302287068], [-79.86059332972164, 39.068503019195866], [-79.86319333838496, 39.072703022036414], [-79.8589933360063, 39.07630301907092], [-79.85439333864765, 39.08480301655621], [-79.8547933433201, 39.08840301745988], [-79.84959334301753, 39.094903014157836], [-79.83809232631603, 39.095103004614245], [-79.83379232590264, 39.1001030018611], [-79.82709231936191, 39.10280299674722], [-79.8266903214256, 39.105007996783726], [-79.82409231983159, 39.106802994932515], [-79.82609233245672, 39.11490299795091], [-79.8226913311273, 39.11780299563344], [-79.81999132742561, 39.11790299342371], [-79.81599031513383, 39.11250298919769], [-79.7993892857016, 39.10800297467811], [-79.79429026913758, 39.10080396916627], [-79.78879025684594, 39.097502964000455], [-79.78949225231575, 39.093201963806926], [-79.77988922721191, 39.08490395427775], [-79.78068922499253, 39.08230395446875], [-79.77528920930537, 39.076603948890465], [-79.77448920210803, 39.072103947382466], [-79.77678920271167, 39.069903948908404], [-79.77648919735148, 39.066204947970725], [-79.77398918936751, 39.063104945287215], [-79.77688919055626, 39.06060494727108], [-79.77648918622434, 39.05780494641453], [-79.77928918691406, 39.05500494826596], [-79.77698917205164, 39.04650494474579], [-79.78038917522872, 39.04480494732122], [-79.78218917181091, 39.04000494797149], [-79.78538917669592, 39.03980495066045], [-79.78568517404598, 39.037403950475415], [-79.50876482810209, 38.975172768992195], [-79.50819482097933, 38.97240876757849], [-79.50381481244003, 38.96992876431218], [-79.50041781278146, 38.970857762920836], [-79.49909982400294, 38.97580476440043], [-79.49463382571008, 38.97748976385099], [-79.48773381602528, 38.97490676086443], [-79.48280881900676, 38.97727776053592], [-79.47248781530163, 38.97802975807332], [-79.46360080338631, 38.97477775404725], [-79.46063080442204, 38.975935753801444], [-79.44942279462715, 38.97407374969555], [-79.43446779185915, 38.97640374682989], [-79.42093977538721, 38.9716807401728], [-79.41356677576273, 38.973733739358366], [-79.39827976539712, 38.97233373406969], [-79.38416875162933, 38.968609727313634], [-79.37926774428944, 38.9658097237817], [-79.36446773963117, 38.967109720270976], [-79.35766573208015, 38.96450871612938], [-79.34936571835321, 38.958408708521574], [-79.35476671171706, 38.953009705913836], [-79.3568666958896, 38.94300969859065], [-79.35876669017762, 38.93920969626076], [-79.3620666880373, 38.93730969602261], [-79.36246668324713, 38.93440969389193], [-79.36646767947616, 38.93150969322422], [-79.3679676683548, 38.924809688655685], [-79.37346766675901, 38.92310968969955], [-79.37486766305115, 38.92080968856852], [-79.39006867115644, 38.923309696955485], [-79.41566967680578, 38.92300970772113], [-79.42426969118972, 38.92910971513468], [-79.44337070382689, 38.93260972493685], [-79.45547170147915, 38.92990972838535], [-79.45697169030808, 38.92460972625944], [-79.45507167372544, 38.91720972158818], [-79.45086166479555, 38.91347971771936], [-79.45016665537321, 38.90916171508611], [-79.44587064495158, 38.90460971057519], [-79.44827063973625, 38.90200971032233], [-79.44447063201731, 38.89860970658429], [-79.45807162832631, 38.896209712136645], [-79.46547161994285, 38.89210971386023], [-79.47487161957086, 38.89160971849238], [-79.48287260790217, 38.88630972029943], [-79.49207261406148, 38.888709726212646], [-79.49617262149425, 38.89170972958756], [-79.50567362689512, 38.893509734679945], [-79.51177362894809, 38.8940097374634], [-79.51967362498668, 38.89200973997367], [-79.51857360574675, 38.884409736346804], [-79.51007358383313, 38.87580972935827], [-79.5126735625938, 38.86721072688393], [-79.52317353452959, 38.85621072634127], [-79.53027252343152, 38.85211072725004], [-79.53127251325638, 38.84821072593706], [-79.53907449446314, 38.841410725796656], [-79.52317246852205, 38.83021371537106], [-79.52910344861249, 38.8229777143089], [-79.52977043900451, 38.819314712957315], [-79.52719242651074, 38.814155709900945], [-79.51647241619351, 38.80871070416631], [-79.5078723999655, 38.800910698286806], [-79.50597238310232, 38.793711694816], [-79.5095723682808, 38.788311693706554], [-79.50857235914778, 38.78441169183836], [-79.51017234901624, 38.78061169075684], [-79.51577234324638, 38.779411691848374], [-79.5154723389038, 38.77761169102139], [-79.52697229589522, 38.763111688051055], [-79.52757228579821, 38.759311686583985], [-79.53427224791459, 38.74771168494857], [-79.54317323696364, 38.7465116875263], [-79.54537219661204, 38.737211690999054], [-79.55687316375489, 38.73121169588702], [-79.55737314959404, 38.72791069708842], [-79.56095613079444, 38.72400269931193], [-79.56078210357296, 38.71747670140092], [-79.5641380915404, 38.71515270308058], [-79.56433108302579, 38.71315270379363], [-79.57101208033032, 38.71360170548376], [-79.57697302717513, 38.70191271110272], [-79.58697298999621, 38.69471271645871], [-79.58817296730062, 38.6895127186247], [-79.59767395267487, 38.6876137221035], [-79.59707393330844, 38.68291272360271], [-79.60146691250107, 38.67870372643766], [-79.59856790740206, 38.67700772616477], [-79.59887188910231, 38.67271172779627], [-79.59396986368198, 38.665845728716405], [-79.59555485079805, 38.66305173020735], [-79.60302684831035, 38.66372473232721], [-79.61470885672333, 38.66769073454383], [-79.61841484952208, 38.66660773610709], [-79.62307385552795, 38.66881373673353], [-79.62947381548808, 38.660413741945604], [-79.63547481416563, 38.661113743584856], [-79.6347748383482, 38.66671374119295], [-79.62797487064002, 38.6732127365808], [-79.62617488796552, 38.67701273458086], [-79.6270748953587, 38.67891273413114], [-79.63387490368183, 38.68201273499542], [-79.64367489129695, 38.68071273845678], [-79.66097491944474, 38.690211739797526], [-79.66507490130054, 38.68661174248702], [-79.6785748718634, 38.68191074848663], [-79.67927585903725, 38.67901074992601], [-79.6775748500291, 38.67661075042339], [-79.67967483281137, 38.67291075263289], [-79.67897579758534, 38.6645117559731], [-79.69777679103298, 38.666112761194775], [-79.69957682898254, 38.67531275771065], [-79.70227683603453, 38.67741275760884], [-79.70187684697945, 38.67991275638207], [-79.71017786590603, 38.685712756291025], [-79.71887785596799, 38.68481275929247], [-79.7253768270223, 38.67911076386201], [-79.73337881711785, 38.678112766754985], [-79.73897881917351, 38.6795127677965], [-79.74387884530822, 38.686411765995786], [-79.73767887149756, 38.691511761750135], [-79.73927787851662, 38.69340976132224], [-79.73727889148401, 38.69611175946736], [-79.7371789399651, 38.70741175411969], [-79.7305789642, 38.71201175012996], [-79.73167896858294, 38.7132117498746], [-79.73547896083868, 38.712011751484575], [-79.73947998423533, 38.718111749708065], [-79.74767998464297, 38.71951175126338], [-79.75087999726307, 38.72191175173757], [-79.75048001219498, 38.725810749411615], [-79.75528104077999, 38.727610754077475], [-79.75408106053249, 38.73351074991823], [-79.75838107969547, 38.73371075484363], [-79.75968109478102, 38.73601075531141], [-79.76688111914041, 38.734510764415525], [-79.77558217688815, 38.73981077238628], [-79.78048219039717, 38.73801077890849], [-79.78428217142414, 38.72881078700764], [-79.79358218350131, 38.721110800596016], [-79.79348216437475, 38.71601080237043]]]}}, {"id": "36", "type": "Feature", "properties": {"county": "Marion"}, "geometry": {"type": "Polygon", "coordinates": [[[-80.08094264735287, 39.550942078547926], [-80.04323818155711, 39.52300787863957], [-80.03844610573371, 39.51638884121698], [-80.04543119633608, 39.51668687440171], [-80.04708421303617, 39.51427087684965], [-80.03921509413955, 39.50732182299614], [-80.03418902120967, 39.50531079307347], [-80.02808394040198, 39.505961764384985], [-80.01579175923366, 39.50202569101805], [-80.01761674718371, 39.49457669324752], [-80.01157864819024, 39.49142666229065], [-80.01160362769454, 39.48744466208541], [-80.00594655283457, 39.487607633837925], [-80.00448852318557, 39.48555762656769], [-79.99675047698129, 39.48728760314487], [-79.99020446386477, 39.482375600837536], [-79.99065544741333, 39.47912360082111], [-79.9783704421747, 39.47417459472275], [-79.97605143166126, 39.47134159293547], [-79.97634041560426, 39.468188592328126], [-79.9708124157416, 39.46658658878895], [-79.96795640177879, 39.46297658590718], [-79.9388786482827, 39.45246508889256], [-80.01102470992335, 39.417601147483154], [-80.02500171756483, 39.401446160875125], [-80.0873347581421, 39.38621521486152], [-80.09655176512241, 39.40079122035897], [-80.09989876750046, 39.40375822268116], [-80.10528377113658, 39.40505022694223], [-80.10455577078336, 39.407747225917994], [-80.10748777282191, 39.40988622800534], [-80.11339177668002, 39.4089542330309], [-80.11722177894832, 39.40249423724447], [-80.12064878117603, 39.401208240297926], [-80.19628683154363, 39.392700304790715], [-80.27030487152577, 39.43005735659629], [-80.27975987389672, 39.43286536312084], [-80.28245787448077, 39.435749364473075], [-80.2897628765578, 39.43217237089656], [-80.29079987666806, 39.43576937079893], [-80.29345987743628, 39.43422837319931], [-80.49408316576083, 39.46959803588003], [-80.4928831849132, 39.47200104097138], [-80.49417118189349, 39.475211038678175], [-80.49253521377466, 39.48018304668433], [-80.48988524857313, 39.482513056623596], [-80.48368131797093, 39.483892077719275], [-80.47946135005913, 39.48066308925041], [-80.47532339700359, 39.481749103445], [-80.47178045262122, 39.486343118534315], [-80.47346646021998, 39.492653117796635], [-80.46741954922733, 39.503242135448986], [-80.47320847796564, 39.50601810828081], [-80.47320347072683, 39.50898810039792], [-80.47717042512032, 39.50996708439332], [-80.47752041441598, 39.512963075318076], [-80.4808653747614, 39.51460805977624], [-80.48261734527081, 39.51966304074006], [-80.48593230890846, 39.52037202789834], [-80.48406931981225, 39.52457902315632], [-80.48639828616004, 39.5293800030918], [-80.48634227202425, 39.53679498412475], [-80.48750025716161, 39.53852997592686], [-80.49080222453883, 39.538559965250975], [-80.49084021888694, 39.541456957723945], [-80.4945531755712, 39.54565393523311], [-80.49313518480102, 39.548179933302734], [-80.49371717101054, 39.552982919271905], [-80.49816111337132, 39.56332587939263], [-80.49101416509829, 39.57015188385016], [-80.49286813930469, 39.5756508642535], [-80.48774018157542, 39.576406877647685], [-80.48027622961568, 39.583406881615076], [-80.48244320387403, 39.58711086558054], [-80.47942321929249, 39.591183863726535], [-80.48091620056229, 39.59431985119759], [-80.4787692106364, 39.597331849471516], [-80.46184033003512, 39.601441886747764], [-80.45710737681229, 39.597881909994626], [-80.45378440063332, 39.5984719178639], [-80.45210742231193, 39.59574893023637], [-80.45043343409753, 39.59613993395375], [-80.44668143508396, 39.60442392139804], [-80.44941538717218, 39.61270589049362], [-80.44625740773422, 39.61333689747372], [-80.443020436006, 39.61190991048847], [-80.43756846697482, 39.61416191917254], [-80.43383946997531, 39.62026691182999], [-80.44338537116923, 39.62953885948992], [-80.43942838289776, 39.63344785889807], [-80.43657039893802, 39.63408186465271], [-80.4332834004216, 39.63912885874551], [-80.42790342746808, 39.64073286813611], [-80.41587149481371, 39.64230489481018], [-80.41193152338214, 39.64135790791168], [-80.40722858090855, 39.63544893817364], [-80.40718359243071, 39.63312294538297], [-80.4036746217099, 39.63178995878444], [-80.39869064675067, 39.633230967582875], [-80.39580864380058, 39.63734596240832], [-80.3904266898671, 39.635116983569304], [-80.38994070311557, 39.63325599071499], [-80.38529273668071, 39.63262300505509], [-80.38276174491614, 39.63405300721335], [-80.37530780817039, 39.631486035257005], [-80.36769884480566, 39.6335620487085], [-80.36353391314893, 39.62707808117996], [-80.35998294547471, 39.625759095115335], [-80.36025597715407, 39.62061711147389], [-80.35746799956542, 39.620142120663424], [-80.3555620283037, 39.61781913365328], [-80.35219105280427, 39.61769214332939], [-80.35113708683691, 39.61380115936623], [-80.34746512802599, 39.61166417679205], [-80.34235515577613, 39.61295018658489], [-80.3390611920002, 39.611226201662404], [-80.33430722055154, 39.612019212131344], [-80.33005722980887, 39.61483721406637], [-80.32792126795752, 39.6118502304624], [-80.32453128620438, 39.61265123705013], [-80.32256431529787, 39.61075424923352], [-80.31298037650812, 39.611779272231544], [-80.15353115613189, 39.61042527792824], [-80.153241172241, 39.60645728155221], [-80.14619711959965, 39.60659326783675], [-80.14224113079175, 39.596263267577214], [-80.13830709787024, 39.59664225854203], [-80.13327706446601, 39.59462324822666], [-80.13542510018678, 39.589391255794084], [-80.1349991033047, 39.587457255706276], [-80.13151907747971, 39.586249247454795], [-80.13096508237598, 39.58324824716152], [-80.12839206151205, 39.5826612405585], [-80.12621505155349, 39.579493235509155], [-80.12251801557677, 39.58044022524394], [-80.11802298325668, 39.57713621295941], [-80.11536995555338, 39.5786082056302], [-80.11071991678902, 39.5768431923073], [-80.11100992969374, 39.57174219194288], [-80.10351786181764, 39.569565168607014], [-80.1038658691013, 39.56706516854666], [-80.08094264735287, 39.550942078547926]]]}}, {"id": "37", "type": "Feature", "properties": {"county": "Pendleton"}, "geometry": {"type": "Polygon", "coordinates": [[[-79.53752042552858, 38.55133874629339], [-79.55546944883265, 38.56021675073437], [-79.57176944848678, 38.56311675627809], [-79.64907350958516, 38.591514775679066], [-79.64987351703533, 38.59341477521925], [-79.6463735370246, 38.597514772287056], [-79.64357353996452, 38.59771477117334], [-79.64207355166839, 38.60021476963588], [-79.64299256185875, 38.60278376896111], [-79.62707259539326, 38.60791476119009], [-79.62767261142686, 38.611814759918445], [-79.62272962475394, 38.614104757284416], [-79.61927265394071, 38.62041475368853], [-79.61947266434596, 38.622914752821345], [-79.62807367324564, 38.626514754447385], [-79.62737368812358, 38.62991475290851], [-79.62997370524053, 38.634413752075574], [-79.63434071007217, 38.636307752825395], [-79.63027374728948, 38.64441374834009], [-79.62517376068857, 38.646713745776744], [-79.61790481509833, 38.658364739027476], [-79.62607382678615, 38.66251374006431], [-79.62592484444889, 38.66666973843702], [-79.62307385552795, 38.66881373673353], [-79.61841484952208, 38.66660773610709], [-79.61470885672333, 38.66769073454383], [-79.60302684831035, 38.66372473232721], [-79.59555485079805, 38.66305173020735], [-79.59396986368198, 38.665845728716405], [-79.59887188910231, 38.67271172779627], [-79.59856790740206, 38.67700772616477], [-79.60146691250107, 38.67870372643766], [-79.59707393330844, 38.68291272360271], [-79.59767395267487, 38.6876137221035], [-79.58817296730062, 38.6895127186247], [-79.58697298999621, 38.69471271645871], [-79.57697302717513, 38.70191271110272], [-79.57101208033032, 38.71360170548376], [-79.56433108302579, 38.71315270379363], [-79.5641380915404, 38.71515270308058], [-79.56078210357296, 38.71747670140092], [-79.56095613079444, 38.72400269931193], [-79.55737314959404, 38.72791069708842], [-79.55687316375489, 38.73121169588702], [-79.54537219661204, 38.737211690999054], [-79.54317323696364, 38.7465116875263], [-79.53427224791459, 38.74771168494857], [-79.52757228579821, 38.759311686583985], [-79.52697229589522, 38.763111688051055], [-79.5154723389038, 38.77761169102139], [-79.51577234324638, 38.779411691848374], [-79.51007234931237, 38.78071169076909], [-79.50857235914778, 38.78441169183836], [-79.5095723682808, 38.788311693706554], [-79.50597238310232, 38.793711694816], [-79.50767239906082, 38.80051069806399], [-79.51647241619351, 38.80871070416631], [-79.52719242651074, 38.814155709900945], [-79.52977043900451, 38.819314712957315], [-79.52910344861249, 38.8229777143089], [-79.52317246852205, 38.83021371537106], [-79.53907449446314, 38.841410725796656], [-79.53127251325638, 38.84821072593706], [-79.53027252343152, 38.85211072725004], [-79.52317353452959, 38.85621072634127], [-79.5126735625938, 38.86721072688393], [-79.51007358383313, 38.87580972935827], [-79.51857360574675, 38.884409736346804], [-79.51967362498668, 38.89200973997367], [-79.51177362894809, 38.8940097374634], [-79.50567362689512, 38.893509734679945], [-79.49617262149425, 38.89170972958756], [-79.49207261406148, 38.888709726212646], [-79.48287260790217, 38.88630972029943], [-79.47487161957086, 38.89160971849238], [-79.46547161994285, 38.89210971386023], [-79.45807162832631, 38.896209712136645], [-79.44447063201731, 38.89860970658429], [-79.44827063973625, 38.90200971032233], [-79.44587064495158, 38.90460971057519], [-79.45016665537321, 38.90916171508611], [-79.45036066317961, 38.9127737171125], [-79.45567167690426, 38.91860972258432], [-79.45697169030808, 38.92460972625944], [-79.45547170147915, 38.92990972838535], [-79.442470703564, 38.93260972457571], [-79.42426969118972, 38.92910971513468], [-79.41566967680578, 38.92300970772113], [-79.39006867115644, 38.923309696955485], [-79.37486766305115, 38.92080968856852], [-79.37346766675901, 38.92310968969955], [-79.3679676683548, 38.924809688655685], [-79.36646767947616, 38.93150969322422], [-79.36246668324713, 38.93440969389193], [-79.3620666880373, 38.93730969602261], [-79.35876669017762, 38.93920969626076], [-79.3568666958896, 38.94300969859065], [-79.35476671171706, 38.953009705913836], [-79.34986671709973, 38.957508707943546], [-79.0572522490142, 38.76141245625538], [-79.06095324534357, 38.75671245140133], [-79.0723542313908, 38.74781245219956], [-79.07385419170859, 38.74211347290663], [-79.07905415916609, 38.73721349339277], [-79.08725403011366, 38.72011356918063], [-79.08655399834436, 38.71601458528655], [-79.09295388072535, 38.70171465756807], [-79.09075380961917, 38.69251469284774], [-79.08429877241329, 38.686506701543], [-79.08785366706063, 38.6738157643419], [-79.09224461160498, 38.66811380343258], [-79.09275354354826, 38.65981684174046], [-79.106354474206, 38.656216911337246], [-79.11155448982208, 38.659716913691035], [-79.11595346921229, 38.65880893531034], [-79.12045146932388, 38.660207944794955], [-79.12325544938322, 38.65891696274842], [-79.1243544170296, 38.65581698474948], [-79.12975439319457, 38.65501801094117], [-79.1375551996242, 38.63801714914237], [-79.14265514365623, 38.634417196630665], [-79.14595505196756, 38.62681826320855], [-79.15145495862552, 38.62021833714896], [-79.15555683506916, 38.61048442821434], [-79.15435479846666, 38.606518448914045], [-79.1592557120575, 38.60091951889208], [-79.15975564576964, 38.595119563955976], [-79.15825463240975, 38.59311956849194], [-79.1634394881786, 38.58281767882462], [-79.16785542365446, 38.579519734891576], [-79.17085534292579, 38.574119797995614], [-79.1709512735475, 38.56811684492932], [-79.17665520439645, 38.56552090924934], [-79.18165508641465, 38.55852100516481], [-79.18405498494012, 38.55152108228879], [-79.19345480114269, 38.54242223957683], [-79.19905566301489, 38.53502235429893], [-79.19885562793044, 38.53212237822647], [-79.20145555123538, 38.52782244072747], [-79.2058554708116, 38.52452251217443], [-79.21095520881349, 38.50802371546741], [-79.20695518787541, 38.50352371616563], [-79.21058713582778, 38.49291473930177], [-79.21906307779531, 38.48744278933412], [-79.22147606677925, 38.48469479488379], [-79.22095708946489, 38.48059176105871], [-79.22566506355497, 38.47647277938301], [-79.23987696155669, 38.47008087389081], [-79.24218396634002, 38.46462485588399], [-79.24266401172257, 38.454182782563365], [-79.24746997342662, 38.4533078213709], [-79.25447797701523, 38.455931826299846], [-79.25697402372627, 38.45056876460069], [-79.26109907006698, 38.448071710961706], [-79.26731516487715, 38.43827558773646], [-79.27451423095529, 38.436359515026126], [-79.2827503149766, 38.43169541591625], [-79.27967932224496, 38.42373438595625], [-79.28030934028976, 38.42036235787817], [-79.28293636869637, 38.418101322104874], [-79.29069141577233, 38.4210392816403], [-79.30008150667409, 38.41489216946343], [-79.3055475454908, 38.41529013021757], [-79.31227260474583, 38.41187705822902], [-79.47663590257166, 38.45722789804004], [-79.52146736614698, 38.53411774484199], [-79.53196839257772, 38.542416746743314], [-79.53752042552858, 38.55133874629339]]]}}, {"id": "38", "type": "Feature", "properties": {"county": "Summers"}, "geometry": {"type": "Polygon", "coordinates": [[[-80.6732278363495, 37.694458195417816], [-80.74814624811897, 37.58760090854843], [-80.79845038146591, 37.52210268402033], [-80.85846546954618, 37.42830622620144], [-81.09462989020412, 37.58865734326091], [-81.09080688937351, 37.59194436911829], [-81.08743789065095, 37.59797140350839], [-81.08081588757783, 37.6004164351912], [-81.07713688453843, 37.599662444906805], [-81.0696628832022, 37.60529749064829], [-81.06917588538586, 37.60895850546908], [-81.06415688370282, 37.611264530322046], [-81.06461488579572, 37.61381653790181], [-81.06701488858333, 37.61561653649498], [-81.06621489114413, 37.62001655483581], [-81.06881489433005, 37.6223165547476], [-81.06917089899288, 37.628797576957844], [-81.07429790401089, 37.631834571943585], [-81.06685190105819, 37.63371860186389], [-81.06530890172064, 37.63590861445354], [-81.06868290676935, 37.64051662065749], [-81.06028890528374, 37.644742661014234], [-81.05050890170845, 37.64678069731866], [-81.04852690265898, 37.64936071203805], [-81.0396199009555, 37.65286975006837], [-81.03675990235509, 37.656339769921566], [-81.02755789981917, 37.65855980370528], [-81.02943590364133, 37.6620698097053], [-81.02170090663479, 37.66960885562965], [-81.01675490643035, 37.67177387612794], [-81.01409990484274, 37.67124788180416], [-81.01123090628552, 37.67417789875147], [-81.00753890384067, 37.67317190577085], [-81.0052189083698, 37.67908393003825], [-80.98907588141101, 37.68561597251729], [-80.98797488196823, 37.68982798591687], [-80.98423387484667, 37.694073001541014], [-80.97420684736521, 37.696064015535164], [-80.97262884509142, 37.69902002552026], [-80.98033387377822, 37.70639404113102], [-80.9767438699688, 37.7148740690163], [-80.96191582305293, 37.71197807213583], [-80.94524477498219, 37.71527209484528], [-80.93139973074727, 37.71090609304864], [-80.92865672084817, 37.70769308592564], [-80.92899972064257, 37.70534207885849], [-80.91478367754299, 37.70320508403034], [-80.9086616583542, 37.700433080978264], [-80.89775962284108, 37.689976059918045], [-80.90020662487375, 37.6756610170798], [-80.89458260817591, 37.67242901257189], [-80.89311260553868, 37.677100027088144], [-80.8795415688413, 37.68266505410913], [-80.87772856434006, 37.68560306390177], [-80.87793456632811, 37.69210908210787], [-80.8899696037737, 37.70151209903136], [-80.8918396142416, 37.718117144731416], [-80.89690563281644, 37.72770916811147], [-80.91741270077536, 37.737379180195866], [-80.92176471581003, 37.7400701846669], [-80.92361672340978, 37.74358119340048], [-80.91797970898291, 37.751939219220525], [-80.90087165604797, 37.75780324108722], [-80.89431163868007, 37.76677525994336], [-80.8946336429145, 37.774583272017225], [-80.90294667236282, 37.78280627942784], [-80.92143473384283, 37.79340828441666], [-80.92632075416373, 37.809730308102004], [-80.93247777381262, 37.81255330903374], [-80.93727878967398, 37.81691931342233], [-80.94508981393902, 37.81912131250015], [-80.80631542757997, 37.868915463043365], [-80.75140824178398, 37.83584944758281], [-80.73172413641092, 37.819636423611854], [-80.72650610393681, 37.81208441336015], [-80.66822675549474, 37.762966350356535], [-80.66044474781167, 37.714563246893924], [-80.6732278363495, 37.694458195417816]]]}}, {"id": "39", "type": "Feature", "properties": {"county": "Berkeley"}, "geometry": {"type": "Polygon", "coordinates": [[[-77.9308656446366, 39.38116996357993], [-77.93314164692411, 39.37930796397205], [-77.94680567493245, 39.38058596286935], [-77.94848767545574, 39.377954963509644], [-77.9428226609336, 39.37478796469959], [-77.94388966078613, 39.37268096522751], [-77.95128767515376, 39.372307964929526], [-77.95826968397154, 39.367085966006734], [-77.96715870196874, 39.367036965540215], [-77.96194268425185, 39.35958696790114], [-77.96850469591907, 39.35743496815062], [-77.96524368434038, 39.35234996974512], [-77.96674068157606, 39.34592997145877], [-77.97001068868688, 39.34596197127687], [-77.97391970047492, 39.34973897001359], [-77.98163071663643, 39.349317969722094], [-77.98246871704644, 39.3476369701486], [-77.97693070171034, 39.34368197154896], [-77.97687669849797, 39.34008697255796], [-77.980544705641, 39.33896597267905], [-77.9847007099645, 39.332965974142546], [-77.98815671689127, 39.331892974263084], [-77.98791671140452, 39.32563197603161], [-77.99311472471823, 39.32745397525078], [-77.99599373025391, 39.32604297549767], [-77.99476772576541, 39.323794976192524], [-77.99018371440188, 39.32278397671326], [-77.9880277074698, 39.320322977514884], [-77.99742472221757, 39.310511979787314], [-78.00589372479018, 39.306816974171056], [-78.01287371679844, 39.29729396912933], [-78.01811071319838, 39.293536964395095], [-78.02032570884221, 39.28805296349089], [-78.02723170790757, 39.28841895575102], [-78.02523670548005, 39.28461195903072], [-78.02618770209752, 39.280203959222455], [-78.03525869935115, 39.27867894962491], [-78.03453569754154, 39.27603895116953], [-78.02602169657129, 39.272584961554806], [-78.02796069413894, 39.2697439602132], [-78.03349269188703, 39.26807795456984], [-78.03318868940018, 39.26461195588421], [-78.14091772460561, 39.33374481706711], [-78.15819072998231, 39.343390795172745], [-78.22900276202706, 39.391900702698], [-78.21911177660334, 39.40771370910357], [-78.20754579787818, 39.43149971508039], [-78.20022780696706, 39.44158372030343], [-78.18928982762549, 39.4801048488779], [-78.17457486915828, 39.51378786817785], [-78.17392389449103, 39.52135486936844], [-78.16026495428909, 39.54687188623934], [-78.15409999863584, 39.56473189568556], [-78.14987900648133, 39.57039590154928], [-78.1424150464996, 39.58945591413388], [-78.13893505011092, 39.5937959194273], [-78.116022986533, 39.593893948730525], [-78.10916295051284, 39.587432955409966], [-78.09551590095911, 39.5822039705477], [-78.09310389560528, 39.582615973680454], [-78.08524890859107, 39.597320989484295], [-78.07867989559247, 39.599873999091066], [-78.05895683612115, 39.598381023981084], [-78.04645281767252, 39.608116045673555], [-78.04357681731682, 39.612880052248826], [-78.03695579866661, 39.61380606175126], [-78.03417780132985, 39.62079206978848], [-78.02515777316958, 39.62098108237254], [-78.02210776164758, 39.61965708571708], [-78.01111370691879, 39.60390008981962], [-78.00354568096256, 39.60065809741777], [-77.97715560945647, 39.59966308297405], [-77.97317660032954, 39.60131708069761], [-77.96715558868237, 39.607109078760026], [-77.96095557300299, 39.60887807428714], [-77.95503755629115, 39.60807806881234], [-77.95056654173044, 39.60383606328393], [-77.95227354163947, 39.59567506138306], [-77.95051953307521, 39.5883760571448], [-77.94856752688118, 39.585895054788814], [-77.9443045156683, 39.58448505128684], [-77.94107750815108, 39.58540704934481], [-77.93800650188494, 39.58863904817907], [-77.93582250014921, 39.59849204946303], [-77.93612850530745, 39.60988105304451], [-77.93900251455193, 39.61307505655889], [-77.94478653190424, 39.615566062629654], [-77.94108252298511, 39.61903506037992], [-77.93275749867378, 39.617609052178096], [-77.92835148498142, 39.61363004713664], [-77.9227174672119, 39.604711040289324], [-77.8919703853553, 39.59775601464652], [-77.88535836810567, 39.5976770094343], [-77.88114835624451, 39.600979005802884], [-77.88117335489042, 39.60636900531521], [-77.88699436927013, 39.61360000987701], [-77.88491336295799, 39.615833007850966], [-77.87426233348528, 39.61407899834013], [-77.86392630697237, 39.60879899013456], [-77.83776823751468, 39.605894968620056], [-77.83220422618678, 39.60144496586587], [-77.82968222849412, 39.591082968547745], [-77.83334925423964, 39.571151979866016], [-77.83608426408952, 39.566661983361435], [-77.84321828167147, 39.56446398822225], [-77.87854536040943, 39.56340800792661], [-77.88691537956107, 39.5599700126895], [-77.88876838434071, 39.55558601383655], [-77.88602037933192, 39.55168801271921], [-77.87164335235539, 39.544281007238986], [-77.86527234236678, 39.53841200582425], [-77.86613535282989, 39.51839901015172], [-77.86475135166147, 39.515870010364914], [-77.86117334654843, 39.5142930099778], [-77.84943432658211, 39.515595007207196], [-77.8419423122006, 39.51842800458402], [-77.8405573019366, 39.52914200018848], [-77.83695829311478, 39.53211199788373], [-77.83226728429351, 39.532339996252716], [-77.82496327416777, 39.52873599562491], [-77.82349527618692, 39.52378499766026], [-77.82615128766797, 39.516255002001294], [-77.84529432666285, 39.505536009830095], [-77.84784333299112, 39.50182001140771], [-77.84537533000018, 39.498109011695604], [-77.82509829816573, 39.49324000959889], [-77.8316883043811, 39.48349100998858], [-77.83226030350248, 39.47874300992137], [-77.83858931079727, 39.470919010230176], [-77.84075531185383, 39.46349101017346], [-77.83943430874389, 39.46071000999237], [-77.84368160881152, 39.45878194718474], [-77.84705460002772, 39.45073394918276], [-77.8471375930732, 39.446556950318055], [-77.85699459853922, 39.44072895133765], [-77.85918659603861, 39.437072952210904], [-77.9308656446366, 39.38116996357993]]]}}, {"id": "40", "type": "Feature", "properties": {"county": "Upshur"}, "geometry": {"type": "Polygon", "coordinates": [[[-80.25138348457264, 38.72714142131118], [-80.28005944515897, 38.69486745861538], [-80.28437744653733, 38.69453946392148], [-80.28894144217286, 38.69064646980744], [-80.30529443932281, 38.6845584903219], [-80.31835144462669, 38.68431950634245], [-80.32167445065741, 38.68707351017848], [-80.31969145863582, 38.69239750729549], [-80.32060946201567, 38.69418650826573], [-80.33096447785363, 38.70092452033874], [-80.33256348333408, 38.70377652204007], [-80.33360449712576, 38.71174852260484], [-80.3305625044447, 38.71696251843848], [-80.3333325108321, 38.7200245215407], [-80.34486851667089, 38.72033653555224], [-80.3472335291048, 38.72708653781082], [-80.34915552946471, 38.726768540176145], [-80.35319753785654, 38.730633544728875], [-80.36512754382505, 38.730861559196704], [-80.36788454917247, 38.733255562313715], [-80.37229054662801, 38.73053756792788], [-80.38712055331216, 38.73038858595525], [-80.39306355127022, 38.72757159346272], [-80.40954161469307, 38.76832760832817], [-80.38698970403689, 38.87480856707405], [-80.38180670799011, 38.88145556042898], [-80.38427671218818, 38.88475656273503], [-80.37933771276839, 38.88768755688862], [-80.36777870665864, 38.88661354424014], [-80.3677687141602, 38.894552543280334], [-80.36267071509783, 38.89790453728424], [-80.36079471748205, 38.90128753483881], [-80.36253972334084, 38.906669536127836], [-80.3555587217693, 38.90821452834175], [-80.35470472593185, 38.91299052688776], [-80.34805572560302, 38.91567351938566], [-80.34981573098189, 38.92053052077951], [-80.34783873314049, 38.923695518313274], [-80.34363173289678, 38.92533951361185], [-80.3442617349036, 38.927162514104914], [-80.3400877364451, 38.93065750927223], [-80.33844273979463, 38.934906507094574], [-80.3396307429731, 38.93770750809028], [-80.34857674857827, 38.93959351744085], [-80.33574574945129, 38.946225503133014], [-80.32960675485538, 38.95459249586312], [-80.32204475210446, 38.955044487850614], [-80.31748675364531, 38.95864748275283], [-80.31934675660668, 38.96091948452059], [-80.31991576509301, 38.96951548440324], [-80.32570877205276, 38.974261490030855], [-80.33448479702292, 38.99658649705087], [-80.31798279891478, 39.01344147773354], [-80.30505781313465, 39.061467457362845], [-80.30020982851029, 39.103857446313796], [-80.24877180777793, 39.10080939774533], [-80.24039480518064, 39.11314538776075], [-80.23616280186368, 39.11464838326951], [-80.23418879948707, 39.11349138136498], [-80.22871679474474, 39.11439337567179], [-80.21613977927306, 39.106724363441394], [-80.20946976839565, 39.09735735730123], [-80.19963675951085, 39.09855834700089], [-80.16783172295212, 39.08758331444337], [-80.15177069825174, 39.07162129804923], [-80.14430568230343, 39.05683729042517], [-80.12819865451739, 39.03779527322721], [-80.0671395907748, 39.038037206564866], [-80.06096758164959, 39.034166199619186], [-80.0561175787038, 39.03726319448685], [-80.05429457493629, 39.03460219233696], [-80.05379057049714, 39.0290091914498], [-80.05912857132088, 39.02202819693489], [-80.05300056005426, 39.01528718974851], [-80.04636455173198, 39.01363718225967], [-80.04439354767378, 39.01092717987996], [-80.05493955521054, 39.00534519131861], [-80.05468755240963, 39.001725190821986], [-80.05157554846727, 39.00097018727727], [-80.04694053810961, 38.99670218105744], [-80.05174453955654, 38.993902185709736], [-80.05131653474216, 38.99076018434712], [-80.0538055294762, 38.984911185574795], [-80.05265151473816, 38.97516318154875], [-80.06170252503446, 38.975087192065864], [-80.06375851966096, 38.96938119297778], [-80.06748252058159, 38.96685819670609], [-80.0724705285496, 38.96846720297358], [-80.07286952324252, 38.96415220238275], [-80.06382450933964, 38.961711191064026], [-80.06388950465681, 38.95820019022993], [-80.07188650864235, 38.95411119874072], [-80.07354050635905, 38.950927199942], [-80.08116551613627, 38.95141420921971], [-80.08518151704348, 38.94844321337087], [-80.08185450897402, 38.945360208645425], [-80.0851835082924, 38.941774211863546], [-80.09027451231144, 38.940105217690245], [-80.08746150124178, 38.9342652129606], [-80.09732650526183, 38.92795422376346], [-80.09406349759104, 38.92516521913222], [-80.08839248895389, 38.92397921182647], [-80.09053947891137, 38.914199212364394], [-80.09330847730592, 38.91024321500507], [-80.10150848568031, 38.90858522504628], [-80.10167947999332, 38.90396822433633], [-80.1034594809331, 38.902901226394505], [-80.10281347667942, 38.90022522503742], [-80.10938448157347, 38.89733723290823], [-80.09838739418603, 38.84054920708492], [-80.12610531739182, 38.74583623024486], [-80.23683148995951, 38.74376539846729], [-80.25138348457264, 38.72714142131118]]]}}, {"id": "41", "type": "Feature", "properties": {"county": "Taylor"}, "geometry": {"type": "Polygon", "coordinates": [[[-79.9772386612418, 39.26292913705916], [-80.02341170051875, 39.247892177075705], [-80.1500417908255, 39.23825029194885], [-80.1663878055963, 39.24228330672365], [-80.1876488257997, 39.267143322251876], [-80.19208582909887, 39.266836326284086], [-80.19564783173132, 39.270021328834645], [-80.19950483458713, 39.27069033214612], [-80.20050983528684, 39.27645533187538], [-80.20245283670391, 39.27831633322669], [-80.20232783576384, 39.37348131374258], [-80.2001138342586, 39.37302631196719], [-80.19891283342217, 39.37558631043695], [-80.20288383611475, 39.376510313594146], [-80.20509283756111, 39.38174231438214], [-80.2032528363073, 39.382676312646865], [-80.20398283677551, 39.38524031273538], [-80.20037983434611, 39.3850933097465], [-80.20270183586749, 39.39004731068269], [-80.19728683221096, 39.39318630552717], [-80.11949878042036, 39.40144823930411], [-80.11722177894832, 39.40249423724447], [-80.11339177668002, 39.4089542330309], [-80.11037577474106, 39.41016323034643], [-80.10484277100198, 39.40834822606135], [-80.10505477097668, 39.404881226779004], [-80.09812876625803, 39.40245422141374], [-80.0873347581421, 39.38621521486152], [-80.02500171756483, 39.401446160875125], [-80.01102470992335, 39.417601147483154], [-79.93894364834443, 39.45246408894142], [-79.8946886031532, 39.43558805727461], [-79.8952945792837, 39.29980207004151], [-79.90246158746469, 39.303293075252974], [-79.90499459008963, 39.30303807723018], [-79.90859759324672, 39.29929508035578], [-79.90855759257492, 39.29561508066549], [-79.9064825897849, 39.292179079379736], [-79.9082515911715, 39.28931308101211], [-79.91231359553969, 39.289605084126066], [-79.91262959629047, 39.29207008414085], [-79.91598360028071, 39.294662086490554], [-79.9249966089233, 39.2889840939922], [-79.9323166167934, 39.28953509960022], [-79.93257361762137, 39.29312009945492], [-79.9360506218748, 39.29683110178382], [-79.94257562872365, 39.296455106859234], [-79.94233262753622, 39.29017410728305], [-79.94678563184095, 39.28722811101466], [-79.95002663454264, 39.28198611403795], [-79.95609964102971, 39.28198311874081], [-79.96109964458623, 39.268796123931516], [-79.96419964795211, 39.26899512631778], [-79.97190065560675, 39.263995132803004], [-79.9772386612418, 39.26292913705916]]]}}, {"id": "42", "type": "Feature", "properties": {"county": "Raleigh"}, "geometry": {"type": "Polygon", "coordinates": [[[-81.0655219059701, 37.64181063486791], [-81.06884990665463, 37.64021861907806], [-81.06520390215927, 37.6366176173055], [-81.06674490105611, 37.63380260249586], [-81.07429790401089, 37.631834571943585], [-81.06917089899288, 37.628797576957844], [-81.06881489433005, 37.6223165547476], [-81.06621489114413, 37.62001655483581], [-81.06701488858333, 37.61561653649498], [-81.06461488579572, 37.61381653790181], [-81.06415688370282, 37.611264530322046], [-81.06917588538586, 37.60895850546908], [-81.0696628832022, 37.60529749064829], [-81.07713688453843, 37.599662444906805], [-81.08081588757783, 37.6004164351912], [-81.08743789065095, 37.59797140350839], [-81.09371988957726, 37.58873034672432], [-81.10297589689627, 37.5896363178797], [-81.10891690353914, 37.59391631408752], [-81.1148169054083, 37.589316275264835], [-81.11941690833876, 37.5884162555474], [-81.12401691373611, 37.59261525663364], [-81.13081791882303, 37.593015234738665], [-81.13571792447287, 37.59791523836108], [-81.14441792993362, 37.59631520179575], [-81.14891793101012, 37.59081516260987], [-81.15531893638888, 37.59281514908539], [-81.15741793699003, 37.59021613039845], [-81.16181894007106, 37.589815113281794], [-81.16481894146072, 37.587315091663946], [-81.1725189468772, 37.58631506009727], [-81.17611894900112, 37.584315038300616], [-81.17681894847567, 37.580515018465114], [-81.17871894966392, 37.579515007092596], [-81.18191995220974, 37.579814997013095], [-81.18441995470542, 37.58211499873004], [-81.18661995582889, 37.579814980193746], [-81.19161995945832, 37.578814957599995], [-81.19475196121452, 37.57561893125011], [-81.19886896443359, 37.575531915947515], [-81.19791996218841, 37.567914883143345], [-81.20111996429871, 37.56521485842802], [-81.19875996121503, 37.5593498392365], [-81.20018796224672, 37.558398829320595], [-81.19991996160536, 37.55621481990191], [-81.20281996409852, 37.55621480891019], [-81.20171996267872, 37.55361480062175], [-81.20451996495905, 37.552714785608885], [-81.20228196241179, 37.54942177836694], [-81.20003495854785, 37.539492739596504], [-81.20403596114652, 37.53318169346188], [-81.21038996678203, 37.530616655576544], [-81.2070199625996, 37.52471464056384], [-81.20831996318084, 37.520314613926516], [-81.21268596708302, 37.51713758043767], [-81.21447796765648, 37.50792552782479], [-81.22212097589066, 37.51041450792702], [-81.22512097958978, 37.516813527327315], [-81.23082098542251, 37.51791350926628], [-81.24052199540836, 37.52461350359884], [-81.2454220003022, 37.53031351318313], [-81.25013400446386, 37.530044494035714], [-81.25310099951723, 37.53297452412731], [-81.2583269906682, 37.52884852908243], [-81.26420098070504, 37.52761455247615], [-81.26994697148368, 37.53350161070956], [-81.2751489628913, 37.53413863971516], [-81.27744595996049, 37.54194468903139], [-81.27997395594922, 37.54280970549832], [-81.28495294752791, 37.54054971891284], [-81.29809492712894, 37.54599780802345], [-81.30406391762149, 37.546514839057025], [-81.31331690490947, 37.55481491979527], [-81.31230290726583, 37.55774292788395], [-81.31654090129055, 37.56008895775634], [-81.31282290921543, 37.56831297660053], [-81.3134229099663, 37.57461300685015], [-81.31032291509555, 37.57661300196017], [-81.31242291296515, 37.58041302786097], [-81.31092291564939, 37.582313029711166], [-81.31362291302933, 37.58731306322591], [-81.3186229061166, 37.58831308879945], [-81.32092390372864, 37.591413111798424], [-81.32252390229782, 37.59421313041632], [-81.32171690450564, 37.59779514231932], [-81.42785186936571, 37.7501120104854], [-81.43074086684302, 37.74968401534892], [-81.43782586422368, 37.75311203699997], [-81.44542686535438, 37.76141206850427], [-81.44432686822759, 37.763912071121624], [-81.45652687149658, 37.778311121977], [-81.45742687553638, 37.7838111338371], [-81.46465187238279, 37.78597015117817], [-81.47852785802868, 37.780611167622524], [-81.48193385781583, 37.78303417814103], [-81.48922785344638, 37.78381119303803], [-81.49292785794908, 37.79151121247534], [-81.50025385089566, 37.78911122151333], [-81.506428854774, 37.79351122880022], [-81.51002885129577, 37.78991122327239], [-81.51422785235515, 37.7912112255424], [-81.52112886036409, 37.800110239975524], [-81.51862887085348, 37.811310257590804], [-81.51992887479135, 37.81561026445995], [-81.51682887770399, 37.818610269069424], [-81.5206298800507, 37.821310273516765], [-81.52762987938485, 37.8209102731985], [-81.52872988183863, 37.82361027751925], [-81.53232988372032, 37.82581028115864], [-81.53942988239777, 37.82471027973427], [-81.54203088616205, 37.828909286483096], [-81.54443088439623, 37.8271092837451], [-81.54693088511739, 37.828009285276124], [-81.54893088235752, 37.825109280785796], [-81.5518308816802, 37.82450927996742], [-81.55743088870575, 37.832409292676196], [-81.5577308941183, 37.838309301994464], [-81.56163189752257, 37.84220930830734], [-81.56103191032375, 37.85610933019759], [-81.56363191102086, 37.857009331718146], [-81.56413191476074, 37.86110933819978], [-81.56273191868898, 37.86530834476512], [-81.56763192045376, 37.867508348416074], [-81.56413192688079, 37.87430835900299], [-81.55813192986994, 37.87720836335925], [-81.56003193151302, 37.87910836642309], [-81.55933193449314, 37.882308371444395], [-81.5634159352658, 37.883396373301906], [-81.56342593797363, 37.886345377950576], [-81.56133194044669, 37.88890838191964], [-81.55812694099326, 37.889304382435775], [-81.55383194584519, 37.894309390187736], [-81.55943294818479, 37.897208394943625], [-81.56423295295319, 37.902708403767996], [-81.56143295900158, 37.909108413769665], [-81.56143296074738, 37.91100841676514], [-81.56433296240388, 37.91300742000328], [-81.56193296843297, 37.919407430021096], [-81.56733296937433, 37.92080743238251], [-81.56763297247466, 37.92420743774793], [-81.57053397237893, 37.92430743798672], [-81.57153397543088, 37.92770744336939], [-81.56603397881928, 37.93100744841862], [-81.56593398240555, 37.934907454561646], [-81.5611329827269, 37.93490745443557], [-81.55863298436537, 37.93650745689316], [-81.56313398718534, 37.93990746236954], [-81.56033398939779, 37.94210746576715], [-81.56113399173215, 37.94470746988641], [-81.55733399181065, 37.9445074694773], [-81.55493399344874, 37.94610747194228], [-81.55703399643038, 37.94950747735633], [-81.55583400093082, 37.95430748489963], [-81.55103400182506, 37.954907485735866], [-81.54993400420683, 37.95740748965674], [-81.54443400801534, 37.96110749537628], [-81.54563401143287, 37.96490750140344], [-81.54103401629492, 37.96980750904695], [-81.52623301878789, 37.97130751111675], [-81.5192330245089, 37.97690751984245], [-81.51543303046408, 37.98300752943209], [-81.50723303612433, 37.98840753784321], [-81.49853303267045, 37.98360752915719], [-81.49223303470484, 37.983707525267846], [-81.48873203332555, 37.98100751854828], [-81.482832040299, 37.98670752430003], [-81.47033204451601, 37.98720751737892], [-81.46283204918555, 37.99000751779612], [-81.45963204987643, 37.98970751531262], [-81.45583204770075, 37.98580750577107], [-81.4596320412501, 37.979608496802946], [-81.45663204101065, 37.97820849220835], [-81.45203204298082, 37.978808490225255], [-81.45053204111483, 37.97600848392914], [-81.44313104202563, 37.97420847534499], [-81.4415310395171, 37.970508467034186], [-81.4379310386066, 37.96790845932139], [-81.43093104417233, 37.97190846217956], [-81.42643104447673, 37.97040845591081], [-81.42353104317029, 37.96750844785827], [-81.41813104508088, 37.96760844406296], [-81.41433105089311, 37.97350845369116], [-81.41143105245277, 37.97430845334842], [-81.39933105300851, 37.96970843475602], [-81.3976300518164, 37.967308428211474], [-81.38633005558641, 37.967209419593466], [-81.38233005870849, 37.96970942238081], [-81.3797300586005, 37.96830941723983], [-81.37473006222227, 37.97110942013845], [-81.36973006354471, 37.97060941535041], [-81.36703006606548, 37.97300941915349], [-81.3619300668112, 37.97160941214308], [-81.35563007007559, 37.97340941207002], [-81.35223007313067, 37.97640941713459], [-81.34733007490094, 37.97670941452267], [-81.3466300730283, 37.9734094057207], [-81.34333007197121, 37.970009394749795], [-81.34022907238563, 37.9690093899369], [-81.33752907409796, 37.97030939131026], [-81.3333290735491, 37.96710937993829], [-81.32842907497611, 37.96670937524006], [-81.32732907331672, 37.96330936544453], [-81.32932907117609, 37.96090936067295], [-81.32742906945101, 37.95690934863185], [-81.32222906855736, 37.95221033189067], [-81.30932807202237, 37.949910314798124], [-81.30842807117867, 37.947810308249075], [-81.29852807366834, 37.94551029324452], [-81.29562807321858, 37.94261028248992], [-81.29652806995996, 37.93721026802594], [-81.30152806588534, 37.93341026202878], [-81.30132806267767, 37.92741024505015], [-81.29832805915625, 37.91861021730776], [-81.29942805650104, 37.91461020721252], [-81.29762705464643, 37.90971119147765], [-81.29422705452397, 37.90661117894997], [-81.29862704735464, 37.89711115710765], [-81.30062704585671, 37.896111156646704], [-81.3005270443194, 37.8932111484003], [-81.29512704483734, 37.889311130889794], [-81.0732490076036, 37.87586528043705], [-81.0705010050006, 37.866741264448706], [-81.07266800444683, 37.86076724828086], [-81.09879201159949, 37.8600342081051], [-81.10077601193463, 37.859111203024426], [-81.10022701074618, 37.85473219364504], [-81.09009500684787, 37.84958219717284], [-81.07471300360919, 37.85372522981769], [-81.05960699981544, 37.855350256059204], [-81.0511379979988, 37.858302274885354], [-81.04903099711274, 37.85645627421326], [-81.0490259961729, 37.850732262430476], [-81.05911799719891, 37.84142022736492], [-81.05728599570209, 37.83553721787652], [-81.05478399481039, 37.833912218495534], [-81.04057799136825, 37.83391224141364], [-81.02469398691123, 37.829213257957946], [-80.99149695582659, 37.830989306388524], [-80.97810891612775, 37.83315031771364], [-80.96833688675554, 37.8320613212753], [-80.95889485781306, 37.82870832081608], [-80.9497098284769, 37.821378313607255], [-80.93727878967398, 37.81691931342233], [-80.93247777381262, 37.81255330903374], [-80.92632075416373, 37.809730308102004], [-80.92143473384283, 37.79340828441666], [-80.90156266760526, 37.78173627864907], [-80.8936086384964, 37.77173726824199], [-80.89647064393976, 37.76279325214031], [-80.9019206590019, 37.756738238636544], [-80.91017468507577, 37.75548623065294], [-80.91797970898291, 37.751939219220525], [-80.92188371996005, 37.74793720724391], [-80.92333372182918, 37.74219618961857], [-80.91741270077536, 37.737379180195866], [-80.89690563281644, 37.72770916811147], [-80.8918396142416, 37.718117144731416], [-80.8899696037737, 37.70151209903136], [-80.87793456632811, 37.69210908210787], [-80.87772856434006, 37.68560306390177], [-80.8795415688413, 37.68266505410913], [-80.89311260553868, 37.677100027088144], [-80.89458260817591, 37.67242901257189], [-80.90020662487375, 37.6756610170798], [-80.89775962284108, 37.689976059918045], [-80.9086616583542, 37.700433080978264], [-80.91478367754299, 37.70320508403034], [-80.92899972064257, 37.70534207885849], [-80.92865672084817, 37.70769308592564], [-80.93139973074727, 37.71090609304864], [-80.94524477498219, 37.71527209484528], [-80.96191582305293, 37.71197807213583], [-80.97656186945088, 37.71491406927691], [-80.97939487485425, 37.71108105572952], [-80.98033387377822, 37.70639404113102], [-80.97262884509142, 37.69902002552026], [-80.97420684736521, 37.696064015535164], [-80.98423387484667, 37.694073001541014], [-80.98797488196823, 37.68982798591687], [-80.98907588141101, 37.68561597251729], [-81.0052189083698, 37.67908393003825], [-81.00753890384067, 37.67317190577085], [-81.01123090628552, 37.67417789875147], [-81.01409990484274, 37.67124788180416], [-81.01675490643035, 37.67177387612794], [-81.02170090663479, 37.66960885562965], [-81.02943590364133, 37.6620698097053], [-81.02755789981917, 37.65855980370528], [-81.03675990235509, 37.656339769921566], [-81.0396199009555, 37.65286975006837], [-81.04852690265898, 37.64936071203805], [-81.05050890170845, 37.64678069731866], [-81.06028890528374, 37.644742661014234], [-81.0655219059701, 37.64181063486791]]]}}, {"id": "43", "type": "Feature", "properties": {"county": "Nicholas"}, "geometry": {"type": "Polygon", "coordinates": [[[-80.65047114718689, 38.44532084833944], [-80.64072508494584, 38.424173835700614], [-80.66166807688049, 38.41251084750171], [-80.63542195548354, 38.37582781912863], [-80.63344295121829, 38.37510881754987], [-80.62551988724141, 38.35439280656683], [-80.61275490413303, 38.36698380093325], [-80.60947887744317, 38.35863779649158], [-80.43651335897424, 38.267334613633665], [-80.53265726471243, 38.198595671094544], [-80.6906733702351, 38.09161268878407], [-80.71196040719643, 38.07912969359078], [-80.74981253740569, 38.08630672686314], [-80.88218683793168, 38.103457730271835], [-80.87633683448419, 38.10985473694132], [-80.87863584369227, 38.113393740198845], [-80.88526986051946, 38.11627774254062], [-80.88776487212833, 38.12157574755975], [-80.88239387326495, 38.130578756662594], [-80.8827548783787, 38.13402075999641], [-80.88583388735553, 38.13649976226892], [-80.88791089026319, 38.1357097613989], [-80.89304189574297, 38.132334757831444], [-80.89502089410632, 38.12795475340511], [-80.90266190238518, 38.12263074767708], [-80.9048999133946, 38.128240753141085], [-80.9103479286207, 38.13235075696829], [-80.90849893797174, 38.143324768063394], [-80.91139294437056, 38.144225768857524], [-80.91393594660641, 38.14208376660151], [-80.91966495653344, 38.14145676573574], [-80.92791298247207, 38.15122477540086], [-80.94074900971584, 38.155054778991634], [-80.94390302099595, 38.16057678466155], [-80.94383302420397, 38.1638567880788], [-80.94990703929821, 38.16831279265167], [-80.94617903719153, 38.172667797239896], [-80.95103504933223, 38.176514801245965], [-80.94134503857255, 38.182111807079906], [-80.94263004226573, 38.183615808649435], [-80.94659204851747, 38.18324380828354], [-80.9483440535804, 38.18538281053109], [-80.94720905612675, 38.18981381515343], [-80.94407305491548, 38.19370281916521], [-80.9561450829464, 38.2024208285659], [-80.96493109555452, 38.20095382723636], [-80.966025104163, 38.20843083523315], [-80.96906511514561, 38.21532184270179], [-80.98347214328818, 38.2225408511211], [-81.00766717018746, 38.22136484838938], [-81.0098731693085, 38.219081845180504], [-81.01146016539114, 38.21313283800677], [-81.00724315822293, 38.20594183126804], [-81.01630416018652, 38.203782825883565], [-81.01955816346822, 38.20639182779975], [-81.01911216694667, 38.21119983343627], [-81.02106717060083, 38.21499083717103], [-81.03452217958112, 38.21985583877956], [-81.0330931819756, 38.22377084378549], [-81.02756518427142, 38.2296598522012], [-81.02700418705304, 38.23362085694441], [-81.02960219154025, 38.23822286160726], [-81.0374421960132, 38.24014686185924], [-81.03919419500245, 38.23790785876537], [-81.03657218995069, 38.23254685312618], [-81.03833618758316, 38.228493847862175], [-81.04730818713479, 38.22323383906193], [-81.05938519086666, 38.221896833945586], [-81.05867218867006, 38.219323831005404], [-81.05262818459678, 38.21705183004351], [-81.05124518070419, 38.21257582505191], [-81.05772318176616, 38.21056282058616], [-81.06510818562303, 38.21181481981557], [-81.06960918659287, 38.21071881704872], [-81.07164918478294, 38.207180811987044], [-81.06582317698256, 38.199793804712066], [-81.06952717593818, 38.19638179921804], [-81.07503917797216, 38.19613679701977], [-81.08288118310621, 38.19883079775526], [-81.08438118758473, 38.204104803977145], [-81.09510519241765, 38.204864801454924], [-81.10237819924718, 38.21026280617239], [-81.11038520435125, 38.212923807190066], [-81.11662421286586, 38.221291816489256], [-81.12333521812415, 38.22493881947292], [-81.12738022395645, 38.23085582639116], [-81.13342722943409, 38.235223830754386], [-81.14412523395829, 38.23576582869271], [-81.15198123060664, 38.226754813889], [-81.15426523103307, 38.226098812316835], [-81.15867223272652, 38.22606081101893], [-81.17667824500354, 38.2335638169247], [-81.18891224822097, 38.23137181039389], [-81.192665247925, 38.22884280558876], [-81.19490525151197, 38.232763810857776], [-81.1856062509664, 38.23716081987509], [-81.19369825709279, 38.241493824271174], [-81.19096825927988, 38.246157831922524], [-81.19243826219005, 38.24954383663602], [-81.20427526624874, 38.24888383285916], [-81.21051827043763, 38.251287833981486], [-81.21481127516395, 38.255146835639], [-81.22074027676605, 38.25436983374487], [-81.22216227833002, 38.255668834320936], [-81.22067227908016, 38.257312835800406], [-81.22064628272047, 38.26190383898844], [-81.23163628799558, 38.2635148376767], [-81.02893131406339, 38.35891293184442], [-81.00472331889472, 38.36876493996009], [-80.99982532150234, 38.372307942257926], [-80.91136129849781, 38.414785944667], [-80.81742433653379, 38.478553947237685], [-80.82527536800198, 38.494363954859985], [-80.86460839633327, 38.50010296769017], [-80.8672474020683, 38.50400496835244], [-80.87585440487662, 38.50296397075431], [-80.88123241197215, 38.507045972204864], [-80.78517743408024, 38.5576499424671], [-80.77973043022367, 38.55621994089514], [-80.77734041855418, 38.5480449406745], [-80.772536415327, 38.5469929393024], [-80.77056741126009, 38.544507938875455], [-80.76490540896806, 38.54443393719373], [-80.76029440323026, 38.541512936025846], [-80.760675398534, 38.53792893639036], [-80.75777139733137, 38.537897935537046], [-80.7582013938196, 38.53518293585767], [-80.75191138798729, 38.532781934192386], [-80.75045537744202, 38.52552693431371], [-80.74247737520878, 38.52702392850169], [-80.73945736941414, 38.524036926498894], [-80.73625136836601, 38.52454792408809], [-80.73787137532312, 38.5289069249458], [-80.73727537992694, 38.532442924227915], [-80.7308063792319, 38.534414919276045], [-80.72674737405755, 38.53227791643761], [-80.72388737802956, 38.536166914002756], [-80.71914536996121, 38.53226091080449], [-80.71635037502855, 38.53685890835316], [-80.7115403727252, 38.537023904769654], [-80.71034136809719, 38.534244904112775], [-80.70085136176414, 38.53336389715062], [-80.69719136557438, 38.53731389409503], [-80.69473135850414, 38.533368892612735], [-80.6910993584356, 38.534641889808064], [-80.68851135276529, 38.53172788814619], [-80.67757234888704, 38.533062879918546], [-80.6751353460517, 38.532037878205344], [-80.6753693433705, 38.53016087854985], [-80.66995833644593, 38.5274968747875], [-80.6591283273873, 38.52541286696828], [-80.6591453302565, 38.52729186680322], [-80.65648833025537, 38.52823786474669], [-80.65078632463351, 38.52659086068384], [-80.67829130519829, 38.50349288312869], [-80.65047114718689, 38.44532084833944]]]}}, {"id": "44", "type": "Feature", "properties": {"county": "Mason"}, "geometry": {"type": "Polygon", "coordinates": [[[-81.95733834620721, 38.65664491483734], [-82.0645623063946, 38.60798586865342], [-82.05512727573473, 38.4745478375394], [-82.21896726843703, 38.59168380725758], [-82.19382427425374, 38.59309681702787], [-82.18116727822589, 38.599784823233136], [-82.17726727980367, 38.603784825558606], [-82.17316628225272, 38.61238482894392], [-82.17196628486467, 38.62558483222695], [-82.17906728722257, 38.64888383460797], [-82.18556728743505, 38.65958383452361], [-82.18606728853524, 38.66678383589837], [-82.19086728959202, 38.680383837089025], [-82.19016729095516, 38.68738283886353], [-82.18246729668301, 38.708782846293126], [-82.18456729731888, 38.715882847069096], [-82.1912852973477, 38.72720484710292], [-82.19383329803354, 38.73565384802418], [-82.19309829859031, 38.7377188487365], [-82.19166829894695, 38.73738284917573], [-82.19136829775711, 38.72978284763288], [-82.18686829776539, 38.7222828476248], [-82.18826829936948, 38.73408284967843], [-82.19326829911998, 38.741182849428625], [-82.19560630011081, 38.75244185047776], [-82.19888229958477, 38.75772584924041], [-82.20714129763897, 38.763943846231925], [-82.21661429515758, 38.76835084283103], [-82.2196442945545, 38.772283841721794], [-82.22156629512365, 38.78718784090401], [-82.21449429818944, 38.79869184325884], [-82.19209230644934, 38.814547850830195], [-82.18077531020326, 38.81696285470027], [-82.16359831619208, 38.82342486050187], [-82.14797732239506, 38.83646986558588], [-82.14416732414625, 38.84188086676437], [-82.1392243280541, 38.86502086790149], [-82.14136732837683, 38.87528086694109], [-82.14536732793441, 38.88417986540034], [-82.14316733004611, 38.898079865814665], [-82.14006733139995, 38.901179866767905], [-82.13616633276696, 38.901679868044965], [-82.13756633231452, 38.901879867577655], [-82.1359663331587, 38.90487986803356], [-82.12936633570243, 38.907879870134316], [-82.12866633622949, 38.9106798702935], [-82.11326634361264, 38.93057987479717], [-82.11116634498912, 38.93657987530939], [-82.11236634405351, 38.931779875056044], [-82.11166734438206, 38.932579875260586], [-82.10906534670004, 38.945579875730935], [-82.09536535355028, 38.963778879584154], [-82.0906653564763, 38.97477888073365], [-82.05156337294625, 38.99437889239529], [-82.04566337587511, 39.003778893210615], [-82.04206237743081, 39.01677889152305], [-82.03876337875364, 39.02267889126565], [-82.03167838144736, 39.02700389251037], [-82.02386238437438, 39.0291788944408], [-82.00599039097492, 39.02938789989437], [-81.99586139481323, 39.02327890415394], [-81.98706139829277, 39.01197990893818], [-81.9829613998086, 39.00297891202927], [-81.98203239949977, 38.99569891316166], [-81.97937140025859, 38.993193913973315], [-81.96776940512234, 38.99295591697486], [-81.95144741249175, 38.996032921012265], [-81.94171741616623, 38.993234923672], [-81.93318641887109, 38.987660926189115], [-81.9182154216744, 38.96659593130939], [-81.91244342200966, 38.95434393355625], [-81.90059542401072, 38.93767193770642], [-81.89847042348286, 38.92960393877265], [-81.90091042159969, 38.9243389384477], [-81.92667040752444, 38.90131193289909], [-81.92799940572942, 38.89349293299297], [-81.90864541075582, 38.87846093916717], [-81.91060640957986, 38.875970938780576], [-81.9028514104098, 38.86332494168674], [-81.7912654233837, 38.73310497813362], [-81.81350040934787, 38.714761968198026], [-81.77284340973405, 38.68084397384631], [-81.95733834620721, 38.65664491483734]]]}}, {"id": "45", "type": "Feature", "properties": {"county": "Gilmer"}, "geometry": {"type": "Polygon", "coordinates": [[[-80.75707575710979, 38.84682289489751], [-80.85072271333195, 38.79224694732956], [-80.98495065543986, 38.71789901010078], [-80.98837965932734, 38.721886011596986], [-80.98892566444654, 38.727407012053625], [-80.992191665789, 38.728721013387144], [-80.99161566942071, 38.732707013344765], [-80.99393467061505, 38.73393301431237], [-80.99357567369726, 38.73732001432968], [-80.99685167434518, 38.73794801565327], [-80.99642667835454, 38.74237501569877], [-80.99905868086448, 38.74511301688001], [-80.997417682886, 38.747361016335304], [-80.9994296855437, 38.75049301716372], [-81.00379068389991, 38.749371017926265], [-81.00577068649444, 38.75457501720969], [-81.01333668611386, 38.75694901762668], [-81.01422868689289, 38.75878201734414], [-81.02028668377312, 38.75539301881173], [-81.0197766869368, 38.761174017520744], [-81.02243168699755, 38.76240501758948], [-81.02243868826208, 38.76481001708099], [-81.02462768792957, 38.76510801729181], [-81.02631568555641, 38.76130001830562], [-81.03132768370124, 38.75986801922763], [-81.03240968459049, 38.76203501890832], [-81.03754168356281, 38.76224801950208], [-81.03687368551368, 38.76573001869493], [-81.04606268600634, 38.770710018823], [-81.04324068951007, 38.77628201731643], [-81.04948368777575, 38.77570101823515], [-81.05220969014712, 38.78159801738184], [-81.05279369295357, 38.78739001627766], [-81.05153169426025, 38.78937001570825], [-81.0566736947401, 38.79274101570181], [-81.03954170273812, 38.800262011873066], [-81.03819170536426, 38.80470301076955], [-81.03281170641027, 38.80415401015424], [-81.0320577080846, 38.80701200945407], [-81.03020670872846, 38.80736300912813], [-81.03122370941885, 38.809174008887545], [-81.03533570867629, 38.80972600933543], [-81.02976471137292, 38.812218008049065], [-81.02984171237813, 38.81418100764779], [-81.02700071412974, 38.81615200684004], [-81.02223371547319, 38.816400006126074], [-81.01206472112135, 38.82214300348222], [-81.0132867220673, 38.82451400314578], [-81.0118757244294, 38.82826000214292], [-81.01354572565364, 38.83138400171098], [-81.00888272968126, 38.83661799991758], [-81.00950573063216, 38.83870899955735], [-81.01228772991462, 38.83876199994872], [-81.01237073061502, 38.840118999669684], [-81.00853273397476, 38.84447099817477], [-81.00249473665849, 38.846409996870406], [-81.00767276411632, 38.900335985997096], [-81.00911576373561, 38.90044798620559], [-81.01068276865387, 38.91056298428423], [-81.00829877153481, 38.91455998303181], [-81.01033077198365, 38.916595982929294], [-81.01302577111467, 38.916558983383354], [-81.01388777255852, 38.91978598283521], [-81.01217477423035, 38.9219049820956], [-81.01358477453341, 38.92331898202819], [-81.00544977930971, 38.92737997978847], [-81.00489978051343, 38.92929197928194], [-81.00675878072578, 38.93080797926856], [-81.00261178291792, 38.932385978223806], [-81.00326578642495, 38.939298976835346], [-81.00622978589637, 38.94013097716414], [-81.0068787878983, 38.94426597638272], [-81.00435579073891, 38.9479939751389], [-81.00582379202363, 38.95130297467871], [-81.00885779169515, 38.952595974930496], [-81.0110787935366, 38.95745197427629], [-81.00348479802092, 38.96099097216904], [-81.00575479851675, 38.963361972058976], [-81.00491479963867, 38.964913971573495], [-81.00825779901825, 38.965905971956104], [-81.00745080107876, 38.96923397109375], [-81.01152879998793, 38.96984197169551], [-81.013047801849, 38.974330971006545], [-81.02050880162479, 38.97885597139578], [-81.01878480310786, 38.98051097072965], [-81.02095680345161, 38.9826199706787], [-81.02002380458475, 38.984138970185136], [-81.02097580463716, 38.984880970202425], [-81.02342480223304, 38.9819689712684], [-81.02604280132184, 38.98200197174045], [-81.02813780178272, 38.98430397163974], [-81.03223980039918, 38.98445197236188], [-81.03440480091623, 38.9869329722419], [-81.03379380188295, 38.98837297182867], [-81.0362448033895, 38.99297697132316], [-81.03455080492974, 38.99476497063534], [-81.03602780540244, 38.99670997050573], [-81.0315688087528, 39.00008496895248], [-81.03233280886316, 39.00228496828804], [-81.03633280773366, 39.00418496834342], [-81.03773280781861, 39.00758496736063], [-81.03070781085556, 39.01015896508934], [-81.0283328121611, 39.0125849637484], [-81.02483281343264, 39.012484963122716], [-81.02643281237924, 39.009884964382195], [-81.02313281328833, 39.00818496438479], [-81.01693181605445, 39.01088596221741], [-81.01483181653758, 39.00928596241126], [-81.0072318192404, 39.008785961160804], [-81.0047318206727, 39.0115859596512], [-81.00253182111497, 39.009585959976654], [-80.99832582271115, 39.0112779581267], [-80.9985108230572, 39.01336095743593], [-80.99557982380846, 39.014066955872565], [-80.99034082614071, 39.020598951124285], [-80.98209582783124, 39.02022494760371], [-80.98212482894498, 39.02613394542698], [-80.97547283084381, 39.02857494157192], [-80.97087183160785, 39.02738493997166], [-80.96722683271021, 39.02901893775003], [-80.96661683321649, 39.03094993676486], [-80.9639008339453, 39.03167193529324], [-80.96568483426391, 39.03530393474037], [-80.96020383599006, 39.0380229313047], [-80.95816783620855, 39.03686893082898], [-80.95531183718579, 39.038663928899275], [-80.9497518384662, 39.03898592631585], [-80.94270884074156, 39.042641921843924], [-80.9381198417889, 39.04283091974067], [-80.93658184251315, 39.04473691835559], [-80.92885784393363, 39.043355915442895], [-80.92600084491552, 39.04507391354336], [-80.92319584516876, 39.043301912954], [-80.91931184604287, 39.043394911198725], [-80.91431384795412, 39.0472789075531], [-80.91161884833276, 39.046240906741644], [-80.90620985039803, 39.050362902827736], [-80.90510585132131, 39.05356990115811], [-80.8980688533329, 39.05564189727992], [-80.89682985400376, 39.05748389605371], [-80.89843985426114, 39.06038189570007], [-80.89749585498615, 39.06278189439928], [-80.89510685573711, 39.063770892978354], [-80.89077285644362, 39.06250589152589], [-80.88979885714646, 39.064744890271655], [-80.88777485764581, 39.0649368893056], [-80.88548285792, 39.06381088870541], [-80.88136785981365, 39.068228885261426], [-80.87741486080647, 39.06866088335426], [-80.87845786149693, 39.07289588225995], [-80.87695486206181, 39.07390488122476], [-80.87366386290535, 39.07431587961876], [-80.87162786300905, 39.07267587932064], [-80.86760486417575, 39.073790877132545], [-80.8629358646806, 39.07126987599297], [-80.8590198660901, 39.073569873417746], [-80.85825486700878, 39.07687887186608], [-80.8518238691269, 39.079708867986035], [-80.85455386894444, 39.08168686846749], [-80.85458186944241, 39.083920867660915], [-80.84297587234217, 39.08484286219533], [-80.84084487229103, 39.08246886212311], [-80.83647387317795, 39.081932860387845], [-80.83131687517965, 39.08541785683395], [-80.83188587581895, 39.08873885587024], [-80.82808487749338, 39.09211885295512], [-80.82344787881911, 39.0931448505324], [-80.82275987862259, 39.091621850785415], [-80.81881487953966, 39.091598849051735], [-80.81813488086843, 39.09655184694135], [-80.811044883097, 39.09890584295179], [-80.81162588378304, 39.10236384194518], [-80.8088848848959, 39.1043048400269], [-80.81222788463394, 39.1065408406851], [-80.81297088513695, 39.10940183996775], [-80.72832689683197, 39.09567980166705], [-80.72887789365514, 39.083527806396816], [-80.71681587385993, 39.00843082422732], [-80.60579978921398, 38.904167767185164], [-80.60882779014149, 38.90499076929463], [-80.61270878802908, 38.90209777293885], [-80.61990178900565, 38.902580778301655], [-80.6225917849884, 38.89747478157655], [-80.63120078579793, 38.897590788112154], [-80.6339307839062, 38.89501279081744], [-80.63389778185197, 38.89251579139659], [-80.63790078171745, 38.89193079459376], [-80.64028278019845, 38.88982079692487], [-80.63970677672344, 38.88563379750233], [-80.64101777617371, 38.88481579870334], [-80.64709477788945, 38.886245803], [-80.65213578112741, 38.88968280601052], [-80.65911078048137, 38.88811981172206], [-80.65946277633547, 38.88293281326812], [-80.66589977602506, 38.88180481847012], [-80.66930577918853, 38.88536782019263], [-80.66930678137167, 38.888099819516285], [-80.67263478240231, 38.88902182182972], [-80.66990978515831, 38.89277381881807], [-80.69266777730877, 38.88027083933351], [-80.70152277718623, 38.87904584641985], [-80.75707575710979, 38.84682289489751]]]}}, {"id": "46", "type": "Feature", "properties": {"county": "Brooke"}, "geometry": {"type": "Polygon", "coordinates": [[[-80.61025402534588, 40.35854429242782], [-80.60758502370685, 40.369558303800495], [-80.60968401996351, 40.37494830640688], [-80.61910001024947, 40.38186030441008], [-80.63139000005235, 40.38569429789154], [-80.63219399789982, 40.39366530453235], [-80.62968199932808, 40.394976307639574], [-80.57378203383469, 40.39975335333989], [-80.51798906941009, 40.39964239459712], [-80.51910207003571, 40.159670226096395], [-80.5954010049466, 40.17701511706969], [-80.66419092102235, 40.178592004066985], [-80.66184992626074, 40.181865013717804], [-80.66491092322102, 40.18309301079703], [-80.66373192667717, 40.185895017675925], [-80.67334191242344, 40.183048996754664], [-80.68180890304822, 40.185560987347685], [-80.6725799193387, 40.192399014821525], [-80.6680809302274, 40.19968703504083], [-80.66153796074305, 40.22981009806405], [-80.65209898757055, 40.24497313762228], [-80.6446010043386, 40.251274157626725], [-80.6225060396577, 40.26176319672223], [-80.61639204660325, 40.271815213266535], [-80.61679104182163, 40.28527622420083], [-80.61488404247675, 40.29196923215174], [-80.60289305338331, 40.30706725834108], [-80.59989305274664, 40.317664269978444], [-80.60289304484459, 40.3278662748227], [-80.6107940310719, 40.340866277349555], [-80.61279302663964, 40.3476672810504], [-80.61025402534588, 40.35854429242782]]]}}, {"id": "47", "type": "Feature", "properties": {"county": "Calhoun"}, "geometry": {"type": "Polygon", "coordinates": [[[-81.05196169191392, 38.78495801666455], [-81.05190968940288, 38.77999701766947], [-81.04948368777575, 38.77570101823515], [-81.04324068951007, 38.77628201731643], [-81.04606268600634, 38.770710018823], [-81.03687368551368, 38.76573001869493], [-81.03754168356281, 38.76224801950208], [-81.03240968459049, 38.76203501890832], [-81.03132768370124, 38.75986801922763], [-81.02631568555641, 38.76130001830562], [-81.02462768792957, 38.76510801729181], [-81.02243868826208, 38.76481001708099], [-81.02243168699755, 38.76240501758948], [-81.0197766869368, 38.761174017520744], [-81.02028668377312, 38.75539301881173], [-81.01422868689289, 38.75878201734414], [-81.01333668611386, 38.75694901762668], [-81.00577068649444, 38.75457501720969], [-81.00379068389991, 38.749371017926265], [-80.9994296855437, 38.75049301716372], [-80.997417682886, 38.747361016335304], [-80.99905868086448, 38.74511301688001], [-80.99642667835454, 38.74237501569877], [-80.99685167434518, 38.73794801565327], [-80.99357567369726, 38.73732001432968], [-80.99393467061505, 38.73393301431237], [-80.99161566942071, 38.732707013344765], [-80.992191665789, 38.728721013387144], [-80.98892566444654, 38.727407012053625], [-80.98837965932734, 38.721886011596986], [-80.98495065543986, 38.71789901010078], [-81.0837105553835, 38.611983014934886], [-81.0840835581914, 38.61547701527646], [-81.08263556018245, 38.61780401541184], [-81.08562256290094, 38.62143101591259], [-81.08469956466821, 38.623526016054285], [-81.08986856610589, 38.625817016569925], [-81.08969756823754, 38.628449016810045], [-81.09663756778255, 38.628607017242466], [-81.09642457134088, 38.63304701766667], [-81.09749257261973, 38.63477201790399], [-81.1016915723616, 38.63492601818511], [-81.10209757553352, 38.63898101862148], [-81.10734257541374, 38.639463019014364], [-81.11512756828678, 38.63125101863962], [-81.12369456729729, 38.63093001913026], [-81.12999556979439, 38.63492501997715], [-81.13159957218286, 38.63826102046599], [-81.14139457228652, 38.63963202126851], [-81.14666957405393, 38.64268902199301], [-81.1494085729838, 38.6416100220422], [-81.15524757483355, 38.644908022853556], [-81.15798857355898, 38.64354502286455], [-81.1596265772853, 38.64887802366954], [-81.16248657940324, 38.65221002430918], [-81.16205658194973, 38.65564902473005], [-81.1583105843688, 38.65838002480756], [-81.16042458450413, 38.65890202503448], [-81.16118858673589, 38.66209102550966], [-81.16379958501359, 38.66014702545348], [-81.16621158517731, 38.660767025719515], [-81.16647158758202, 38.66414002619], [-81.16486659075784, 38.66825702661156], [-81.1614275932983, 38.67115102671557], [-81.16193259440611, 38.67276502696869], [-81.16684859497917, 38.67445402759936], [-81.16607559669472, 38.67668602783284], [-81.17176459538678, 38.6759370282103], [-81.17400059863166, 38.68090402908034], [-81.17129560049679, 38.68297702912859], [-81.1737086034654, 38.68761402997599], [-81.1707116045312, 38.688484029825005], [-81.16885960913142, 38.69449603046838], [-81.16667660988429, 38.69507103034172], [-81.16764761601446, 38.70378503160192], [-81.16974561569687, 38.70382403181259], [-81.17216561789053, 38.707445032543696], [-81.17045962076297, 38.711046032861866], [-81.1722646219741, 38.71317303333553], [-81.17045162462531, 38.716425033590475], [-81.17144762745643, 38.720623034265664], [-81.17586862842582, 38.723120035081266], [-81.17346463259602, 38.72833203553723], [-81.17029363349648, 38.72874203524326], [-81.1688956350615, 38.730545035331964], [-81.1718196411294, 38.73980603691971], [-81.18365564409636, 38.747446039379255], [-81.18295464585698, 38.749735039620035], [-81.18537264638644, 38.75201203961208], [-81.18878364571214, 38.752156040002916], [-81.18844764727467, 38.755653039376185], [-81.19280464890687, 38.76174903889628], [-81.19807064863751, 38.76388403919836], [-81.19586765062937, 38.767444038334055], [-81.2032406498186, 38.76947703892875], [-81.20396165242875, 38.77613203793246], [-81.21216665202073, 38.77972903840352], [-81.20700465428293, 38.782290037321054], [-81.20742365508714, 38.784466037021886], [-81.21422065411397, 38.785991037662555], [-81.22032365220745, 38.78484803864203], [-81.22311665246774, 38.787114038647594], [-81.21906665440244, 38.78950703773566], [-81.22762965369648, 38.79282403834192], [-81.21771565842536, 38.798569036110415], [-81.22587165866894, 38.80410103633229], [-81.22219166017359, 38.80556803560095], [-81.22078166271993, 38.810971034550725], [-81.22627266186383, 38.81227003510052], [-81.22698366229807, 38.81379303495894], [-81.22217366415605, 38.8153730340441], [-81.22082866543465, 38.81767803349152], [-81.22135166724925, 38.82247403280292], [-81.22459466764792, 38.82553203277554], [-81.21992566971963, 38.82763803178091], [-81.21755866901229, 38.82439203196381], [-81.21520566965137, 38.82446203162094], [-81.21672967080076, 38.82823903123151], [-81.21504767233041, 38.83089603056644], [-81.21912367250292, 38.8339530306609], [-81.22079167598457, 38.84360502936655], [-81.22837867511731, 38.846563030010756], [-81.22711767695259, 38.8502660292434], [-81.22813467748631, 38.852289029076275], [-81.23194967635199, 38.85208802967371], [-81.23875567257915, 38.847303031420694], [-81.24197667337198, 38.8515520312432], [-81.24625167256951, 38.85251503173024], [-81.24554167515403, 38.85861403069596], [-81.24350867621801, 38.85987303019843], [-81.2369096776837, 38.85889602935691], [-81.23536567954231, 38.862481028569356], [-81.24327267834731, 38.86512302936018], [-81.24156367974557, 38.8674400287454], [-81.2378156812762, 38.86860302799458], [-81.24239968165617, 38.872902028036386], [-81.23718568363479, 38.87409502704968], [-81.24117468409887, 38.87820102703467], [-81.2385716863418, 38.88194802605279], [-81.24373568525608, 38.88305202669124], [-81.24942768545459, 38.887874026853154], [-81.25416468377668, 38.888418026786574], [-81.2599986831479, 38.89303802599058], [-81.24891768909131, 38.896820025418215], [-81.25998268638912, 38.90143602473448], [-81.26058168696196, 38.903574024405245], [-81.25832968920783, 38.9069530239342], [-81.26288568886193, 38.91103102325678], [-81.26853868466598, 38.90628002387912], [-81.27079968363718, 38.906069023875816], [-81.27052468691363, 38.914361022652734], [-81.27948268269004, 38.91319902269726], [-81.27401568709487, 38.918720021960794], [-81.27754768770995, 38.92430102109337], [-81.27020069091053, 38.92448302115862], [-81.26636569319706, 38.926186020953516], [-81.26935969290592, 38.928772020533586], [-81.26956769444479, 38.93303801989909], [-81.27269069435938, 38.93633901937652], [-81.16223076551638, 39.03076298270147], [-81.16269076593338, 39.034749981387755], [-81.15549576943978, 39.04024297807067], [-81.15076877113108, 39.03971197734768], [-81.14474977385925, 39.042835975083676], [-81.1382607763643, 39.04329297366982], [-81.13608777746829, 39.04516997258457], [-81.13353577810554, 39.04308297283259], [-81.12873578021762, 39.04508297119512], [-81.12483578085555, 39.03978297232919], [-81.11603478457916, 39.04248296967013], [-81.11643478379686, 39.038482971175846], [-81.11393478441532, 39.03648297140973], [-81.11203478522101, 39.03708297083003], [-81.11343478417365, 39.0337829722789], [-81.11223478412843, 39.030681973157755], [-81.10993478485759, 39.02988197300373], [-81.10963378468256, 39.02808297359009], [-81.10493378628583, 39.02718197301472], [-81.10253278625927, 39.021480974601594], [-81.09403478950519, 39.0220819727677], [-81.09233478975939, 39.01978397327132], [-81.09393478848209, 39.01558397508689], [-81.08143379327848, 39.016682972319], [-81.07643379407247, 39.01038397364995], [-81.068133797177, 39.01068497197181], [-81.06443379824977, 39.00898497189004], [-81.0605337997346, 39.00928497104435], [-81.05973379978946, 39.00788497140275], [-81.05323380260813, 39.01038496926425], [-81.04573280512412, 39.008984968358256], [-81.04523280562128, 39.01078396760596], [-81.0396128080451, 39.012810965800774], [-81.03504580958983, 39.012028965223095], [-81.03363280967807, 39.00958496585286], [-81.0379328076748, 39.00718496754499], [-81.0315688087528, 39.00008496895248], [-81.03602780540244, 38.99670997050573], [-81.03455080492974, 38.99476497063534], [-81.0362448033895, 38.99297697132316], [-81.03379380188295, 38.98837297182867], [-81.03440480091623, 38.9869329722419], [-81.03223980039918, 38.98445197236188], [-81.02813780178272, 38.98430397163974], [-81.0258368013776, 38.98196897170972], [-81.02342480223304, 38.9819689712684], [-81.02097580463716, 38.984880970202425], [-81.02091480342172, 38.982534970689045], [-81.01877980315403, 38.98059497071086], [-81.02050880162479, 38.97885597139578], [-81.013047801849, 38.974330971006545], [-81.01152879998793, 38.96984197169551], [-81.00745080107876, 38.96923397109375], [-81.00825779901825, 38.965905971956104], [-81.00491479963867, 38.964913971573495], [-81.00575479851675, 38.963361972058976], [-81.00348479802092, 38.96099097216904], [-81.0110787935366, 38.95745197427629], [-81.00885779169515, 38.952595974930496], [-81.00582379202363, 38.95130297467871], [-81.00435579073891, 38.9479939751389], [-81.0068787878983, 38.94426597638272], [-81.00622978589637, 38.94013097716414], [-81.00326578642495, 38.939298976835346], [-81.00261178291792, 38.932385978223806], [-81.00675878072578, 38.93080797926856], [-81.00489978051343, 38.92929197928194], [-81.00544977930971, 38.92737997978847], [-81.01358477453341, 38.92331898202819], [-81.01217477423035, 38.9219049820956], [-81.01388777255852, 38.91978598283521], [-81.01302577111467, 38.916558983383354], [-81.01033077198365, 38.916595982929294], [-81.00829877153481, 38.91455998303181], [-81.01068276865387, 38.91056298428423], [-81.00911576373561, 38.90044798620559], [-81.00767276411632, 38.900335985997096], [-81.00249473665849, 38.846409996870406], [-81.00853273397476, 38.84447099817477], [-81.01237073061502, 38.840118999669684], [-81.01228772991462, 38.83876199994872], [-81.00950573063216, 38.83870899955735], [-81.00888272968126, 38.83661799991758], [-81.01354572565364, 38.83138400171098], [-81.0118757244294, 38.82826000214292], [-81.0132867220673, 38.82451400314578], [-81.01206472112135, 38.82214300348222], [-81.02223371547319, 38.816400006126074], [-81.02700071412974, 38.81615200684004], [-81.02984171237813, 38.81418100764779], [-81.02976471137292, 38.812218008049065], [-81.03533570867629, 38.80972600933543], [-81.03122370941885, 38.809174008887545], [-81.03020670872846, 38.80736300912813], [-81.0320577080846, 38.80701200945407], [-81.03281170641027, 38.80415401015424], [-81.03819170536426, 38.80470301076955], [-81.03954170273812, 38.800262011873066], [-81.05671469502457, 38.793323015589294], [-81.05223669483918, 38.79083901550159], [-81.05196169191392, 38.78495801666455]]]}}, {"id": "48", "type": "Feature", "properties": {"county": "Lincoln"}, "geometry": {"type": "Polygon", "coordinates": [[[-81.97168813512778, 38.05688857071602], [-81.97100613156081, 38.04789756242841], [-81.96729812942559, 38.0453685608207], [-81.96328612821895, 38.0455785618443], [-81.96174212660709, 38.04270055945574], [-81.95597312471112, 38.04264856059012], [-81.95456412297168, 38.03943855785331], [-81.9509481211587, 38.03790855714761], [-81.93820111652583, 38.036978558862664], [-81.93297711346172, 38.03392755702938], [-81.9299961132999, 38.035866559475096], [-81.92530411065937, 38.03346855814625], [-81.91768810897635, 38.03544456157189], [-81.91619710690364, 38.03201755860437], [-81.90516010205869, 38.02975755866865], [-81.90891310245983, 38.02785455609343], [-81.92667910900384, 38.028670553304906], [-81.93250710958894, 38.025356548988206], [-81.9429041126418, 38.02390454553619], [-81.94333011163137, 38.021116542813736], [-81.94893111401633, 38.02204154257485], [-81.95429011548526, 38.02092954046075], [-81.95776011769946, 38.02338854208731], [-81.96683312097952, 38.02354554042656], [-81.97232112111145, 38.01866353475691], [-81.9766361242927, 38.023096538052215], [-81.98402512641054, 38.021659535238555], [-81.98877612922622, 38.02488453730081], [-81.99844813113572, 38.02035353115797], [-82.00692413202916, 38.02043652853704], [-82.01287113288758, 38.02226552817838], [-82.0165691324572, 38.02043352520482], [-82.01793513138688, 38.01693252149381], [-82.02546013205496, 38.017945519837276], [-82.02748813100324, 38.014371515838015], [-82.04457513191828, 38.014757510315455], [-82.06364213120082, 38.0095644989976], [-82.06626913015549, 38.005753494606985], [-82.07277713090427, 38.007156493662364], [-82.15284512867436, 37.98430443726627], [-82.3063911124632, 37.943640343231], [-82.29091511707047, 37.955190360153935], [-82.27433612489774, 37.97296138590214], [-82.2470141351904, 37.994993420993424], [-82.24354513765499, 38.00082942959823], [-82.23493213796802, 38.00380143515865], [-82.21751514129774, 38.0200544555032], [-82.2105361410826, 38.02042345823903], [-82.20386514162215, 38.0236064633687], [-82.20642114315883, 38.029049467315986], [-82.20229814355558, 38.031209470665345], [-82.2022361448652, 38.03619347511487], [-82.198624145286, 38.038322478266146], [-82.19831914631308, 38.0422494818645], [-82.19231414717176, 38.0463144875832], [-82.19259914846424, 38.05112749176869], [-82.1976361479974, 38.048707487846755], [-82.20028114858457, 38.050578488581756], [-82.20519514845448, 38.04943248583836], [-82.20936714928008, 38.05203548668289], [-82.21181015070825, 38.057203490405705], [-82.20689415081026, 38.05820449302725], [-82.20798415209335, 38.06297849687868], [-82.20526515266145, 38.0654625000458], [-82.20579415301958, 38.0667685010178], [-82.22328015453802, 38.07068149827963], [-82.22783015420931, 38.06888949508034], [-82.22941915530514, 38.07301649816059], [-82.22790315608604, 38.0762425015494], [-82.23535415626363, 38.076167498828035], [-82.2355081573079, 38.080287502406115], [-82.2395391578653, 38.08210450256712], [-82.23775915891734, 38.086456507039095], [-82.23938615912522, 38.08713450705331], [-82.23858816046044, 38.092516512081886], [-82.24086816168604, 38.0972125153978], [-82.24627916302092, 38.10214851778871], [-82.25296616264265, 38.100877514474135], [-82.25422916343535, 38.10432351713258], [-82.25671916319398, 38.103798515953166], [-82.2582271636981, 38.10613751756371], [-82.26202916386659, 38.10754951769371], [-82.26859016537776, 38.11510152235343], [-82.26591816609302, 38.117515525242595], [-82.26672216648817, 38.11932152657697], [-82.26162916744752, 38.12219553059665], [-82.26218316792719, 38.12428853225825], [-82.25825816893341, 38.12755153628645], [-82.25966916940989, 38.12981853784356], [-82.25690517025609, 38.13264854115535], [-82.26091717055269, 38.134794541812894], [-82.26463917001726, 38.133461539518294], [-82.26437417092485, 38.13714754281175], [-82.27127917086358, 38.13856654193395], [-82.27498817122371, 38.140993542900645], [-82.28249717087336, 38.14140654094805], [-82.28544017133679, 38.14413954239589], [-82.28462017217535, 38.14750654554999], [-82.28626617241459, 38.148968546296814], [-82.28395717344976, 38.152765550288414], [-82.27998317364822, 38.15252555132649], [-82.27805517490276, 38.15730155606075], [-82.27889517557288, 38.160369558447506], [-82.27468217647377, 38.16296456203246], [-82.27509417701917, 38.165374563988976], [-82.27167117822448, 38.169422568597064], [-82.27586517836309, 38.171253568833095], [-82.27748917887854, 38.173917570613646], [-82.2713131804158, 38.17846857656586], [-82.2750741811458, 38.18270957901262], [-82.27184518225715, 38.186330583215835], [-82.27725318436337, 38.1969765906408], [-82.27514718519384, 38.199745593746236], [-82.27821918552542, 38.202217594848605], [-82.27782418637568, 38.20566759796616], [-82.26641118853895, 38.21061660615493], [-82.26818918992147, 38.217002611100305], [-82.2700161899956, 38.21799161132808], [-82.26683619107632, 38.22128961529952], [-82.26606919249919, 38.22689262044548], [-82.26150319470257, 38.234200628427104], [-82.25742019528889, 38.234993630567665], [-82.25807719594305, 38.23792663290052], [-82.2605681961, 38.239567633446875], [-82.25850919717817, 38.243151637316515], [-82.25998219778388, 38.24623663948394], [-82.25227619989836, 38.25209964664406], [-82.24886519961582, 38.249434646335246], [-82.24518020067887, 38.254092650378915], [-82.24507020107191, 38.256054651431135], [-82.24765520141298, 38.25822765153814], [-82.24777520213433, 38.261912653386844], [-82.24484420264349, 38.26392765556919], [-82.24263720400917, 38.27033365972686], [-82.2406802043448, 38.27159166113876], [-82.2348872045126, 38.271195663199144], [-82.23235020532702, 38.27462066595184], [-82.2252312060327, 38.27645966967929], [-82.21975320713456, 38.28043967386574], [-82.21598420736291, 38.28065467544882], [-82.21210520881168, 38.28643167993338], [-82.20758520954688, 38.28869768286345], [-82.21199420985094, 38.2911646824092], [-82.20964721048105, 38.2934476844991], [-82.21000921135936, 38.29754068646116], [-82.20652521250369, 38.30178369000192], [-82.20998121248498, 38.30265968910281], [-82.21163821347663, 38.30766369102762], [-82.22083021351798, 38.310644688972005], [-82.20561121452367, 38.31062369490122], [-82.20337821416736, 38.30836669461306], [-82.19750621507727, 38.31069269810007], [-82.19870521635181, 38.31667570070592], [-82.19645221714451, 38.3194647030179], [-82.19679321787328, 38.322775704585816], [-82.19295121843639, 38.32399470671092], [-82.1881952197808, 38.32825271075334], [-82.18311022050936, 38.32968371347173], [-82.17834422322728, 38.33952272038292], [-82.16850422302312, 38.33531772206104], [-82.16378522379301, 38.336881724704114], [-82.16374822423106, 38.338640725621424], [-82.15820422450676, 38.33790072740341], [-82.15460922544199, 38.34042373009998], [-82.15305922535896, 38.33958173027226], [-82.14506122690878, 38.34298573513721], [-82.14150922682646, 38.341500735760235], [-82.13280122835461, 38.344467740677125], [-82.12886522836371, 38.3432297415767], [-82.12768822920768, 38.34599174345197], [-82.12551122961672, 38.34679974471495], [-82.11699022965489, 38.34421274671034], [-82.11496023031953, 38.345980748408095], [-82.11490723168428, 38.35089775094943], [-82.11040223359736, 38.35628675546762], [-82.11012523429744, 38.35869875681191], [-82.10224523467319, 38.35738075920701], [-82.10359123578965, 38.36176876093131], [-82.10037023618446, 38.36205676233388], [-82.10157223666329, 38.36414976293813], [-82.10061823723179, 38.36581376416253], [-82.09720523804987, 38.367479766345795], [-82.09013323858534, 38.36687876879275], [-82.08714123935826, 38.3684927707851], [-82.07907424026145, 38.368786774078025], [-82.07445524206574, 38.37322877815201], [-82.06928124258982, 38.373183780144075], [-82.06899124314707, 38.37491678114437], [-82.06440924419697, 38.37677078387801], [-82.05804524374058, 38.373129784492505], [-82.05593424429931, 38.37421778587158], [-82.05162524432724, 38.37287478686239], [-82.05013124544851, 38.37593778901184], [-82.04712824528802, 38.37443278941114], [-82.0430942338321, 38.337278771971015], [-82.0488522185146, 38.29034274570562], [-82.04627921851583, 38.289907746487955], [-82.04451821767884, 38.28698474568005], [-82.04086621806913, 38.28760674742484], [-82.04074121741678, 38.28555474642375], [-82.03652121797678, 38.28661574861504], [-82.03579321705469, 38.28365374738409], [-82.03213621733286, 38.2839437489611], [-82.03168121627328, 38.28062874744311], [-82.02829121602129, 38.27936274812005], [-82.01892521726968, 38.281763753007304], [-82.01894921646179, 38.279349751763505], [-82.0153982166036, 38.279268753109534], [-82.01646421409775, 38.27195474895315], [-82.00178621460984, 38.27160175450914], [-82.00056721345672, 38.26810975320074], [-81.9974062129854, 38.266605753354], [-81.99177421391455, 38.269085756144875], [-81.99115121628316, 38.27577275973898], [-81.98627121643776, 38.275965761161494], [-81.98449321711291, 38.277759762564415], [-81.98209421677731, 38.2767017626724], [-81.91519723843889, 38.32559780636827], [-81.88577223540075, 38.314750808835], [-81.84570623671871, 38.31324681911005], [-81.8395942398157, 38.31903882388249], [-81.83063424201312, 38.322526828225776], [-81.81687423940772, 38.31575982841954], [-81.81199823673506, 38.30997982666887], [-81.81224923245261, 38.30153582207245], [-81.80650522868419, 38.29371181944925], [-81.80669622500176, 38.28651081553088], [-81.8089212244383, 38.28551981439249], [-81.8063442170073, 38.270841807213664], [-81.80818821624838, 38.26939980594086], [-81.80182021263481, 38.26222880380787], [-81.80469121134936, 38.259752801704416], [-81.80949121139426, 38.25987780047991], [-81.81052321033508, 38.25779779908654], [-81.80560420720163, 38.25164979710719], [-81.80304720675625, 38.25079779733462], [-81.80348720547617, 38.24862179542568], [-81.80924520273571, 38.24416878949316], [-81.82083720199977, 38.242696784962476], [-81.81285520090827, 38.241134785543], [-81.81094119780678, 38.23619878118336], [-81.80774719621455, 38.23378777964568], [-81.81008919262705, 38.227914773237565], [-81.80216118953322, 38.2235237709663], [-81.80170818822435, 38.22149676907965], [-81.80415818733744, 38.21990476687167], [-81.8091711877085, 38.22008976575742], [-81.82007719371815, 38.22907677177222], [-81.82223519340207, 38.228421770564395], [-81.82247719222, 38.226447768561634], [-81.81787418745131, 38.218945762379995], [-81.8186261864773, 38.217282760549786], [-81.8260511892102, 38.2211697624499], [-81.83439919044677, 38.22258376167144], [-81.83643318822854, 38.21860775725382], [-81.83204318556763, 38.214482754346655], [-81.83077118345561, 38.21103475129446], [-81.84072318286977, 38.20889674665785], [-81.84124118123742, 38.205993743689724], [-81.83882917865158, 38.201823740226935], [-81.84491817748582, 38.198928735860285], [-81.84663217397977, 38.19248272914136], [-81.85176617017879, 38.18481372038862], [-81.84970216854579, 38.18229171844344], [-81.84625317006031, 38.18562872255118], [-81.84249716961985, 38.18554172339893], [-81.83898916797847, 38.18333372211152], [-81.83876516638844, 38.18062571951961], [-81.84247416617598, 38.179530717534924], [-81.84915316798438, 38.18139971770998], [-81.85167316523419, 38.175974711805004], [-81.85117616355376, 38.17307470910277], [-81.86288916564531, 38.17426870739716], [-81.86388816694755, 38.1764577092759], [-81.87197416810818, 38.176846707666755], [-81.87329016759742, 38.17557870611707], [-81.87121416487676, 38.170896702094986], [-81.87211816120087, 38.16369969491116], [-81.8868651652725, 38.167743695241576], [-81.88603316291244, 38.16328869115203], [-81.88830916295443, 38.162743690077576], [-81.88856516454345, 38.16584269299877], [-81.88939116355172, 38.16363669067572], [-81.8860801597137, 38.15694268502747], [-81.88778015934238, 38.155701683425214], [-81.8883451576201, 38.15209867982165], [-81.88303315553651, 38.149635678712], [-81.87819215471231, 38.14953667976586], [-81.88070415394067, 38.14725167696458], [-81.87934415126833, 38.1424986726982], [-81.87705215028949, 38.14136667214392], [-81.87877914843712, 38.13720266771772], [-81.88469214962129, 38.13745166657589], [-81.8855001510639, 38.14001766885934], [-81.8885231526418, 38.14211267016693], [-81.90379715503293, 38.14164066612276], [-81.90640615698894, 38.14482266855529], [-81.91043315795828, 38.14545666821105], [-81.91181515944834, 38.1481656704732], [-81.91632616090162, 38.14974267090882], [-81.9203731609134, 38.14834066861171], [-81.92297416184377, 38.1494786690787], [-81.92335216278522, 38.15144767086355], [-81.92561616286471, 38.15082666973394], [-81.9275651639069, 38.15249267085446], [-81.93244416362126, 38.150085667406756], [-81.934425162258, 38.14618566323616], [-81.93309615948816, 38.14028665795155], [-81.93400815908198, 38.138975656493656], [-81.93891015995908, 38.1390076553758], [-81.94102915919589, 38.136302652318605], [-81.94386416020673, 38.137504652793794], [-81.94729615709511, 38.128430643418184], [-81.94581115571482, 38.125778641254435], [-81.94981415560902, 38.12358263825965], [-81.95357515438728, 38.11865663275142], [-81.94620814932102, 38.110073626319505], [-81.94611414797039, 38.10684762329157], [-81.94774914817006, 38.106433622533395], [-81.94698614718533, 38.10445762083746], [-81.95020914693316, 38.1020136178092], [-81.95070714584855, 38.099049614900736], [-81.9640811454182, 38.08965360309976], [-81.96209814339818, 38.08573259984758], [-81.96528514172302, 38.07920059301636], [-81.96893814214944, 38.077728590845595], [-81.96862714019397, 38.07277058626023], [-81.96629813808705, 38.0689435831653], [-81.97030013872366, 38.06760458105685], [-81.9731871384117, 38.06452857756072], [-81.96980213665604, 38.06247957635542], [-81.97168813512778, 38.05688857071602]]]}}, {"id": "49", "type": "Feature", "properties": {"county": "Ohio"}, "geometry": {"type": "Polygon", "coordinates": [[[-80.73143780666042, 40.04782562225938], [-80.7333818083907, 40.058804640563274], [-80.73816280779153, 40.06653164614568], [-80.73849280971356, 40.077763668893304], [-80.73142681565582, 40.086328701515335], [-80.713588830355, 40.09675075932214], [-80.70905683517766, 40.10116777721193], [-80.70709284055812, 40.11110080054697], [-80.71066784317198, 40.125547821888205], [-80.71016384845277, 40.13831284791752], [-80.70603085819182, 40.15237588293949], [-80.686494894555, 40.18106797128608], [-80.68180890304822, 40.185560987347685], [-80.67334191242344, 40.183048996754664], [-80.66373192667717, 40.185895017675925], [-80.66491092322102, 40.18309301079703], [-80.66184992626074, 40.181865013717804], [-80.66419092102235, 40.178592004066985], [-80.5954010049466, 40.17701511706969], [-80.51910207003571, 40.159670226096395], [-80.51911782878841, 40.01640806590558], [-80.73380080269195, 40.033406587108104], [-80.73188080404728, 40.03716459930089], [-80.73143780666042, 40.04782562225938]]]}}, {"id": "50", "type": "Feature", "properties": {"county": "Morgan"}, "geometry": {"type": "Polygon", "coordinates": [[[-78.15427199579088, 39.56372289533416], [-78.16026495428909, 39.54687188623934], [-78.17392389449103, 39.52135486936844], [-78.17457486915828, 39.51378786817785], [-78.18928982762549, 39.4801048488779], [-78.20022780696706, 39.44158372030343], [-78.20754579787818, 39.43149971508039], [-78.22876376147683, 39.3912327031564], [-78.26278280063227, 39.41432266388023], [-78.34708498839622, 39.46601166588873], [-78.39857703471272, 39.48367660316037], [-78.43767305721731, 39.500080554696844], [-78.46857911932224, 39.51661851360661], [-78.46313212621259, 39.520326520361756], [-78.4611701346535, 39.523911522637455], [-78.46236516752056, 39.536361520287], [-78.45800217136681, 39.538348525692776], [-78.4501861680924, 39.53801053563698], [-78.44852017399971, 39.54036553757277], [-78.44991718258146, 39.54338453557566], [-78.46053219263207, 39.546188521954406], [-78.46194420014237, 39.548949519987445], [-78.46111520488608, 39.55083252090722], [-78.45035820014357, 39.54982953453662], [-78.43785616575805, 39.538515551245204], [-78.4346231752563, 39.54218855503195], [-78.43655219293771, 39.54824855207678], [-78.43911220062193, 39.55079054863595], [-78.43771520762533, 39.55336555018069], [-78.43151020348421, 39.55228355808352], [-78.4245271813608, 39.54517956753757], [-78.41947818141107, 39.545601573879324], [-78.41701718973442, 39.548559576697855], [-78.42631822287264, 39.5592215639825], [-78.43739523517645, 39.56313654976293], [-78.45427726571457, 39.57408152785409], [-78.45803828046881, 39.57970752278918], [-78.45677030149083, 39.58760752380749], [-78.45040631038327, 39.5905505314385], [-78.44349631373356, 39.591330539885895], [-78.426086301648, 39.58613656179442], [-78.41829728706988, 39.580931571919685], [-78.40738128079424, 39.578606585683474], [-78.39971128791866, 39.580701594962065], [-78.39484230261279, 39.58515160048264], [-78.39620131565147, 39.589279598334755], [-78.39888232256085, 39.591591594772495], [-78.41161533814406, 39.59744157850197], [-78.42548436489518, 39.60767156054485], [-78.43354539238463, 39.61820654980359], [-78.43329739962249, 39.620698549887464], [-78.43013740888652, 39.623415553467986], [-78.42050541537638, 39.62407256503843], [-78.39645340242477, 39.61643559494358], [-78.38393938284132, 39.60898061103385], [-78.37560938338753, 39.608306621268035], [-78.3720403967543, 39.61186862515083], [-78.38335342923605, 39.62291261003584], [-78.38236144592346, 39.62779261063124], [-78.37377945908244, 39.6303726206348], [-78.36050844876506, 39.62543363728525], [-78.35550445362773, 39.626110643225076], [-78.35345547063424, 39.630568645052165], [-78.35925249099604, 39.6372076371494], [-78.3580115008662, 39.639782638272585], [-78.35532150567383, 39.640662641363996], [-78.33523550587321, 39.63735866589503], [-78.31085549360836, 39.63060869627835], [-78.28602846736706, 39.62119172795299], [-78.26608646698811, 39.619054752514025], [-78.26286148347755, 39.62247875570156], [-78.26233651910789, 39.63049475465261], [-78.25406556703308, 39.64018376250778], [-78.23810558118183, 39.65215178261782], [-78.22720956299416, 39.6570847983396], [-78.22382356505847, 39.660538803082545], [-78.22425157906595, 39.663513802069374], [-78.23299864242368, 39.67066178744948], [-78.23256665330047, 39.673582787685845], [-78.22707764329137, 39.67624679603653], [-78.20220254850139, 39.67685583569144], [-78.19602354637244, 39.68266884549677], [-78.19100655477347, 39.69029985368532], [-78.1818695354125, 39.69531586897059], [-78.17154749355934, 39.69564288621913], [-78.15429940545172, 39.69062291426747], [-78.13981334360255, 39.6898159380089], [-78.09825014671995, 39.67891200249159], [-78.08951809476481, 39.6714450135312], [-78.08282706905732, 39.6714400240777], [-78.07581003419756, 39.66778103348795], [-78.05420892092256, 39.65098605825819], [-78.04814688595776, 39.643505063163325], [-78.03731883778472, 39.6369830751585], [-78.02214976201454, 39.619821085767164], [-78.03518580409232, 39.62053406823901], [-78.03695579866661, 39.61380606175126], [-78.04357681731682, 39.612880052248826], [-78.04645281767252, 39.608116045673555], [-78.05911283643974, 39.59831602374548], [-78.07867989559247, 39.599873999091066], [-78.08524890859107, 39.597320989484295], [-78.09118989663962, 39.58517897704915], [-78.09490589927545, 39.58217097128739], [-78.10916295051284, 39.587432955409966], [-78.116022986533, 39.593893948730525], [-78.13893505011092, 39.5937959194273], [-78.1424150464996, 39.58945591413388], [-78.14815801389801, 39.5741059042353], [-78.15427199579088, 39.56372289533416]]]}}, {"id": "51", "type": "Feature", "properties": {"county": "Kanawha"}, "geometry": {"type": "Polygon", "coordinates": [[[-81.6513914065254, 38.57594397871698], [-81.64366440501803, 38.56699397842805], [-81.63517140624424, 38.56382697934617], [-81.63578040428757, 38.55982897849677], [-81.63348740413804, 38.55790797854677], [-81.63283640276728, 38.554370978006055], [-81.57820242999023, 38.57706899190565], [-81.52216646515079, 38.61274700849661], [-81.50754745498583, 38.5827140054898], [-81.47165444633836, 38.54633700139719], [-81.46644044849218, 38.54792100194047], [-81.46537244979463, 38.549899002357776], [-81.34933547463173, 38.54130200635511], [-81.30349048228176, 38.53480000740629], [-81.27425248153232, 38.52183100653221], [-81.22056149314577, 38.53184000913852], [-81.19411348970027, 38.52763500821297], [-81.283872444934, 38.47202998246885], [-81.25444637826179, 38.37510191398119], [-81.2314212881158, 38.26376883790277], [-81.31496122589523, 38.18052972430232], [-81.32137922699428, 38.18374673029296], [-81.3292652246589, 38.18248172992183], [-81.3290422207566, 38.1769427217855], [-81.32675221941167, 38.174452717676814], [-81.33136621391807, 38.16795670916078], [-81.33325720874463, 38.161214699775904], [-81.38082905879058, 37.969109419900015], [-81.38233005870849, 37.96970942238081], [-81.38633005558641, 37.967209419593466], [-81.3976300518164, 37.967308428211474], [-81.39973105302211, 37.96990843548687], [-81.41263105206117, 37.97430845418842], [-81.41813104508088, 37.96760844406296], [-81.42353104317029, 37.96750844785827], [-81.42643104447673, 37.97040845591081], [-81.43093104417233, 37.97190846217956], [-81.4379310386066, 37.96790845932139], [-81.4415310395171, 37.970508467034186], [-81.44313104202563, 37.97420847534499], [-81.45053204111483, 37.97600848392914], [-81.45203204298082, 37.978808490225255], [-81.45893204087439, 37.97890849504961], [-81.45973204147481, 37.97990849741938], [-81.45623204579913, 37.98370750213056], [-81.4566320488997, 37.98750750942187], [-81.45373205457588, 37.99320751827744], [-81.4559320565641, 37.99630752531558], [-81.45583205913296, 37.99930753082698], [-81.45923205750502, 37.99850753122047], [-81.46165605912827, 38.00130753685158], [-81.46197606216155, 38.005307541839365], [-81.46562506108687, 38.00521154366959], [-81.46632906356123, 38.00861954811839], [-81.46344906849473, 38.01393155298048], [-81.46471306943002, 38.015563555588884], [-81.46845706870009, 38.015915557929496], [-81.46796107093924, 38.01860356087961], [-81.46530507331293, 38.02073156207997], [-81.46698507575996, 38.02442756733823], [-81.45989707967667, 38.02705156699161], [-81.46040908189964, 38.03007557089208], [-81.46431308593155, 38.03653858053586], [-81.47004208818267, 38.04129058888861], [-81.47146609134965, 38.04578659487746], [-81.47618609149119, 38.04748259901796], [-81.47746609337587, 38.05028260288192], [-81.47370609692337, 38.05359460511665], [-81.47700210030176, 38.05892261282327], [-81.47937010105731, 38.06061861582378], [-81.48362609869567, 38.058954615703165], [-81.4845061002784, 38.06122661871634], [-81.48769009920595, 38.06085861964394], [-81.4869701008041, 38.062650621407855], [-81.49145110388356, 38.067897629314565], [-81.49908309760022, 38.062345626173524], [-81.5052750955216, 38.06069762461999], [-81.51177109770173, 38.06426562853377], [-81.51650709678262, 38.063721627844366], [-81.5179471011698, 38.069433634223756], [-81.52092410117568, 38.069833634614064], [-81.5290521048003, 38.07549764077311], [-81.53746810435656, 38.076073641224966], [-81.53962810639052, 38.078952644372016], [-81.54054010902227, 38.08242464820271], [-81.5366201114405, 38.08495265111414], [-81.53484512027443, 38.09591266335526], [-81.53060412116011, 38.096424664064266], [-81.52630012554802, 38.10135266970929], [-81.52098812575476, 38.10084066932388], [-81.51606113588254, 38.11287268299587], [-81.51964513685152, 38.114632684819895], [-81.52140513575272, 38.11351268349239], [-81.52679713938606, 38.11892068930714], [-81.53194913747326, 38.117288687261606], [-81.53202913998898, 38.12048869082266], [-81.5338051404792, 38.12138469174008], [-81.54599813735781, 38.119303688882994], [-81.5462221415224, 38.124647694787726], [-81.53902214691644, 38.13037570148683], [-81.54316614893631, 38.13360770486205], [-81.54518215205931, 38.13791170952399], [-81.55574215354808, 38.14154371295933], [-81.56947114847318, 38.13728770753617], [-81.57059114977095, 38.13914370950784], [-81.56927915190228, 38.14167171234781], [-81.57327915170893, 38.142087712580185], [-81.5742551537767, 38.144918715619184], [-81.57814315187235, 38.14311071342461], [-81.58134315189074, 38.14367071385432], [-81.58123115447634, 38.14699871748553], [-81.59040015879289, 38.154166724725656], [-81.58966416155103, 38.15762272852084], [-81.59392016364669, 38.16109473200973], [-81.59566416264879, 38.16010273082246], [-81.59932816345335, 38.16179873241671], [-81.59990416506703, 38.16400673476313], [-81.59587216839314, 38.167622738944495], [-81.60134416772524, 38.167734738689816], [-81.60673616879066, 38.1701017408673], [-81.60204817410694, 38.17619774777092], [-81.60702517205044, 38.17442174549651], [-81.61593717261637, 38.176805747409574], [-81.61712117373933, 38.17850174913957], [-81.62083317250992, 38.17757374787222], [-81.6248411728417, 38.178757748840816], [-81.62889716761254, 38.17260374198415], [-81.6333641662439, 38.17161574061614], [-81.63457217054204, 38.177534746819255], [-81.64164416846047, 38.17609374477289], [-81.64266216934884, 38.17746574615075], [-81.63930317194067, 38.180278749379774], [-81.64267317387994, 38.18349475253071], [-81.64853717419709, 38.18503675370897], [-81.64476717965972, 38.19158876092806], [-81.64478418220946, 38.19498676451935], [-81.64659018260745, 38.19587076530443], [-81.6471501862187, 38.20079377045722], [-81.65254718713862, 38.20309677242288], [-81.64854018935064, 38.20524677503837], [-81.64761919259628, 38.20938877949236], [-81.64309119425644, 38.210682781267316], [-81.64538319749144, 38.215455786105444], [-81.64366820167805, 38.2206757917863], [-81.65216620043469, 38.220781791088356], [-81.65977120126946, 38.22348779320405], [-81.66621219891739, 38.221681790691285], [-81.66714419719197, 38.219556788379144], [-81.67568319745631, 38.2217037898071], [-81.68703119305927, 38.21813878502651], [-81.68791319406141, 38.219684786544676], [-81.69006119365127, 38.219580786233514], [-81.69265819655662, 38.22408279063918], [-81.69489819612905, 38.223978790314604], [-81.6962991986307, 38.22768779400431], [-81.70582619669793, 38.22710279246253], [-81.70811119340024, 38.22307778810989], [-81.72195419099579, 38.22274878643924], [-81.72572818936571, 38.221311784614855], [-81.72819918625298, 38.217538780547564], [-81.72722818366125, 38.21374777678733], [-81.72098418526046, 38.21463277826232], [-81.72548818000193, 38.20832377143218], [-81.72443017818732, 38.205596768752265], [-81.7273331764615, 38.20381476668747], [-81.7313701767144, 38.20500376754245], [-81.73700517094991, 38.19817376014502], [-81.74451217193908, 38.20110176246372], [-81.749819170766, 38.20056776147386], [-81.75327517264027, 38.20287076294136], [-81.75601717935689, 38.21208077148036], [-81.75514518361538, 38.21817677781749], [-81.76509519081742, 38.227809784880655], [-81.77300319310747, 38.23072678572579], [-81.78388619339935, 38.23060478275366], [-81.78563519112956, 38.227076778789886], [-81.78441018942286, 38.224573776621334], [-81.7892851872528, 38.22093377174042], [-81.78545618264542, 38.214246766087044], [-81.78934918115615, 38.21161676247623], [-81.7896051799424, 38.2097367605448], [-81.79441717876016, 38.20741275701167], [-81.79973918034202, 38.20930375752604], [-81.80676717971704, 38.207553754002774], [-81.81091418040415, 38.20819175357459], [-81.81096617664103, 38.20212874758309], [-81.81429617516189, 38.199303743956904], [-81.81202817338279, 38.196735741998204], [-81.81446917206314, 38.194248738934256], [-81.8127741692482, 38.18994573511909], [-81.80830216837329, 38.18924273554169], [-81.80501316543251, 38.18509173226158], [-81.80524916404269, 38.18284672998552], [-81.8018081622943, 38.180681728696385], [-81.80183916084084, 38.17838872642147], [-81.805663162551, 38.180405727472284], [-81.81020316295404, 38.1802357261844], [-81.81386716584142, 38.18424972923488], [-81.81867416666788, 38.18476872855371], [-81.82345517220435, 38.19312973558027], [-81.82498017692672, 38.20077074269994], [-81.8334701827717, 38.20957074916994], [-81.83101818329571, 38.2107367509392], [-81.83097018423236, 38.21232875251161], [-81.83647618895284, 38.21984875845679], [-81.83314919055783, 38.222872762278826], [-81.8186261864773, 38.217282760549786], [-81.81787418745131, 38.218945762379995], [-81.82247719222, 38.226447768561634], [-81.82223519340207, 38.228421770564395], [-81.8203531937277, 38.22907577169909], [-81.8091711877085, 38.22008976575742], [-81.80415818733744, 38.21990476687167], [-81.80170818822435, 38.22149676907965], [-81.80216118953322, 38.2235237709663], [-81.81008919262705, 38.227914773237565], [-81.80774719621455, 38.23378777964568], [-81.81094119780678, 38.23619878118336], [-81.81285520090827, 38.241134785543], [-81.82083720199977, 38.242696784962476], [-81.80924520273571, 38.24416878949316], [-81.8027762063472, 38.250003796980515], [-81.81054320993736, 38.25701379866065], [-81.80949121139426, 38.25987780047991], [-81.80469121134936, 38.259752801704416], [-81.80181321272542, 38.26240480390436], [-81.80818821624838, 38.26939980594086], [-81.8063442170073, 38.270841807213664], [-81.8089212244383, 38.28551981439249], [-81.80669622500176, 38.28651081553088], [-81.80650522868419, 38.29371181944925], [-81.81224923245261, 38.30153582207245], [-81.81159323608362, 38.30865582607059], [-81.81282523741797, 38.31140782720632], [-81.8182342398341, 38.316751828574496], [-81.83063424201312, 38.322526828225776], [-81.8395942398157, 38.31903882388249], [-81.84570623671871, 38.31324681911005], [-81.88577223540075, 38.314750808835], [-81.91519723843889, 38.32559780636827], [-81.90022227076864, 38.39857284879835], [-81.84955228872825, 38.423387876551416], [-81.84655728926528, 38.423612877542254], [-81.84612528998352, 38.42498887839945], [-81.84031729138002, 38.42614088070354], [-81.83738829135004, 38.425196881053694], [-81.83490929377211, 38.42943688403587], [-81.8286682945741, 38.429180885719695], [-81.82874829520733, 38.4304928863969], [-81.82649229577382, 38.43095688730318], [-81.82283929569627, 38.429697887696285], [-81.81927629903102, 38.43530889173879], [-81.8147002985013, 38.43286089176553], [-81.8134432998245, 38.43510489333553], [-81.77711531180238, 38.447052910421775], [-81.72306633496562, 38.46777293420272], [-81.72199433920163, 38.47468493819772], [-81.72716233903515, 38.47682893849994], [-81.72532234148315, 38.48025294070035], [-81.72749834119406, 38.48078094061802], [-81.72924334237598, 38.48369294192021], [-81.73394734773481, 38.495420947545085], [-81.73290734923886, 38.497564948904596], [-81.73450635020798, 38.50009194997628], [-81.73173135239838, 38.50362295111837], [-81.73778335118404, 38.504854950276375], [-81.74241935140014, 38.50870795016807], [-81.74357635203134, 38.51113695041173], [-81.73975935368571, 38.51256595135015], [-81.74232135506473, 38.517900951881614], [-81.75410335435332, 38.52404595042523], [-81.75076335606816, 38.52652995188631], [-81.75537335791124, 38.53390995186515], [-81.75205135905394, 38.53489995304411], [-81.75391135991758, 38.53820095309566], [-81.7492833620151, 38.54071295485824], [-81.74915236302147, 38.54317695533593], [-81.75157936369271, 38.54647795532179], [-81.74909136491527, 38.54795395622785], [-81.74716436770285, 38.553563957603984], [-81.75014636757382, 38.55551895741853], [-81.74795536965009, 38.55912795849021], [-81.7500233706864, 38.563379958905244], [-81.74777837258914, 38.566464959875006], [-81.74985337262416, 38.56818995982535], [-81.74886537392362, 38.57071896046699], [-81.75053337412326, 38.57246596042886], [-81.75131437669046, 38.57951896149692], [-81.75590037608785, 38.58094496039231], [-81.75153437910538, 38.585830962595864], [-81.75054738138958, 38.5910149638463], [-81.74184338525549, 38.593828965976144], [-81.741147386999, 38.597665966807696], [-81.7389683883623, 38.59932696750107], [-81.72877539041416, 38.596219968737174], [-81.69634841342793, 38.62642798007979], [-81.6513914065254, 38.57594397871698]]]}}, {"id": "52", "type": "Feature", "properties": {"county": "Lewis"}, "geometry": {"type": "Polygon", "coordinates": [[[-80.3677687141602, 38.894552543280334], [-80.36777870665864, 38.88661354424014], [-80.37933771276839, 38.88768755688862], [-80.38427671218818, 38.88475656273503], [-80.38180670799011, 38.88145556042898], [-80.38698970403689, 38.87480856707405], [-80.40954161469307, 38.76832760832817], [-80.39306355127022, 38.72757159346272], [-80.39478454937242, 38.72599559571654], [-80.39691955633754, 38.72947959795138], [-80.40194955940882, 38.72989960401804], [-80.40539255548634, 38.72668360853962], [-80.40456854979642, 38.72359760786301], [-80.40694654945032, 38.72275661084421], [-80.4085615533302, 38.724575612615475], [-80.41367755552709, 38.72447361884744], [-80.41219355686371, 38.72564761691714], [-80.41230156168125, 38.72841161675237], [-80.41674556576872, 38.72957762202608], [-80.42403456653355, 38.7280536310483], [-80.42687357316008, 38.7311106341602], [-80.42876356955233, 38.72852263674277], [-80.43321757334483, 38.729508642044166], [-80.43608456780038, 38.725554645972785], [-80.44043057459221, 38.728291650945145], [-80.44524857431786, 38.72684865696533], [-80.44754458564114, 38.73271265907918], [-80.45228258825564, 38.73293566480547], [-80.45174559492597, 38.73688766369349], [-80.45733260157, 38.73916967020235], [-80.45084061755273, 38.750101661053485], [-80.45209862302025, 38.755382661606006], [-80.45102862390618, 38.75690166003805], [-80.45315562871085, 38.76101466184213], [-80.44899863078868, 38.7654246560477], [-80.44941763463659, 38.769383655830985], [-80.4421606332489, 38.77161664676383], [-80.44405263805088, 38.7758456482715], [-80.44614864058296, 38.77751465046762], [-80.4503376407921, 38.775590655799384], [-80.45848264507504, 38.776053665409165], [-80.45860164699195, 38.77807866516902], [-80.46369865461804, 38.78376467013357], [-80.4630076563422, 38.78599866888653], [-80.45839465577221, 38.78774066310284], [-80.45937765970375, 38.79151766354975], [-80.46311266546003, 38.795882667113325], [-80.46919866983997, 38.79755767393587], [-80.4745326693307, 38.794274680855935], [-80.485528679971, 38.800304692530815], [-80.48363768200215, 38.803500689651635], [-80.48432868755533, 38.80924168926501], [-80.4793396901285, 38.81459568235913], [-80.48060969401178, 38.81820868309187], [-80.47688069470291, 38.82084767823888], [-80.47625569892581, 38.825784676519234], [-80.47376870081477, 38.8290986729902], [-80.47381070461117, 38.83322967221189], [-80.47981670730664, 38.833177679109895], [-80.4908457233305, 38.84525968918382], [-80.50071872702074, 38.84466170028379], [-80.50721673622667, 38.85402770322276], [-80.52376774587987, 38.86280271399496], [-80.52837074564769, 38.86199771771145], [-80.5324837406786, 38.8558997222454], [-80.54152573990953, 38.85390272965394], [-80.54806574264552, 38.8561997341635], [-80.55207074689416, 38.86056273624695], [-80.55379075166641, 38.86582273636502], [-80.55795775365021, 38.86760973915352], [-80.57337375112766, 38.86284975208726], [-80.5788607482319, 38.85879675724609], [-80.58356074883969, 38.858916760831285], [-80.59069675811277, 38.86893576396352], [-80.59328975963152, 38.870418765603624], [-80.5926587623855, 38.87374176433805], [-80.59066376327759, 38.87502276250832], [-80.59230376650676, 38.87864276291339], [-80.59099177065784, 38.883679760725535], [-80.59644677443053, 38.88755076398387], [-80.599162778239, 38.89177776506015], [-80.59708778168006, 38.896062762465085], [-80.71681587385993, 39.00843082422732], [-80.72887789365514, 39.083527806396816], [-80.72832689683197, 39.09567980166705], [-80.70103789558189, 39.09027878401398], [-80.69811589657431, 39.09390178065968], [-80.69838389715747, 39.096075780096676], [-80.69068789870427, 39.1015707726938], [-80.6911118994428, 39.10430977205152], [-80.68706190040275, 39.1076957679995], [-80.68761690094186, 39.10969976770547], [-80.68119390165292, 39.112040762335525], [-80.68174890415077, 39.121198759597014], [-80.67648690446741, 39.12208275557134], [-80.6765379052076, 39.1247787546895], [-80.67483390554659, 39.125917753098015], [-80.66444690676542, 39.129732744476264], [-80.66289690904979, 39.13784774065467], [-80.65867690932379, 39.13855073745395], [-80.65693491007532, 39.14111973537126], [-80.65302890997987, 39.14051273283284], [-80.65074490919078, 39.1375557322129], [-80.64739490980173, 39.13950172921373], [-80.6442599091298, 39.136921727865], [-80.64232390970466, 39.138823725876726], [-80.63925390985318, 39.13914472361489], [-80.63728690944835, 39.13759572274201], [-80.63346391006453, 39.13950471943103], [-80.6296209100607, 39.139239716819], [-80.62361591119432, 39.14277671145604], [-80.62109691224616, 39.146240708570204], [-80.6225079127668, 39.14814270894237], [-80.61710891461223, 39.15410570324593], [-80.60484491530966, 39.15553569423543], [-80.602874916463, 39.15930269166575], [-80.59980191665352, 39.15969868940159], [-80.59688591767951, 39.16293068635209], [-80.5961269189232, 39.16706968451899], [-80.59410791878157, 39.166414683324874], [-80.5869969196808, 39.168812677641725], [-80.57717391955617, 39.167533671229954], [-80.56243191779575, 39.160491663155014], [-80.54912291764671, 39.15895865435812], [-80.54624991537052, 39.15136965463451], [-80.53901291509325, 39.149967649997095], [-80.53619591438613, 39.14750364875965], [-80.53409991470994, 39.1484006470275], [-80.51832091424288, 39.14586963672904], [-80.51717691492391, 39.14794663532384], [-80.51161191467094, 39.14678363176728], [-80.50737691560863, 39.1494466280367], [-80.49658791428116, 39.14848162002158], [-80.49399291247978, 39.14567761842757], [-80.48675491093657, 39.14861061095555], [-80.4850169101111, 39.147917609550355], [-80.48601890982583, 39.14598961100305], [-80.48024490738281, 39.144629606060484], [-80.47330190579335, 39.14707559901214], [-80.47093790425232, 39.14490059741665], [-80.46688090304356, 39.145481593528125], [-80.45846989802965, 39.13926558738475], [-80.45443189725029, 39.14110758318233], [-80.45470989657991, 39.13885458401256], [-80.30020982851029, 39.103857446313796], [-80.30505781313465, 39.061467457362845], [-80.31798279891478, 39.01344147773354], [-80.33448479702292, 38.99658649705087], [-80.32570877205276, 38.974261490030855], [-80.31991576509301, 38.96951548440324], [-80.31934675660668, 38.96091948452059], [-80.31748675364531, 38.95864748275283], [-80.32204475210446, 38.955044487850614], [-80.32960675485538, 38.95459249586312], [-80.33574574945129, 38.946225503133014], [-80.34835374877635, 38.93990151717089], [-80.33847774166136, 38.93684750694326], [-80.3400877364451, 38.93065750927223], [-80.34403973514739, 38.92751851383006], [-80.34378373278396, 38.92515251379446], [-80.34783873314049, 38.923695518313274], [-80.34981573098189, 38.92053052077951], [-80.34805572560302, 38.91567351938566], [-80.35470472593185, 38.91299052688776], [-80.3555587217693, 38.90821452834175], [-80.36247672341099, 38.906772536047214], [-80.36079471748205, 38.90128753483881], [-80.36267071509783, 38.89790453728424], [-80.3677687141602, 38.894552543280334]]]}}, {"id": "53", "type": "Feature", "properties": {"county": "Mingo"}, "geometry": {"type": "Polygon", "coordinates": [[[-82.02204128978832, 37.67260686036809], [-82.02264729734284, 37.66815084626122], [-82.01510531241726, 37.668150842370146], [-82.0111423274904, 37.66484182935659], [-82.00668033582255, 37.66522082821624], [-82.00103035387335, 37.66246081583029], [-82.00278136885048, 37.65438678955265], [-81.99934537819273, 37.65230678133767], [-81.99885138640107, 37.648222767921645], [-82.00040439563267, 37.645270757162216], [-81.99505238648605, 37.64351075541044], [-81.99344438842985, 37.64060674713096], [-81.99174437874699, 37.642706755730195], [-81.99184436849094, 37.64740677135848], [-81.98734434878588, 37.65060678595423], [-81.99164435313521, 37.654006793601795], [-81.99184434403408, 37.65830680781491], [-81.98544432563153, 37.65890681502661], [-81.98404431251714, 37.66330683066723], [-81.9794442906248, 37.66810684996442], [-81.97394427648939, 37.66820685444471], [-81.97344427997872, 37.66580684707097], [-81.96914426740577, 37.66660685294505], [-81.96664426497512, 37.66450684816477], [-81.96444425391331, 37.66740685908026], [-81.95710923130015, 37.66966787172805], [-81.95544321790638, 37.67500688961439], [-81.95234321001999, 37.67520689244346], [-81.94482619800871, 37.67121888562421], [-81.93914317954997, 37.67410689851797], [-81.93834317255524, 37.6775069093285], [-81.92719113944446, 37.68230693121915], [-81.92334213389236, 37.679606925911465], [-81.9182421197744, 37.68130693430445], [-81.91344210997885, 37.68000693382519], [-81.91044210689488, 37.67630692537534], [-81.91254211675843, 37.67200691164311], [-81.91034211498516, 37.66860690361099], [-81.9075411079076, 37.6686069057193], [-81.90674111155427, 37.66310789085164], [-81.90054109747548, 37.660907889627396], [-81.89584108473365, 37.661307894489084], [-81.89204107366895, 37.662607901060376], [-81.88924106283858, 37.66710791544049], [-81.87484002441447, 37.670107934256905], [-81.87334001632992, 37.67790795568804], [-81.86884000452584, 37.68000796422455], [-81.86502399598304, 37.67890896401974], [-81.85586097764158, 37.667564942018466], [-81.85028396418907, 37.66436993839073], [-81.84630795378794, 37.66504594313527], [-81.83803893211042, 37.67210796638043], [-81.83433892294572, 37.6719079686123], [-81.82986091153259, 37.667159960812874], [-81.82972391103586, 37.664954955774554], [-81.82283789287384, 37.662507955512815], [-81.81660087492077, 37.656007945817784], [-81.81443786886776, 37.65530894605251], [-81.81223786333456, 37.65670895100344], [-81.80840785487901, 37.66175596527004], [-81.8029368399606, 37.660507966920186], [-81.7997368295283, 37.656508960912696], [-81.80243683034197, 37.64230892797767], [-81.79743681330334, 37.63750892233508], [-81.79553680433457, 37.63150891142138], [-81.79733680914738, 37.63020890688049], [-81.79733680761437, 37.627308900703376], [-81.80153681966786, 37.625108891715165], [-81.79933681044443, 37.620508884113036], [-81.80363682061524, 37.61220886157911], [-81.81133684455001, 37.607008841540804], [-81.81269184962936, 37.60851284334749], [-81.81193684877245, 37.61380885596261], [-81.81713786580407, 37.61310884869055], [-81.81923787231693, 37.61100884162184], [-81.81973787338373, 37.60810883448289], [-81.81303684866147, 37.6015088273529], [-81.81493685483507, 37.59990882154279], [-81.82603789368304, 37.599308807039414], [-81.83000990749173, 37.596909796731495], [-81.82793789928812, 37.58770877786206], [-81.83183791352155, 37.58450876545088], [-81.83263791637461, 37.57950875267624], [-81.83813793748422, 37.575208735221665], [-81.8371379337306, 37.572508730135425], [-81.83423792242729, 37.57120873098988], [-81.83463792400029, 37.56890872501071], [-81.84003794555855, 37.565908710394275], [-81.84623797014856, 37.5668087039434], [-81.85583900986506, 37.56180867813689], [-81.85783902046609, 37.55430865648892], [-81.85583901377164, 37.54900964619892], [-81.86113903711214, 37.54660963218321], [-81.86293904613152, 37.54330962107614], [-81.86573905825168, 37.54320961652213], [-81.86943907690888, 37.537809596906435], [-81.88293613589872, 37.53820957678935], [-81.88605015063352, 37.5367435679751], [-81.88938117205043, 37.528139539452965], [-81.89377019446543, 37.52513952410299], [-81.89910921946272, 37.524500513534086], [-81.90945026415488, 37.527004503531586], [-81.91176927743996, 37.5245144926525], [-81.91213628286376, 37.52113548242639], [-81.91719330978334, 37.51815846539392], [-81.92262834302232, 37.51191343800901], [-81.9270293646015, 37.51143642898785], [-81.92646335761627, 37.514704439565385], [-81.93374038519171, 37.51949044136546], [-81.93776141260439, 37.51357941682088], [-81.94425944385613, 37.513276404716024], [-81.94545244456494, 37.516402412210624], [-81.94350842866123, 37.520759428778966], [-81.9476134393789, 37.52590743769558], [-81.94385341403738, 37.53116045987128], [-81.94647542461425, 37.53190245791882], [-81.95418046551252, 37.52814343385361], [-81.95738947748501, 37.52960443319569], [-81.95752846775927, 37.535504451439444], [-81.96771851741408, 37.53309642760896], [-81.96895451798503, 37.53567243388029], [-81.96487248643027, 37.5429364634132], [-81.97009250164729, 37.54672346753948], [-81.9760455288417, 37.54582645561626], [-81.98173056088817, 37.542143434892864], [-81.98910659141895, 37.5427794256325], [-81.99414962466862, 37.53774440096161], [-81.99671463391935, 37.538615399874566], [-81.99645962555526, 37.541753410859364], [-81.99828962988188, 37.54329741325857], [-82.00058463735314, 37.542208407767916], [-82.00595263178607, 37.534572389832626], [-82.01080861422163, 37.53286439136823], [-82.01600658903997, 37.53395340271283], [-82.01743557197665, 37.53921842205148], [-82.01961755973468, 37.54064442985358], [-82.02611253753521, 37.537719429821266], [-82.02963852205495, 37.53784843538042], [-82.03701748233202, 37.542458460566664], [-82.03924146403868, 37.54779748034996], [-82.04298344810901, 37.548063486361585], [-82.04502344486946, 37.54472247893221], [-82.04199847453903, 37.534192442114964], [-82.04345947472954, 37.530030431462926], [-82.0461554659192, 37.52793942914845], [-82.04871745240486, 37.529274437133175], [-82.04852144667271, 37.53369445029064], [-82.0502994363103, 37.53543545821641], [-82.06483537075518, 37.53719548483286], [-82.06391036752366, 37.54312450086748], [-82.07517930690553, 37.55585255317278], [-82.08903225129454, 37.556107572284326], [-82.10402619302221, 37.552871583632204], [-82.10535518696497, 37.55426158908664], [-82.10196019838453, 37.55841959558504], [-82.10480818625098, 37.56019060398666], [-82.11799713482237, 37.55898661804038], [-82.12341411465299, 37.551529606458736], [-82.13208507929482, 37.55236562029273], [-82.13411107110268, 37.55362662609377], [-82.1353240663952, 37.557350636721814], [-82.1335260735985, 37.56034464162376], [-82.13442407017057, 37.56292764904482], [-82.14438403230656, 37.56631066972184], [-82.14491403058456, 37.56765467353959], [-82.1441780338586, 37.56996767806387], [-82.14176404309384, 37.571085677751206], [-82.12912109017329, 37.57213766493223], [-82.1262401006853, 37.5737376654137], [-82.12442210686211, 37.57735767226402], [-82.12734009547651, 37.586544698412695], [-82.13128808171933, 37.59270671784841], [-82.13988505327762, 37.59496673236468], [-82.14838202400348, 37.59071973139218], [-82.15685099626126, 37.592722745035914], [-82.1566830038483, 37.60896878159247], [-82.16581497520438, 37.60769278741583], [-82.16877496699745, 37.60907979325341], [-82.16961396705369, 37.61302680260041], [-82.16424598717639, 37.62028981371377], [-82.16897497474409, 37.621906821304634], [-82.17672594989864, 37.618151819952814], [-82.18119793989462, 37.621509830875844], [-82.18271593816243, 37.624369838099504], [-82.1816909434495, 37.627146843022274], [-82.17241197268758, 37.63263384726259], [-82.17763596555969, 37.64084886863038], [-82.17507497723322, 37.647831881662796], [-82.18580595262479, 37.64859489034216], [-82.19111593596698, 37.6445858857679], [-82.18669893751438, 37.63514186343333], [-82.18592893356313, 37.62890985008001], [-82.18722792817697, 37.626983847190154], [-82.19225491302275, 37.62565384861715], [-82.20088989207427, 37.627989860263355], [-82.20485387775746, 37.62523485819238], [-82.21449885134402, 37.62539986646926], [-82.21595284853444, 37.626208869151576], [-82.21459485405937, 37.62743487029674], [-82.22050284947703, 37.63476888828107], [-82.21684786923261, 37.64159789797889], [-82.22415485626279, 37.644712908675324], [-82.22615586512642, 37.652912924464346], [-82.23344185357763, 37.65568593375634], [-82.23606585504284, 37.659633942004966], [-82.24089384832753, 37.6615309479264], [-82.25190082047196, 37.65684694631261], [-82.25806782455179, 37.65688294857033], [-82.2713118465882, 37.66361696367206], [-82.28248587740045, 37.67592498617594], [-82.28450087719641, 37.67523598577189], [-82.28811886557507, 37.668107976192786], [-82.2945608738026, 37.67043298180831], [-82.29503188843148, 37.67805299332355], [-82.30431388992794, 37.67609299333897], [-82.30406789386657, 37.678306996519886], [-82.29592390419954, 37.686182005706364], [-82.30293992150489, 37.69361101873029], [-82.30195792694721, 37.696804023169584], [-82.29668893024623, 37.699859026275476], [-82.2963749344724, 37.70218502965303], [-82.3003449429525, 37.705816036064554], [-82.3076779500203, 37.708006041133935], [-82.3107969607928, 37.7132550495635], [-82.31142297046114, 37.71847405731383], [-82.31610497679627, 37.7210810621497], [-82.31885400009627, 37.733695080934076], [-82.32734400724122, 37.73641008645627], [-82.33417401992972, 37.742771096711905], [-82.32774502950124, 37.74921610474397], [-82.32129403018077, 37.751587106755565], [-82.31995103291766, 37.75855811506138], [-82.31126803237018, 37.761331117207696], [-82.31198603382957, 37.764320121000964], [-82.31682503528592, 37.765455123062985], [-82.32852003617869, 37.762118120627164], [-82.33338003812156, 37.764414124073184], [-82.3336050393188, 37.76715012738831], [-82.32305803962707, 37.772678132704954], [-82.32388604078113, 37.77499513562542], [-82.33746504332132, 37.77491413717639], [-82.3395480446243, 37.77709614002785], [-82.34008604827045, 37.785625150240826], [-82.34902605041677, 37.7869331527123], [-82.35505305408331, 37.79335416081721], [-82.36388905626957, 37.795002163529965], [-82.36903705960123, 37.80125917114834], [-82.3766410612346, 37.802207172826236], [-82.37998306521378, 37.8111881832043], [-82.38672506892341, 37.81822519148593], [-82.39662206702086, 37.808932181783405], [-82.40132206798472, 37.80951218273361], [-82.40220306936571, 37.81293718652935], [-82.39822707182752, 37.82137819555083], [-82.39934607496426, 37.82952320452856], [-82.40865707862538, 37.836069211926066], [-82.41293708229234, 37.84480122140838], [-82.41954608349312, 37.84579722253558], [-82.42059208434013, 37.84785522473007], [-82.41475708628927, 37.85550923289735], [-82.41005408328172, 37.848635225514386], [-82.40482008272193, 37.84891322579474], [-82.4005770799227, 37.84268121896267], [-82.39398707903149, 37.84260921879325], [-82.39113908032151, 37.847086223718], [-82.39221308114638, 37.84894222577982], [-82.39998808301303, 37.851383228480586], [-82.39892608427132, 37.8551912326558], [-82.40114808625265, 37.8599122378012], [-82.40058708719862, 37.86269424085168], [-82.40374308763037, 37.862894241011986], [-82.3063911124632, 37.943640343231], [-82.1906581258408, 37.97477841169635], [-82.19027012455507, 37.97111740670571], [-82.19716912133408, 37.96269639286457], [-82.19245612040743, 37.95961338998792], [-82.19000511902769, 37.95537838480386], [-82.18445011925068, 37.9551443861083], [-82.18110711804421, 37.950937381174114], [-82.18494411716507, 37.949081377462015], [-82.18727011588884, 37.94584937227008], [-82.18584711484695, 37.942479367951954], [-82.18244211503294, 37.942170368472176], [-82.17689011386754, 37.93705036280379], [-82.17539911431244, 37.93799436454626], [-82.17223811414732, 37.93648536328106], [-82.17165811289135, 37.93222235740267], [-82.17327511180999, 37.92932135286359], [-82.16985811105178, 37.9255213483849], [-82.16655911153548, 37.925762349592915], [-82.16347611125695, 37.92346934713527], [-82.16430610842401, 37.91409533357097], [-82.16368010802083, 37.91237233127296], [-82.16112810827303, 37.91185633117042], [-82.1598351072673, 37.90754032532462], [-82.14991910855352, 37.90608032563605], [-82.14952710807677, 37.9039543226702], [-82.14438510823378, 37.90088431946548], [-82.13441711019567, 37.9014993227158], [-82.13162411031986, 37.899702320756504], [-82.12786411124601, 37.90081032326065], [-82.12321211150352, 37.8977323198426], [-82.1201611110903, 37.89239231269989], [-82.12211010967744, 37.88706830443801], [-82.11911210995905, 37.88507930217516], [-82.11854210948434, 37.881789297456145], [-82.12105210847615, 37.87948129352167], [-82.12265010844864, 37.88128229582423], [-82.12763110701536, 37.87986229267353], [-82.12880910632492, 37.8778502894808], [-82.1263841063766, 37.87524028617338], [-82.12649710584374, 37.87273028247518], [-82.12425610619188, 37.87165028135427], [-82.12426110510148, 37.86609427320627], [-82.1212111055761, 37.86431927120618], [-82.1198741048036, 37.85821626249298], [-82.11717210545929, 37.857591262088285], [-82.11415210674767, 37.86006526631768], [-82.11233410719635, 37.859708266140736], [-82.1141601062567, 37.85722626212287], [-82.11281610595266, 37.85314825634926], [-82.13480209800547, 37.84664524280175], [-82.135385097172, 37.84371323843265], [-82.14023309554973, 37.84337723709338], [-82.14617609228577, 37.83786222809175], [-82.14425009235418, 37.83551322502365], [-82.13912609368451, 37.83378022336606], [-82.13877509284787, 37.82962721739814], [-82.13363909391768, 37.82625121330763], [-82.13533309222173, 37.82136120592801], [-82.13225909228552, 37.81634819908737], [-82.13472509081572, 37.81397019526462], [-82.13345509053113, 37.81039619024199], [-82.12891309244472, 37.81092519165346], [-82.12654309312086, 37.80962319008187], [-82.1248540940337, 37.810833192091394], [-82.12287809364203, 37.80474018342674], [-82.11930709532568, 37.80592018564374], [-82.1134370969875, 37.801626180095376], [-82.10581910009753, 37.80114218037628], [-82.10206710119935, 37.79786417598329], [-82.10156010094768, 37.79457617114757], [-82.10543309891962, 37.792300167285305], [-82.10708109763115, 37.78867516170387], [-82.09989010062255, 37.786983160024704], [-82.10265209898517, 37.78431015572428], [-82.10035309976112, 37.78231015300073], [-82.10387009773802, 37.779654148659006], [-82.10098509877047, 37.77736214555341], [-82.10413109633453, 37.771025135794055], [-82.10036109761397, 37.766947130084105], [-82.10518909495639, 37.76533112722521], [-82.11099609218061, 37.76623912803001], [-82.11202409101699, 37.762361122196886], [-82.10934909189116, 37.75930011790021], [-82.11038909103904, 37.7573801149667], [-82.1123920899927, 37.757382114800464], [-82.1118230895194, 37.75275710800587], [-82.11580108727841, 37.75208210669347], [-82.11704008689902, 37.74760609742657], [-82.11004109121679, 37.74700509627994], [-82.10836409100077, 37.749830103748224], [-82.10562809248313, 37.750512105162706], [-82.10251909642463, 37.745608092986835], [-82.09943709760948, 37.74683409640544], [-82.0972651013709, 37.74289808592899], [-82.09383110278581, 37.744169089468016], [-82.09116910594086, 37.74220908419816], [-82.0901601088883, 37.739205075979235], [-82.09291610779562, 37.737890072402806], [-82.09402610911887, 37.73473006383623], [-82.0856991181073, 37.73205705613621], [-82.08522212042767, 37.72978604980074], [-82.08570512236645, 37.72693504192272], [-82.09198911956034, 37.72253503048027], [-82.08564012681771, 37.72167002730373], [-82.08828812727315, 37.717573016351075], [-82.08383913543553, 37.713890005377394], [-82.08594813856796, 37.70709398691979], [-82.08075114641841, 37.705931982437534], [-82.08266214523348, 37.70441197864917], [-82.08264814777779, 37.70156497068204], [-82.0772401564442, 37.70046896609161], [-82.06433916866816, 37.70552197725832], [-82.05693317816815, 37.705796976261645], [-82.05579718063514, 37.70509497388509], [-82.05778918015722, 37.703446969473625], [-82.05567618567193, 37.7015309631899], [-82.05082619397682, 37.70050195874442], [-82.0467541959388, 37.70300996526444], [-82.04125420582365, 37.701588959414295], [-82.0379442246121, 37.69318793228974], [-82.03421823033203, 37.69322493115929], [-82.03178924739812, 37.685810906878785], [-82.02696225726525, 37.684885902045274], [-82.02401426732662, 37.68227289246324], [-82.02455327808092, 37.676188873109176], [-82.02246828172227, 37.676304872529826], [-82.02204128978832, 37.67260686036809]]]}}, {"id": "54", "type": "Feature", "properties": {"county": "Wayne"}, "geometry": {"type": "Polygon", "coordinates": [[[-82.30871819916182, 38.281061641001834], [-82.30882819837326, 38.27663063869621], [-82.31134219785584, 38.2752696370863], [-82.31054219745323, 38.2724546359381], [-82.31340619638398, 38.26810963267669], [-82.31028819654694, 38.267105633295834], [-82.31101619609585, 38.26497063194009], [-82.30890019615552, 38.26401363221892], [-82.31148919454988, 38.25638962738207], [-82.30880119447555, 38.25436262732022], [-82.30758719385082, 38.25008762557412], [-82.30330719401549, 38.24886562611279], [-82.30008119357895, 38.245513624417754], [-82.29938819238653, 38.23998961994924], [-82.29026219181145, 38.233644617760746], [-82.28747719236833, 38.23488861981657], [-82.28258019182414, 38.23056661782538], [-82.2779291923765, 38.23104061987462], [-82.27538719191442, 38.22808461821088], [-82.27145819259692, 38.2293986207315], [-82.27144319304814, 38.231277622367976], [-82.26978019332311, 38.23176562337876], [-82.2648491931711, 38.22919962288363], [-82.26683619107632, 38.22128961529952], [-82.2700161899956, 38.21799161132808], [-82.26818918992147, 38.217002611100305], [-82.26641118853895, 38.21061660615493], [-82.27782418637568, 38.20566759796616], [-82.27821918552542, 38.202217594848605], [-82.27514718519384, 38.199745593746236], [-82.27725318436337, 38.1969765906408], [-82.27184518225715, 38.186330583215835], [-82.2750741811458, 38.18270957901262], [-82.2713131804158, 38.17846857656586], [-82.27748917887854, 38.173917570613646], [-82.27586517836309, 38.171253568833095], [-82.27167117822448, 38.169422568597064], [-82.27509417701917, 38.165374563988976], [-82.27468217647377, 38.16296456203246], [-82.27889517557288, 38.160369558447506], [-82.27805517490276, 38.15730155606075], [-82.27998317364822, 38.15252555132649], [-82.28395717344976, 38.152765550288414], [-82.28626117242143, 38.148996546322465], [-82.28462017217535, 38.14750654554999], [-82.28544017133679, 38.14413954239589], [-82.28249717087336, 38.14140654094805], [-82.27498817122371, 38.140993542900645], [-82.27127917086358, 38.13856654193395], [-82.26437417092485, 38.13714754281175], [-82.26463917001726, 38.133461539518294], [-82.26105517054624, 38.13480054177614], [-82.25775517044266, 38.1336065417358], [-82.25688316999508, 38.13157854022531], [-82.25971016934882, 38.12957753762055], [-82.25825816893341, 38.12755153628645], [-82.26218316792719, 38.12428853225825], [-82.26162916744752, 38.12219553059665], [-82.26674816647962, 38.11929152654314], [-82.26591816609302, 38.117515525242595], [-82.26857516537176, 38.11507352233349], [-82.26202916386659, 38.10754951769371], [-82.2582271636981, 38.10613751756371], [-82.25671916319398, 38.103798515953166], [-82.25422916343535, 38.10432351713258], [-82.25296616264265, 38.100877514474135], [-82.24627916302092, 38.10214851778871], [-82.24086816168604, 38.0972125153978], [-82.23858816046044, 38.092516512081886], [-82.23938615912522, 38.08713450705331], [-82.23775915891734, 38.086456507039095], [-82.2395391578653, 38.08210450256712], [-82.2355081573079, 38.080287502406115], [-82.23535415626363, 38.076167498828035], [-82.22790315608604, 38.0762425015494], [-82.22941915530514, 38.07301649816059], [-82.22783015420931, 38.06888949508034], [-82.22328015453802, 38.07068149827963], [-82.20579415301958, 38.0667685010178], [-82.20526515266145, 38.0654625000458], [-82.20798415209335, 38.06297849687868], [-82.20689415081026, 38.05820449302725], [-82.21181015070825, 38.057203490405705], [-82.20781014881365, 38.05045548582823], [-82.20519514845448, 38.04943248583836], [-82.20028114858457, 38.050578488581756], [-82.1976361479974, 38.048707487846755], [-82.19259914846424, 38.05112749176869], [-82.19231414717176, 38.0463144875832], [-82.19831914631308, 38.0422494818645], [-82.198624145286, 38.038322478266146], [-82.2022361448652, 38.03619347511487], [-82.20229814355558, 38.031209470665345], [-82.20642114315883, 38.029049467315986], [-82.20386514162215, 38.0236064633687], [-82.2105361410826, 38.02042345823903], [-82.21751514129774, 38.0200544555032], [-82.23493213796802, 38.00380143515865], [-82.24354513765499, 38.00082942959823], [-82.2470141351904, 37.994993420993424], [-82.27433612489774, 37.97296138590214], [-82.29091511707047, 37.955190360153935], [-82.40374308763037, 37.862894241011986], [-82.40058708719862, 37.86269424085168], [-82.40114808625265, 37.8599122378012], [-82.39892608427132, 37.8551912326558], [-82.39998808301303, 37.851383228480586], [-82.39221308114638, 37.84894222577982], [-82.39113908032151, 37.847086223718], [-82.39398707903149, 37.84260921879325], [-82.4005770799227, 37.84268121896267], [-82.40482008272193, 37.84891322579474], [-82.41005408328172, 37.848635225514386], [-82.41354308497829, 37.852202229356756], [-82.4149070865875, 37.85630723375095], [-82.42448808935143, 37.86103023866005], [-82.42268109011736, 37.86385924168287], [-82.40970808925071, 37.865542243759315], [-82.40751308963347, 37.86729724570937], [-82.41756009177868, 37.87027924863393], [-82.42048409734564, 37.88544626465392], [-82.4320320999251, 37.88987626864932], [-82.43756510371213, 37.89978627856516], [-82.44733110582828, 37.90385728196088], [-82.451896107685, 37.90855128632959], [-82.45999410859511, 37.909536286575594], [-82.46299111045195, 37.91482029155231], [-82.46796511052243, 37.91392729016829], [-82.46838210728151, 37.90320727955826], [-82.47139010627279, 37.8990862752666], [-82.47440710678246, 37.89995527588538], [-82.47643310777394, 37.90272527842375], [-82.4742401089917, 37.9073652831345], [-82.47557411043053, 37.911843287378865], [-82.47928911154132, 37.914701289788745], [-82.4883461130373, 37.91772429175871], [-82.48771411364929, 37.919992293991726], [-82.48076211457057, 37.924646299248565], [-82.48065711501268, 37.92616930073255], [-82.4959411161385, 37.92695429965028], [-82.502434117745, 37.93345330454745], [-82.49995411911465, 37.93682130839879], [-82.49134011837617, 37.93574330854814], [-82.48927711898115, 37.938217311182235], [-82.49696912042306, 37.942020313694194], [-82.49722012161823, 37.94624531762936], [-82.48555912100215, 37.94580631897097], [-82.47177512432658, 37.95873933372496], [-82.47221712487682, 37.96051733539138], [-82.48445912613047, 37.9635783362026], [-82.484431128268, 37.970921343259285], [-82.48122412883417, 37.97307234594654], [-82.46885112865003, 37.97323034850034], [-82.46455712986841, 37.977441353510784], [-82.46456613185265, 37.983876359892086], [-82.47219013277993, 37.9867103610601], [-82.48359413202327, 37.98384435584617], [-82.48607213379186, 37.98986636109078], [-82.48605813546715, 37.99564736663056], [-82.48865513640422, 37.99891236914745], [-82.4998601363605, 37.99889636650003], [-82.50842413524627, 38.00150736625759], [-82.5136361337517, 37.99909536280438], [-82.51919313308456, 38.001131362934935], [-82.51554713462471, 38.006607368087735], [-82.51975513407149, 38.00837536823092], [-82.52506913442095, 38.017503373602764], [-82.52631813561617, 38.02697138037801], [-82.53192113488463, 38.0292923805412], [-82.53871813480812, 38.03740038472184], [-82.53709913622718, 38.044651390637476], [-82.54415513608586, 38.052592394616504], [-82.54484313694716, 38.059076399301134], [-82.54950013669435, 38.06323440111064], [-82.55036113758526, 38.07010640603744], [-82.55963213623107, 38.07278140542173], [-82.56598913629179, 38.08099740979917], [-82.57385313494237, 38.08191940826181], [-82.58335713440422, 38.0900324116655], [-82.58554613476136, 38.09497341475892], [-82.58534213661979, 38.10663442358376], [-82.58700613662408, 38.10866442463712], [-82.592412135883, 38.11041642441794], [-82.59869113569032, 38.11669542735271], [-82.60616113493587, 38.12078542830243], [-82.61922813245397, 38.12054042440252], [-82.62090213249732, 38.122787425614405], [-82.62183513398962, 38.13329143323932], [-82.63698913203672, 38.13871843300174], [-82.63862813448144, 38.155915445447825], [-82.6445391348871, 38.16524945077086], [-82.642952135851, 38.16944645437448], [-82.63721613721417, 38.17139045747033], [-82.61936514008919, 38.16887746067488], [-82.61252614161859, 38.17061246392908], [-82.59913714825088, 38.19720548773489], [-82.59848515162045, 38.21791350348497], [-82.6086151506775, 38.223499504784144], [-82.61238915171049, 38.23432951184101], [-82.60867215389578, 38.24396852014827], [-82.60462515519858, 38.247662524083914], [-82.59450915666031, 38.2455035253606], [-82.58405915863979, 38.24626252892608], [-82.58113115958245, 38.24896753179911], [-82.57451816242639, 38.26450554174496], [-82.57409816355448, 38.27463554694493], [-82.57878616347082, 38.28194454926673], [-82.57950116427894, 38.2909875535966], [-82.58303516424255, 38.29680755550278], [-82.57900516579764, 38.304779560654865], [-82.57192316797439, 38.313347566979566], [-82.57175616840539, 38.31719556895689], [-82.575395168343, 38.32298057081567], [-82.57672016867538, 38.328515573211796], [-82.58458816777421, 38.33373357357581], [-82.58916116760763, 38.34026057553992], [-82.59550716666978, 38.3424895748412], [-82.59812116654143, 38.34593357582026], [-82.59759416858162, 38.36491258548992], [-82.5927571705722, 38.37556059221428], [-82.59346517092483, 38.380279594378415], [-82.59950317078962, 38.389967597510065], [-82.59873317132192, 38.3937625996337], [-82.59455417256729, 38.39826960308941], [-82.5970571733483, 38.410481608498365], [-82.59597217431113, 38.4178806125195], [-82.5934801751866, 38.421821615208536], [-82.59348217481984, 38.41825261341802], [-82.58337817587368, 38.40997061215367], [-82.57342517730403, 38.40568961285314], [-82.5665681784852, 38.4046456142906], [-82.53823418375448, 38.404081622110816], [-82.50828019015836, 38.41119863424379], [-82.3439111991215, 38.30520964049771], [-82.32941620225455, 38.31338664996277], [-82.32838620267917, 38.31514865123843], [-82.33031620393008, 38.32404365507052], [-82.3222602050654, 38.32465965833491], [-82.3213422056924, 38.32764166019381], [-82.31731520597754, 38.32627766097235], [-82.31472120659383, 38.32790966275645], [-82.31441120723238, 38.33136466463557], [-82.31170120757312, 38.33129166559163], [-82.31027920737762, 38.329110664997884], [-82.29866720876372, 38.328442668911094], [-82.29783220861782, 38.32702366849066], [-82.29977220806175, 38.32530766690175], [-82.29667420788495, 38.32210566639707], [-82.29187520817884, 38.320356667257975], [-82.28806020900507, 38.322238669618535], [-82.28624020904401, 38.32118566974512], [-82.28596620868953, 38.31905966875578], [-82.28882020812823, 38.31795466714531], [-82.28895220739435, 38.31401466507829], [-82.28715320741833, 38.31292066517543], [-82.28352020810547, 38.31420666716286], [-82.28209020767561, 38.31091066599576], [-82.27856920811769, 38.31095266730413], [-82.27834320763053, 38.30817966596437], [-82.27570020746984, 38.305585665599004], [-82.27634920705339, 38.30377466443288], [-82.2825532058554, 38.30134266092096], [-82.29263220515043, 38.30413465867251], [-82.29575320455577, 38.3029266569145], [-82.29715420383113, 38.29982565481557], [-82.30265220304841, 38.29911665244671], [-82.30560820201073, 38.295229649380126], [-82.30259020101161, 38.28758864657116], [-82.30669620025537, 38.28597964425277], [-82.30690519966136, 38.282737642518676], [-82.30871819916182, 38.281061641001834]]]}}]}